$ GLIBC_TUNABLES=glibc.malloc.hugetlb=0 PW_BENCHMARK_MEMORY=default chrt -f 88 taskset -c 14 /home/dgamroth/workspaces/codex/pipewire/pipewireao-spa-plugins-profiling/build-profile/spa/plugins/calculon/spa-calculon-full-system-test /home/dgamroth/workspaces/codex/pipewire/pipewireao-spa-plugins-profiling/build-profile-scalar/spa/plugins/calculon/libspa-calculon.so /home/dgamroth/workspaces/codex/pipewire/pipewireao-spa-plugins-profiling/build-profile/spa/plugins/alpao/libspa-alpao-mock.so mock 2000 468  512 512 8 8
$ perf stat --no-big-num -x ; --output /home/dgamroth/workspaces/codex/pipewire/pipewireao-spa-plugins-profiling/docs/benchmark-data/calculon-system-memory-pmu-2026-08-25-record/stat-scalar-base-default-l1d-rep1.csv --delay=-1 --control=fd:4,9 -e {cycles:u,instructions:u,L1-dcache-loads:u,L1-dcache-load-misses:u} -t 1285960
benchmark-stdout:
workload: detector=512x512 region=8x8 regions=4096 slopes=8192 actuators=468 matrix-bytes=15335424 memory=default warmup=256
first-cycle: algorithms=3437286 ns sink=1262 ns minor-faults=1 major-faults=0
pixel+controller+normalizer SPA callbacks: n=2000 mean=3162394.1 ns p50=3152893 ns p90=3235848 ns p99=3394025 ns p99.9=3744953 ns max=3768327 ns
scheduled submit+ALPAO sink+ASDK: n=2000 mean=543.7 ns p50=481 ns p90=722 ns p99=1263 ns p99.9=2034 ns max=6282 ns
raw detector frame to ALPAO completion: n=2000 mean=3162937.8 ns p50=3153494 ns p90=3236340 ns p99=3395107 ns p99.9=3745765 ns max=3769128 ns
benchmark-stderr:
perf-stdout:
perf-stderr:
Events disabled
Events enabled
Events disabled


$ GLIBC_TUNABLES=glibc.malloc.hugetlb=0 PW_BENCHMARK_MEMORY=locked chrt -f 88 taskset -c 14 /home/dgamroth/workspaces/codex/pipewire/pipewireao-spa-plugins-profiling/build-profile/spa/plugins/calculon/spa-calculon-full-system-test /home/dgamroth/workspaces/codex/pipewire/pipewireao-spa-plugins-profiling/build-profile/spa/plugins/calculon/libspa-calculon.so /home/dgamroth/workspaces/codex/pipewire/pipewireao-spa-plugins-profiling/build-profile/spa/plugins/alpao/libspa-alpao-mock.so mock 2000 468  512 512 8 8
$ perf stat --no-big-num -x ; --output /home/dgamroth/workspaces/codex/pipewire/pipewireao-spa-plugins-profiling/docs/benchmark-data/calculon-system-memory-pmu-2026-08-25-record/stat-oxiblas-base-locked-faults-rep1.csv --delay=-1 --control=fd:4,9 -e {page-faults,minor-faults,major-faults,context-switches,cpu-migrations} -t 1286102
benchmark-stdout:
workload: detector=512x512 region=8x8 regions=4096 slopes=8192 actuators=468 matrix-bytes=15335424 memory=locked warmup=256
first-cycle: algorithms=1389356 ns sink=1132 ns minor-faults=0 major-faults=0
pixel+controller+normalizer SPA callbacks: n=2000 mean=1116698.3 ns p50=1095896 ns p90=1191554 ns p99=1413671 ns p99.9=1815916 ns max=1997697 ns
scheduled submit+ALPAO sink+ASDK: n=2000 mean=595.6 ns p50=561 ns p90=752 ns p99=1082 ns p99.9=1653 ns max=8416 ns
raw detector frame to ALPAO completion: n=2000 mean=1117293.9 ns p50=1096396 ns p90=1192186 ns p99=1415324 ns p99.9=1816978 ns max=1998578 ns
benchmark-stderr:
perf-stdout:
perf-stderr:
Events disabled
Events enabled
Events disabled


$ GLIBC_TUNABLES=glibc.malloc.hugetlb=2 PW_BENCHMARK_MEMORY=prefault chrt -f 88 taskset -c 14 /home/dgamroth/workspaces/codex/pipewire/pipewireao-spa-plugins-profiling/build-profile/spa/plugins/calculon/spa-calculon-full-system-test /home/dgamroth/workspaces/codex/pipewire/pipewireao-spa-plugins-profiling/build-profile/spa/plugins/calculon/libspa-calculon.so /home/dgamroth/workspaces/codex/pipewire/pipewireao-spa-plugins-profiling/build-profile/spa/plugins/alpao/libspa-alpao-mock.so mock 2000 468  512 512 8 8
$ perf stat --no-big-num -x ; --output /home/dgamroth/workspaces/codex/pipewire/pipewireao-spa-plugins-profiling/docs/benchmark-data/calculon-system-memory-pmu-2026-08-25-record/stat-oxiblas-hugetlb-prefault-l2-rep1.csv --delay=-1 --control=fd:4,9 -e {cycles:u,instructions:u,l2_request_g1.all_no_prefetch:u,l2_cache_req_stat.ic_dc_miss_in_l2:u} -t 1286161
benchmark-stdout:
workload: detector=512x512 region=8x8 regions=4096 slopes=8192 actuators=468 matrix-bytes=15335424 memory=prefault warmup=256
first-cycle: algorithms=1304276 ns sink=691 ns minor-faults=0 major-faults=0
pixel+controller+normalizer SPA callbacks: n=2000 mean=1096187.6 ns p50=1083381 ns p90=1147302 ns p99=1276544 ns p99.9=1497057 ns max=1644655 ns
scheduled submit+ALPAO sink+ASDK: n=2000 mean=499.7 ns p50=470 ns p90=571 ns p99=942 ns p99.9=1112 ns max=1222 ns
raw detector frame to ALPAO completion: n=2000 mean=1096687.4 ns p50=1083843 ns p90=1147933 ns p99=1276995 ns p99.9=1497959 ns max=1645877 ns
benchmark-stderr:
perf-stdout:
perf-stderr:
Events disabled
Events enabled
Events disabled


$ GLIBC_TUNABLES=glibc.malloc.hugetlb=2 PW_BENCHMARK_MEMORY=prefault chrt -f 88 taskset -c 14 /home/dgamroth/workspaces/codex/pipewire/pipewireao-spa-plugins-profiling/build-profile/spa/plugins/calculon/spa-calculon-full-system-test /home/dgamroth/workspaces/codex/pipewire/pipewireao-spa-plugins-profiling/build-profile-scalar/spa/plugins/calculon/libspa-calculon.so /home/dgamroth/workspaces/codex/pipewire/pipewireao-spa-plugins-profiling/build-profile/spa/plugins/alpao/libspa-alpao-mock.so mock 2000 468  512 512 8 8
$ perf stat --no-big-num -x ; --output /home/dgamroth/workspaces/codex/pipewire/pipewireao-spa-plugins-profiling/docs/benchmark-data/calculon-system-memory-pmu-2026-08-25-record/stat-scalar-hugetlb-prefault-core-rep1.csv --delay=-1 --control=fd:4,9 -e {cycles:u,instructions:u,branches:u,branch-misses:u} -t 1286211
benchmark-stdout:
workload: detector=512x512 region=8x8 regions=4096 slopes=8192 actuators=468 matrix-bytes=15335424 memory=prefault warmup=256
first-cycle: algorithms=3258050 ns sink=701 ns minor-faults=0 major-faults=0
pixel+controller+normalizer SPA callbacks: n=2000 mean=3197497.4 ns p50=3190824 ns p90=3263651 ns p99=3394837 ns p99.9=3539828 ns max=3571839 ns
scheduled submit+ALPAO sink+ASDK: n=2000 mean=478.8 ns p50=441 ns p90=601 ns p99=931 ns p99.9=1222 ns max=1944 ns
raw detector frame to ALPAO completion: n=2000 mean=3197976.1 ns p50=3191275 ns p90=3264122 ns p99=3395618 ns p99.9=3540710 ns max=3572380 ns
benchmark-stderr:
perf-stdout:
perf-stderr:
Events disabled
Events enabled
Events disabled


$ GLIBC_TUNABLES=glibc.malloc.hugetlb=1 PW_BENCHMARK_MEMORY=locked chrt -f 88 taskset -c 14 /home/dgamroth/workspaces/codex/pipewire/pipewireao-spa-plugins-profiling/build-profile/spa/plugins/calculon/spa-calculon-full-system-test /home/dgamroth/workspaces/codex/pipewire/pipewireao-spa-plugins-profiling/build-profile-scalar/spa/plugins/calculon/libspa-calculon.so /home/dgamroth/workspaces/codex/pipewire/pipewireao-spa-plugins-profiling/build-profile/spa/plugins/alpao/libspa-alpao-mock.so mock 2000 468  512 512 8 8
$ perf stat --no-big-num -x ; --output /home/dgamroth/workspaces/codex/pipewire/pipewireao-spa-plugins-profiling/docs/benchmark-data/calculon-system-memory-pmu-2026-08-25-record/stat-scalar-thp-locked-core-rep1.csv --delay=-1 --control=fd:4,9 -e {cycles:u,instructions:u,branches:u,branch-misses:u} -t 1286319
benchmark-stdout:
workload: detector=512x512 region=8x8 regions=4096 slopes=8192 actuators=468 matrix-bytes=15335424 memory=locked warmup=256
first-cycle: algorithms=3161188 ns sink=671 ns minor-faults=0 major-faults=0
pixel+controller+normalizer SPA callbacks: n=2000 mean=3169411.2 ns p50=3160948 ns p90=3242711 ns p99=3397602 ns p99.9=3614348 ns max=3689159 ns
scheduled submit+ALPAO sink+ASDK: n=2000 mean=571.6 ns p50=531 ns p90=812 ns p99=1202 ns p99.9=1723 ns max=1793 ns
raw detector frame to ALPAO completion: n=2000 mean=3169982.8 ns p50=3161489 ns p90=3243443 ns p99=3398363 ns p99.9=3614829 ns max=3690161 ns
benchmark-stderr:
perf-stdout:
perf-stderr:
Events disabled
Events enabled
Events disabled


$ GLIBC_TUNABLES=glibc.malloc.hugetlb=1 PW_BENCHMARK_MEMORY=prefault chrt -f 88 taskset -c 14 /home/dgamroth/workspaces/codex/pipewire/pipewireao-spa-plugins-profiling/build-profile/spa/plugins/calculon/spa-calculon-full-system-test /home/dgamroth/workspaces/codex/pipewire/pipewireao-spa-plugins-profiling/build-profile-scalar/spa/plugins/calculon/libspa-calculon.so /home/dgamroth/workspaces/codex/pipewire/pipewireao-spa-plugins-profiling/build-profile/spa/plugins/alpao/libspa-alpao-mock.so mock 2000 468  512 512 8 8
$ perf stat --no-big-num -x ; --output /home/dgamroth/workspaces/codex/pipewire/pipewireao-spa-plugins-profiling/docs/benchmark-data/calculon-system-memory-pmu-2026-08-25-record/stat-scalar-thp-prefault-core-rep1.csv --delay=-1 --control=fd:4,9 -e {cycles:u,instructions:u,branches:u,branch-misses:u} -t 1286467
benchmark-stdout:
workload: detector=512x512 region=8x8 regions=4096 slopes=8192 actuators=468 matrix-bytes=15335424 memory=prefault warmup=256
first-cycle: algorithms=3218035 ns sink=1683 ns minor-faults=0 major-faults=0
pixel+controller+normalizer SPA callbacks: n=2000 mean=3178243.6 ns p50=3170396 ns p90=3256828 ns p99=3369990 ns p99.9=3577800 ns max=4302970 ns
scheduled submit+ALPAO sink+ASDK: n=2000 mean=639.6 ns p50=611 ns p90=872 ns p99=1263 ns p99.9=1603 ns max=1793 ns
raw detector frame to ALPAO completion: n=2000 mean=3178883.1 ns p50=3171157 ns p90=3257439 ns p99=3371002 ns p99.9=3578671 ns max=4303851 ns
benchmark-stderr:
perf-stdout:
perf-stderr:
Events disabled
Events enabled
Events disabled


$ GLIBC_TUNABLES=glibc.malloc.hugetlb=0 PW_BENCHMARK_MEMORY=locked chrt -f 88 taskset -c 14 /home/dgamroth/workspaces/codex/pipewire/pipewireao-spa-plugins-profiling/build-profile/spa/plugins/calculon/spa-calculon-full-system-test /home/dgamroth/workspaces/codex/pipewire/pipewireao-spa-plugins-profiling/build-profile-scalar/spa/plugins/calculon/libspa-calculon.so /home/dgamroth/workspaces/codex/pipewire/pipewireao-spa-plugins-profiling/build-profile/spa/plugins/alpao/libspa-alpao-mock.so mock 2000 468  512 512 8 8
$ perf stat --no-big-num -x ; --output /home/dgamroth/workspaces/codex/pipewire/pipewireao-spa-plugins-profiling/docs/benchmark-data/calculon-system-memory-pmu-2026-08-25-record/stat-scalar-base-locked-core-rep1.csv --delay=-1 --control=fd:4,9 -e {cycles:u,instructions:u,branches:u,branch-misses:u} -t 1286608
benchmark-stdout:
workload: detector=512x512 region=8x8 regions=4096 slopes=8192 actuators=468 matrix-bytes=15335424 memory=locked warmup=256
first-cycle: algorithms=3150719 ns sink=761 ns minor-faults=0 major-faults=0
pixel+controller+normalizer SPA callbacks: n=2000 mean=3171451.4 ns p50=3164886 ns p90=3239966 ns p99=3418200 ns p99.9=3554386 ns max=3599250 ns
scheduled submit+ALPAO sink+ASDK: n=2000 mean=536.0 ns p50=481 ns p90=761 ns p99=1163 ns p99.9=1583 ns max=1844 ns
raw detector frame to ALPAO completion: n=2000 mean=3171987.4 ns p50=3165307 ns p90=3240547 ns p99=3419413 ns p99.9=3555968 ns max=3600142 ns
benchmark-stderr:
perf-stdout:
perf-stderr:
Events disabled
Events enabled
Events disabled


$ GLIBC_TUNABLES=glibc.malloc.hugetlb=0 PW_BENCHMARK_MEMORY=locked chrt -f 88 taskset -c 14 /home/dgamroth/workspaces/codex/pipewire/pipewireao-spa-plugins-profiling/build-profile/spa/plugins/calculon/spa-calculon-full-system-test /home/dgamroth/workspaces/codex/pipewire/pipewireao-spa-plugins-profiling/build-profile/spa/plugins/calculon/libspa-calculon.so /home/dgamroth/workspaces/codex/pipewire/pipewireao-spa-plugins-profiling/build-profile/spa/plugins/alpao/libspa-alpao-mock.so mock 2000 468  512 512 8 8
$ perf stat --no-big-num -x ; --output /home/dgamroth/workspaces/codex/pipewire/pipewireao-spa-plugins-profiling/docs/benchmark-data/calculon-system-memory-pmu-2026-08-25-record/stat-oxiblas-base-locked-l2-rep1.csv --delay=-1 --control=fd:4,9 -e {cycles:u,instructions:u,l2_request_g1.all_no_prefetch:u,l2_cache_req_stat.ic_dc_miss_in_l2:u} -t 1286724
benchmark-stdout:
workload: detector=512x512 region=8x8 regions=4096 slopes=8192 actuators=468 matrix-bytes=15335424 memory=locked warmup=256
first-cycle: algorithms=1278838 ns sink=811 ns minor-faults=0 major-faults=0
pixel+controller+normalizer SPA callbacks: n=2000 mean=1095392.9 ns p50=1083943 ns p90=1150848 ns p99=1259121 ns p99.9=1344612 ns max=1987237 ns
scheduled submit+ALPAO sink+ASDK: n=2000 mean=546.9 ns p50=521 ns p90=711 ns p99=1052 ns p99.9=1413 ns max=2014 ns
raw detector frame to ALPAO completion: n=2000 mean=1095939.8 ns p50=1084383 ns p90=1151330 ns p99=1259672 ns p99.9=1345624 ns max=1988640 ns
benchmark-stderr:
perf-stdout:
perf-stderr:
Events disabled
Events enabled
Events disabled


$ GLIBC_TUNABLES=glibc.malloc.hugetlb=0 PW_BENCHMARK_MEMORY=default chrt -f 88 taskset -c 14 /home/dgamroth/workspaces/codex/pipewire/pipewireao-spa-plugins-profiling/build-profile/spa/plugins/calculon/spa-calculon-full-system-test /home/dgamroth/workspaces/codex/pipewire/pipewireao-spa-plugins-profiling/build-profile-scalar/spa/plugins/calculon/libspa-calculon.so /home/dgamroth/workspaces/codex/pipewire/pipewireao-spa-plugins-profiling/build-profile/spa/plugins/alpao/libspa-alpao-mock.so mock 2000 468  512 512 8 8
$ perf stat --no-big-num -x ; --output /home/dgamroth/workspaces/codex/pipewire/pipewireao-spa-plugins-profiling/docs/benchmark-data/calculon-system-memory-pmu-2026-08-25-record/stat-scalar-base-default-core-rep1.csv --delay=-1 --control=fd:4,9 -e {cycles:u,instructions:u,branches:u,branch-misses:u} -t 1286781
benchmark-stdout:
workload: detector=512x512 region=8x8 regions=4096 slopes=8192 actuators=468 matrix-bytes=15335424 memory=default warmup=256
first-cycle: algorithms=3254443 ns sink=1292 ns minor-faults=1 major-faults=0
pixel+controller+normalizer SPA callbacks: n=2000 mean=3180045.7 ns p50=3175816 ns p90=3249785 ns p99=3363729 ns p99.9=3510504 ns max=4045557 ns
scheduled submit+ALPAO sink+ASDK: n=2000 mean=537.6 ns p50=481 ns p90=742 ns p99=1152 ns p99.9=1593 ns max=2174 ns
raw detector frame to ALPAO completion: n=2000 mean=3180583.3 ns p50=3176287 ns p90=3250336 ns p99=3364400 ns p99.9=3511556 ns max=4047240 ns
benchmark-stderr:
perf-stdout:
perf-stderr:
Events disabled
Events enabled
Events disabled


$ GLIBC_TUNABLES=glibc.malloc.hugetlb=0 PW_BENCHMARK_MEMORY=prefault chrt -f 88 taskset -c 14 /home/dgamroth/workspaces/codex/pipewire/pipewireao-spa-plugins-profiling/build-profile/spa/plugins/calculon/spa-calculon-full-system-test /home/dgamroth/workspaces/codex/pipewire/pipewireao-spa-plugins-profiling/build-profile-scalar/spa/plugins/calculon/libspa-calculon.so /home/dgamroth/workspaces/codex/pipewire/pipewireao-spa-plugins-profiling/build-profile/spa/plugins/alpao/libspa-alpao-mock.so mock 2000 468  512 512 8 8
$ perf stat --no-big-num -x ; --output /home/dgamroth/workspaces/codex/pipewire/pipewireao-spa-plugins-profiling/docs/benchmark-data/calculon-system-memory-pmu-2026-08-25-record/stat-scalar-base-prefault-dtlb-rep1.csv --delay=-1 --control=fd:4,9 -e {cycles:u,instructions:u,l1_dtlb_misses:u,l2_dtlb_misses:u} -t 1286902
benchmark-stdout:
workload: detector=512x512 region=8x8 regions=4096 slopes=8192 actuators=468 matrix-bytes=15335424 memory=prefault warmup=256
first-cycle: algorithms=3291303 ns sink=1183 ns minor-faults=0 major-faults=0
pixel+controller+normalizer SPA callbacks: n=2000 mean=3190114.6 ns p50=3180464 ns p90=3265834 ns p99=3602977 ns p99.9=3709757 ns max=4173076 ns
scheduled submit+ALPAO sink+ASDK: n=2000 mean=603.2 ns p50=541 ns p90=881 ns p99=1283 ns p99.9=1913 ns max=2274 ns
raw detector frame to ALPAO completion: n=2000 mean=3190717.8 ns p50=3180905 ns p90=3266426 ns p99=3604270 ns p99.9=3710749 ns max=4174659 ns
benchmark-stderr:
perf-stdout:
perf-stderr:
Events disabled
Events enabled
Events disabled


$ GLIBC_TUNABLES=glibc.malloc.hugetlb=2 PW_BENCHMARK_MEMORY=prefault chrt -f 88 taskset -c 14 /home/dgamroth/workspaces/codex/pipewire/pipewireao-spa-plugins-profiling/build-profile/spa/plugins/calculon/spa-calculon-full-system-test /home/dgamroth/workspaces/codex/pipewire/pipewireao-spa-plugins-profiling/build-profile/spa/plugins/calculon/libspa-calculon.so /home/dgamroth/workspaces/codex/pipewire/pipewireao-spa-plugins-profiling/build-profile/spa/plugins/alpao/libspa-alpao-mock.so mock 2000 468  512 512 8 8
$ perf stat --no-big-num -x ; --output /home/dgamroth/workspaces/codex/pipewire/pipewireao-spa-plugins-profiling/docs/benchmark-data/calculon-system-memory-pmu-2026-08-25-record/stat-oxiblas-hugetlb-prefault-faults-rep1.csv --delay=-1 --control=fd:4,9 -e {page-faults,minor-faults,major-faults,context-switches,cpu-migrations} -t 1287118
benchmark-stdout:
workload: detector=512x512 region=8x8 regions=4096 slopes=8192 actuators=468 matrix-bytes=15335424 memory=prefault warmup=256
first-cycle: algorithms=1322410 ns sink=822 ns minor-faults=0 major-faults=0
pixel+controller+normalizer SPA callbacks: n=2000 mean=1121415.2 ns p50=1094763 ns p90=1199579 ns p99=1545659 ns p99.9=2006694 ns max=2054473 ns
scheduled submit+ALPAO sink+ASDK: n=2000 mean=527.4 ns p50=461 ns p90=671 ns p99=1022 ns p99.9=1603 ns max=13475 ns
raw detector frame to ALPAO completion: n=2000 mean=1121942.6 ns p50=1095224 ns p90=1200120 ns p99=1546370 ns p99.9=2008156 ns max=2055485 ns
benchmark-stderr:
perf-stdout:
perf-stderr:
Events disabled
Events enabled
Events disabled


$ GLIBC_TUNABLES=glibc.malloc.hugetlb=2 PW_BENCHMARK_MEMORY=prefault chrt -f 88 taskset -c 14 /home/dgamroth/workspaces/codex/pipewire/pipewireao-spa-plugins-profiling/build-profile/spa/plugins/calculon/spa-calculon-full-system-test /home/dgamroth/workspaces/codex/pipewire/pipewireao-spa-plugins-profiling/build-profile-scalar/spa/plugins/calculon/libspa-calculon.so /home/dgamroth/workspaces/codex/pipewire/pipewireao-spa-plugins-profiling/build-profile/spa/plugins/alpao/libspa-alpao-mock.so mock 2000 468  512 512 8 8
$ perf stat --no-big-num -x ; --output /home/dgamroth/workspaces/codex/pipewire/pipewireao-spa-plugins-profiling/docs/benchmark-data/calculon-system-memory-pmu-2026-08-25-record/stat-scalar-hugetlb-prefault-dtlb-rep1.csv --delay=-1 --control=fd:4,9 -e {cycles:u,instructions:u,l1_dtlb_misses:u,l2_dtlb_misses:u} -t 1287170
benchmark-stdout:
workload: detector=512x512 region=8x8 regions=4096 slopes=8192 actuators=468 matrix-bytes=15335424 memory=prefault warmup=256
first-cycle: algorithms=3282556 ns sink=841 ns minor-faults=0 major-faults=0
pixel+controller+normalizer SPA callbacks: n=2000 mean=3235753.8 ns p50=3225279 ns p90=3309276 ns p99=3473384 ns p99.9=3639876 ns max=3910003 ns
scheduled submit+ALPAO sink+ASDK: n=2000 mean=508.2 ns p50=451 ns p90=671 ns p99=1082 ns p99.9=1603 ns max=1753 ns
raw detector frame to ALPAO completion: n=2000 mean=3236262.0 ns p50=3225780 ns p90=3309987 ns p99=3474306 ns p99.9=3640527 ns max=3911355 ns
benchmark-stderr:
perf-stdout:
perf-stderr:
Events disabled
Events enabled
Events disabled


$ GLIBC_TUNABLES=glibc.malloc.hugetlb=2 PW_BENCHMARK_MEMORY=locked chrt -f 88 taskset -c 14 /home/dgamroth/workspaces/codex/pipewire/pipewireao-spa-plugins-profiling/build-profile/spa/plugins/calculon/spa-calculon-full-system-test /home/dgamroth/workspaces/codex/pipewire/pipewireao-spa-plugins-profiling/build-profile-scalar/spa/plugins/calculon/libspa-calculon.so /home/dgamroth/workspaces/codex/pipewire/pipewireao-spa-plugins-profiling/build-profile/spa/plugins/alpao/libspa-alpao-mock.so mock 2000 468  512 512 8 8
$ perf stat --no-big-num -x ; --output /home/dgamroth/workspaces/codex/pipewire/pipewireao-spa-plugins-profiling/docs/benchmark-data/calculon-system-memory-pmu-2026-08-25-record/stat-scalar-hugetlb-locked-faults-rep1.csv --delay=-1 --control=fd:4,9 -e {page-faults,minor-faults,major-faults,context-switches,cpu-migrations} -t 1287348
benchmark-stdout:
workload: detector=512x512 region=8x8 regions=4096 slopes=8192 actuators=468 matrix-bytes=15335424 memory=locked warmup=256
first-cycle: algorithms=3174454 ns sink=732 ns minor-faults=0 major-faults=0
pixel+controller+normalizer SPA callbacks: n=2000 mean=3225080.7 ns p50=3220299 ns p90=3294017 ns p99=3419242 ns p99.9=3654323 ns max=4020771 ns
scheduled submit+ALPAO sink+ASDK: n=2000 mean=489.3 ns p50=451 ns p90=621 ns p99=942 ns p99.9=1263 ns max=1413 ns
raw detector frame to ALPAO completion: n=2000 mean=3225570.0 ns p50=3220710 ns p90=3294468 ns p99=3419853 ns p99.9=3654844 ns max=4021993 ns
benchmark-stderr:
perf-stdout:
perf-stderr:
Events disabled
Events enabled
Events disabled


$ GLIBC_TUNABLES=glibc.malloc.hugetlb=1 PW_BENCHMARK_MEMORY=prefault chrt -f 88 taskset -c 14 /home/dgamroth/workspaces/codex/pipewire/pipewireao-spa-plugins-profiling/build-profile/spa/plugins/calculon/spa-calculon-full-system-test /home/dgamroth/workspaces/codex/pipewire/pipewireao-spa-plugins-profiling/build-profile-scalar/spa/plugins/calculon/libspa-calculon.so /home/dgamroth/workspaces/codex/pipewire/pipewireao-spa-plugins-profiling/build-profile/spa/plugins/alpao/libspa-alpao-mock.so mock 2000 468  512 512 8 8
$ perf stat --no-big-num -x ; --output /home/dgamroth/workspaces/codex/pipewire/pipewireao-spa-plugins-profiling/docs/benchmark-data/calculon-system-memory-pmu-2026-08-25-record/stat-scalar-thp-prefault-l1d-rep1.csv --delay=-1 --control=fd:4,9 -e {cycles:u,instructions:u,L1-dcache-loads:u,L1-dcache-load-misses:u} -t 1287472
benchmark-stdout:
workload: detector=512x512 region=8x8 regions=4096 slopes=8192 actuators=468 matrix-bytes=15335424 memory=prefault warmup=256
first-cycle: algorithms=3257790 ns sink=1012 ns minor-faults=0 major-faults=0
pixel+controller+normalizer SPA callbacks: n=2000 mean=3191484.2 ns p50=3181877 ns p90=3266265 ns p99=3441234 ns p99.9=3688898 ns max=4130677 ns
scheduled submit+ALPAO sink+ASDK: n=2000 mean=604.0 ns p50=551 ns p90=842 ns p99=1193 ns p99.9=2575 ns max=5360 ns
raw detector frame to ALPAO completion: n=2000 mean=3192088.2 ns p50=3182338 ns p90=3266936 ns p99=3442326 ns p99.9=3689900 ns max=4132420 ns
benchmark-stderr:
perf-stdout:
perf-stderr:
Events disabled
Events enabled
Events disabled


$ GLIBC_TUNABLES=glibc.malloc.hugetlb=1 PW_BENCHMARK_MEMORY=locked chrt -f 88 taskset -c 14 /home/dgamroth/workspaces/codex/pipewire/pipewireao-spa-plugins-profiling/build-profile/spa/plugins/calculon/spa-calculon-full-system-test /home/dgamroth/workspaces/codex/pipewire/pipewireao-spa-plugins-profiling/build-profile/spa/plugins/calculon/libspa-calculon.so /home/dgamroth/workspaces/codex/pipewire/pipewireao-spa-plugins-profiling/build-profile/spa/plugins/alpao/libspa-alpao-mock.so mock 2000 468  512 512 8 8
$ perf stat --no-big-num -x ; --output /home/dgamroth/workspaces/codex/pipewire/pipewireao-spa-plugins-profiling/docs/benchmark-data/calculon-system-memory-pmu-2026-08-25-record/stat-oxiblas-thp-locked-l2-rep1.csv --delay=-1 --control=fd:4,9 -e {cycles:u,instructions:u,l2_request_g1.all_no_prefetch:u,l2_cache_req_stat.ic_dc_miss_in_l2:u} -t 1287625
benchmark-stdout:
workload: detector=512x512 region=8x8 regions=4096 slopes=8192 actuators=468 matrix-bytes=15335424 memory=locked warmup=256
first-cycle: algorithms=1146040 ns sink=822 ns minor-faults=0 major-faults=0
pixel+controller+normalizer SPA callbacks: n=2000 mean=1117720.4 ns p50=1098189 ns p90=1179733 ns p99=1513698 ns p99.9=1698396 ns max=2088858 ns
scheduled submit+ALPAO sink+ASDK: n=2000 mean=552.7 ns p50=531 ns p90=642 ns p99=1011 ns p99.9=1774 ns max=9278 ns
raw detector frame to ALPAO completion: n=2000 mean=1118273.1 ns p50=1098761 ns p90=1180444 ns p99=1514370 ns p99.9=1699037 ns max=2090551 ns
benchmark-stderr:
perf-stdout:
perf-stderr:
Events disabled
Events enabled
Events disabled


$ GLIBC_TUNABLES=glibc.malloc.hugetlb=2 PW_BENCHMARK_MEMORY=locked chrt -f 88 taskset -c 14 /home/dgamroth/workspaces/codex/pipewire/pipewireao-spa-plugins-profiling/build-profile/spa/plugins/calculon/spa-calculon-full-system-test /home/dgamroth/workspaces/codex/pipewire/pipewireao-spa-plugins-profiling/build-profile/spa/plugins/calculon/libspa-calculon.so /home/dgamroth/workspaces/codex/pipewire/pipewireao-spa-plugins-profiling/build-profile/spa/plugins/alpao/libspa-alpao-mock.so mock 2000 468  512 512 8 8
$ perf stat --no-big-num -x ; --output /home/dgamroth/workspaces/codex/pipewire/pipewireao-spa-plugins-profiling/docs/benchmark-data/calculon-system-memory-pmu-2026-08-25-record/stat-oxiblas-hugetlb-locked-dtlb-rep1.csv --delay=-1 --control=fd:4,9 -e {cycles:u,instructions:u,l1_dtlb_misses:u,l2_dtlb_misses:u} -t 1287675
benchmark-stdout:
workload: detector=512x512 region=8x8 regions=4096 slopes=8192 actuators=468 matrix-bytes=15335424 memory=locked warmup=256
first-cycle: algorithms=1309977 ns sink=712 ns minor-faults=0 major-faults=0
pixel+controller+normalizer SPA callbacks: n=2000 mean=1101063.6 ns p50=1090075 ns p90=1152601 ns p99=1274821 ns p99.9=1447545 ns max=1626871 ns
scheduled submit+ALPAO sink+ASDK: n=2000 mean=500.8 ns p50=461 ns p90=561 ns p99=961 ns p99.9=1182 ns max=6913 ns
raw detector frame to ALPAO completion: n=2000 mean=1101564.3 ns p50=1090526 ns p90=1153092 ns p99=1275312 ns p99.9=1448397 ns max=1628033 ns
benchmark-stderr:
perf-stdout:
perf-stderr:
Events disabled
Events enabled
Events disabled


$ GLIBC_TUNABLES=glibc.malloc.hugetlb=0 PW_BENCHMARK_MEMORY=default chrt -f 88 taskset -c 14 /home/dgamroth/workspaces/codex/pipewire/pipewireao-spa-plugins-profiling/build-profile/spa/plugins/calculon/spa-calculon-full-system-test /home/dgamroth/workspaces/codex/pipewire/pipewireao-spa-plugins-profiling/build-profile-scalar/spa/plugins/calculon/libspa-calculon.so /home/dgamroth/workspaces/codex/pipewire/pipewireao-spa-plugins-profiling/build-profile/spa/plugins/alpao/libspa-alpao-mock.so mock 2000 468  512 512 8 8
$ perf stat --no-big-num -x ; --output /home/dgamroth/workspaces/codex/pipewire/pipewireao-spa-plugins-profiling/docs/benchmark-data/calculon-system-memory-pmu-2026-08-25-record/stat-scalar-base-default-l2-rep1.csv --delay=-1 --control=fd:4,9 -e {cycles:u,instructions:u,l2_request_g1.all_no_prefetch:u,l2_cache_req_stat.ic_dc_miss_in_l2:u} -t 1287719
benchmark-stdout:
workload: detector=512x512 region=8x8 regions=4096 slopes=8192 actuators=468 matrix-bytes=15335424 memory=default warmup=256
first-cycle: algorithms=3236550 ns sink=752 ns minor-faults=1 major-faults=0
pixel+controller+normalizer SPA callbacks: n=2000 mean=3176921.0 ns p50=3169534 ns p90=3248913 ns p99=3441333 ns p99.9=3630088 ns max=4055004 ns
scheduled submit+ALPAO sink+ASDK: n=2000 mean=566.6 ns p50=491 ns p90=812 ns p99=1352 ns p99.9=1994 ns max=7745 ns
raw detector frame to ALPAO completion: n=2000 mean=3177487.6 ns p50=3170015 ns p90=3249655 ns p99=3442085 ns p99.9=3631431 ns max=4056998 ns
benchmark-stderr:
perf-stdout:
perf-stderr:
Events disabled
Events enabled
Events disabled


$ GLIBC_TUNABLES=glibc.malloc.hugetlb=0 PW_BENCHMARK_MEMORY=locked chrt -f 88 taskset -c 14 /home/dgamroth/workspaces/codex/pipewire/pipewireao-spa-plugins-profiling/build-profile/spa/plugins/calculon/spa-calculon-full-system-test /home/dgamroth/workspaces/codex/pipewire/pipewireao-spa-plugins-profiling/build-profile-scalar/spa/plugins/calculon/libspa-calculon.so /home/dgamroth/workspaces/codex/pipewire/pipewireao-spa-plugins-profiling/build-profile/spa/plugins/alpao/libspa-alpao-mock.so mock 2000 468  512 512 8 8
$ perf stat --no-big-num -x ; --output /home/dgamroth/workspaces/codex/pipewire/pipewireao-spa-plugins-profiling/docs/benchmark-data/calculon-system-memory-pmu-2026-08-25-record/stat-scalar-base-locked-l2-rep1.csv --delay=-1 --control=fd:4,9 -e {cycles:u,instructions:u,l2_request_g1.all_no_prefetch:u,l2_cache_req_stat.ic_dc_miss_in_l2:u} -t 1287843
benchmark-stdout:
workload: detector=512x512 region=8x8 regions=4096 slopes=8192 actuators=468 matrix-bytes=15335424 memory=locked warmup=256
first-cycle: algorithms=3258171 ns sink=902 ns minor-faults=0 major-faults=0
pixel+controller+normalizer SPA callbacks: n=2000 mean=3183636.8 ns p50=3177759 ns p90=3257079 ns p99=3420014 ns p99.9=3672848 ns max=3826907 ns
scheduled submit+ALPAO sink+ASDK: n=2000 mean=555.3 ns p50=511 ns p90=771 ns p99=1212 ns p99.9=1673 ns max=4929 ns
raw detector frame to ALPAO completion: n=2000 mean=3184192.0 ns p50=3178291 ns p90=3257990 ns p99=3420866 ns p99.9=3674061 ns max=3828259 ns
benchmark-stderr:
perf-stdout:
perf-stderr:
Events disabled
Events enabled
Events disabled


$ GLIBC_TUNABLES=glibc.malloc.hugetlb=0 PW_BENCHMARK_MEMORY=prefault chrt -f 88 taskset -c 14 /home/dgamroth/workspaces/codex/pipewire/pipewireao-spa-plugins-profiling/build-profile/spa/plugins/calculon/spa-calculon-full-system-test /home/dgamroth/workspaces/codex/pipewire/pipewireao-spa-plugins-profiling/build-profile/spa/plugins/calculon/libspa-calculon.so /home/dgamroth/workspaces/codex/pipewire/pipewireao-spa-plugins-profiling/build-profile/spa/plugins/alpao/libspa-alpao-mock.so mock 2000 468  512 512 8 8
$ perf stat --no-big-num -x ; --output /home/dgamroth/workspaces/codex/pipewire/pipewireao-spa-plugins-profiling/docs/benchmark-data/calculon-system-memory-pmu-2026-08-25-record/stat-oxiblas-base-prefault-faults-rep1.csv --delay=-1 --control=fd:4,9 -e {page-faults,minor-faults,major-faults,context-switches,cpu-migrations} -t 1287968
benchmark-stdout:
workload: detector=512x512 region=8x8 regions=4096 slopes=8192 actuators=468 matrix-bytes=15335424 memory=prefault warmup=256
first-cycle: algorithms=1422247 ns sink=1112 ns minor-faults=0 major-faults=0
pixel+controller+normalizer SPA callbacks: n=2000 mean=1112073.4 ns p50=1094592 ns p90=1182428 ns p99=1354380 ns p99.9=1667447 ns max=1927625 ns
scheduled submit+ALPAO sink+ASDK: n=2000 mean=581.8 ns p50=551 ns p90=741 ns p99=1112 ns p99.9=1673 ns max=6983 ns
raw detector frame to ALPAO completion: n=2000 mean=1112655.1 ns p50=1095153 ns p90=1183029 ns p99=1355302 ns p99.9=1668619 ns max=1928927 ns
benchmark-stderr:
perf-stdout:
perf-stderr:
Events disabled
Events enabled
Events disabled


$ GLIBC_TUNABLES=glibc.malloc.hugetlb=2 PW_BENCHMARK_MEMORY=prefault chrt -f 88 taskset -c 14 /home/dgamroth/workspaces/codex/pipewire/pipewireao-spa-plugins-profiling/build-profile/spa/plugins/calculon/spa-calculon-full-system-test /home/dgamroth/workspaces/codex/pipewire/pipewireao-spa-plugins-profiling/build-profile-scalar/spa/plugins/calculon/libspa-calculon.so /home/dgamroth/workspaces/codex/pipewire/pipewireao-spa-plugins-profiling/build-profile/spa/plugins/alpao/libspa-alpao-mock.so mock 2000 468  512 512 8 8
$ perf stat --no-big-num -x ; --output /home/dgamroth/workspaces/codex/pipewire/pipewireao-spa-plugins-profiling/docs/benchmark-data/calculon-system-memory-pmu-2026-08-25-record/stat-scalar-hugetlb-prefault-l1d-rep1.csv --delay=-1 --control=fd:4,9 -e {cycles:u,instructions:u,L1-dcache-loads:u,L1-dcache-load-misses:u} -t 1288013
benchmark-stdout:
workload: detector=512x512 region=8x8 regions=4096 slopes=8192 actuators=468 matrix-bytes=15335424 memory=prefault warmup=256
first-cycle: algorithms=3244695 ns sink=841 ns minor-faults=0 major-faults=0
pixel+controller+normalizer SPA callbacks: n=2000 mean=3245592.0 ns p50=3238173 ns p90=3313424 ns p99=3556871 ns p99.9=3745254 ns max=3808653 ns
scheduled submit+ALPAO sink+ASDK: n=2000 mean=531.6 ns p50=461 ns p90=752 ns p99=1192 ns p99.9=1623 ns max=1823 ns
raw detector frame to ALPAO completion: n=2000 mean=3246123.6 ns p50=3238613 ns p90=3314045 ns p99=3557341 ns p99.9=3746336 ns max=3810116 ns
benchmark-stderr:
perf-stdout:
perf-stderr:
Events disabled
Events enabled
Events disabled


$ GLIBC_TUNABLES=glibc.malloc.hugetlb=1 PW_BENCHMARK_MEMORY=prefault chrt -f 88 taskset -c 14 /home/dgamroth/workspaces/codex/pipewire/pipewireao-spa-plugins-profiling/build-profile/spa/plugins/calculon/spa-calculon-full-system-test /home/dgamroth/workspaces/codex/pipewire/pipewireao-spa-plugins-profiling/build-profile/spa/plugins/calculon/libspa-calculon.so /home/dgamroth/workspaces/codex/pipewire/pipewireao-spa-plugins-profiling/build-profile/spa/plugins/alpao/libspa-alpao-mock.so mock 2000 468  512 512 8 8
$ perf stat --no-big-num -x ; --output /home/dgamroth/workspaces/codex/pipewire/pipewireao-spa-plugins-profiling/docs/benchmark-data/calculon-system-memory-pmu-2026-08-25-record/stat-oxiblas-thp-prefault-l2-rep1.csv --delay=-1 --control=fd:4,9 -e {cycles:u,instructions:u,l2_request_g1.all_no_prefetch:u,l2_cache_req_stat.ic_dc_miss_in_l2:u} -t 1288145
benchmark-stdout:
workload: detector=512x512 region=8x8 regions=4096 slopes=8192 actuators=468 matrix-bytes=15335424 memory=prefault warmup=256
first-cycle: algorithms=1318402 ns sink=731 ns minor-faults=0 major-faults=0
pixel+controller+normalizer SPA callbacks: n=2000 mean=1110710.1 ns p50=1095064 ns p90=1178500 ns p99=1317331 ns p99.9=1635768 ns max=1765311 ns
scheduled submit+ALPAO sink+ASDK: n=2000 mean=548.2 ns p50=531 ns p90=701 ns p99=1032 ns p99.9=1432 ns max=2004 ns
raw detector frame to ALPAO completion: n=2000 mean=1111258.3 ns p50=1095625 ns p90=1179152 ns p99=1318303 ns p99.9=1636860 ns max=1766142 ns
benchmark-stderr:
perf-stdout:
perf-stderr:
Events disabled
Events enabled
Events disabled


$ GLIBC_TUNABLES=glibc.malloc.hugetlb=2 PW_BENCHMARK_MEMORY=default chrt -f 88 taskset -c 14 /home/dgamroth/workspaces/codex/pipewire/pipewireao-spa-plugins-profiling/build-profile/spa/plugins/calculon/spa-calculon-full-system-test /home/dgamroth/workspaces/codex/pipewire/pipewireao-spa-plugins-profiling/build-profile-scalar/spa/plugins/calculon/libspa-calculon.so /home/dgamroth/workspaces/codex/pipewire/pipewireao-spa-plugins-profiling/build-profile/spa/plugins/alpao/libspa-alpao-mock.so mock 2000 468  512 512 8 8
$ perf stat --no-big-num -x ; --output /home/dgamroth/workspaces/codex/pipewire/pipewireao-spa-plugins-profiling/docs/benchmark-data/calculon-system-memory-pmu-2026-08-25-record/stat-scalar-hugetlb-default-l2-rep1.csv --delay=-1 --control=fd:4,9 -e {cycles:u,instructions:u,l2_request_g1.all_no_prefetch:u,l2_cache_req_stat.ic_dc_miss_in_l2:u} -t 1288210
benchmark-stdout:
workload: detector=512x512 region=8x8 regions=4096 slopes=8192 actuators=468 matrix-bytes=15335424 memory=default warmup=256
first-cycle: algorithms=3247190 ns sink=912 ns minor-faults=1 major-faults=0
pixel+controller+normalizer SPA callbacks: n=2000 mean=3223092.4 ns p50=3219228 ns p90=3295210 ns p99=3403944 ns p99.9=3625820 ns max=3996215 ns
scheduled submit+ALPAO sink+ASDK: n=2000 mean=534.7 ns p50=511 ns p90=691 ns p99=1092 ns p99.9=1493 ns max=6923 ns
raw detector frame to ALPAO completion: n=2000 mean=3223627.1 ns p50=3219739 ns p90=3295741 ns p99=3404585 ns p99.9=3626822 ns max=3997858 ns
benchmark-stderr:
perf-stdout:
perf-stderr:
Events disabled
Events enabled
Events disabled


$ GLIBC_TUNABLES=glibc.malloc.hugetlb=1 PW_BENCHMARK_MEMORY=locked chrt -f 88 taskset -c 14 /home/dgamroth/workspaces/codex/pipewire/pipewireao-spa-plugins-profiling/build-profile/spa/plugins/calculon/spa-calculon-full-system-test /home/dgamroth/workspaces/codex/pipewire/pipewireao-spa-plugins-profiling/build-profile-scalar/spa/plugins/calculon/libspa-calculon.so /home/dgamroth/workspaces/codex/pipewire/pipewireao-spa-plugins-profiling/build-profile/spa/plugins/alpao/libspa-alpao-mock.so mock 2000 468  512 512 8 8
$ perf stat --no-big-num -x ; --output /home/dgamroth/workspaces/codex/pipewire/pipewireao-spa-plugins-profiling/docs/benchmark-data/calculon-system-memory-pmu-2026-08-25-record/stat-scalar-thp-locked-dtlb-rep1.csv --delay=-1 --control=fd:4,9 -e {cycles:u,instructions:u,l1_dtlb_misses:u,l2_dtlb_misses:u} -t 1288371
benchmark-stdout:
workload: detector=512x512 region=8x8 regions=4096 slopes=8192 actuators=468 matrix-bytes=15335424 memory=locked warmup=256
first-cycle: algorithms=3178801 ns sink=832 ns minor-faults=0 major-faults=0
pixel+controller+normalizer SPA callbacks: n=2000 mean=3202706.0 ns p50=3193570 ns p90=3279541 ns p99=3489525 ns p99.9=3709898 ns max=3747908 ns
scheduled submit+ALPAO sink+ASDK: n=2000 mean=545.8 ns p50=481 ns p90=751 ns p99=1183 ns p99.9=2074 ns max=5921 ns
raw detector frame to ALPAO completion: n=2000 mean=3203251.8 ns p50=3194120 ns p90=3280072 ns p99=3490396 ns p99.9=3711020 ns max=3748740 ns
benchmark-stderr:
perf-stdout:
perf-stderr:
Events disabled
Events enabled
Events disabled


$ GLIBC_TUNABLES=glibc.malloc.hugetlb=2 PW_BENCHMARK_MEMORY=default chrt -f 88 taskset -c 14 /home/dgamroth/workspaces/codex/pipewire/pipewireao-spa-plugins-profiling/build-profile/spa/plugins/calculon/spa-calculon-full-system-test /home/dgamroth/workspaces/codex/pipewire/pipewireao-spa-plugins-profiling/build-profile/spa/plugins/calculon/libspa-calculon.so /home/dgamroth/workspaces/codex/pipewire/pipewireao-spa-plugins-profiling/build-profile/spa/plugins/alpao/libspa-alpao-mock.so mock 2000 468  512 512 8 8
$ perf stat --no-big-num -x ; --output /home/dgamroth/workspaces/codex/pipewire/pipewireao-spa-plugins-profiling/docs/benchmark-data/calculon-system-memory-pmu-2026-08-25-record/stat-oxiblas-hugetlb-default-dtlb-rep1.csv --delay=-1 --control=fd:4,9 -e {cycles:u,instructions:u,l1_dtlb_misses:u,l2_dtlb_misses:u} -t 1288503
benchmark-stdout:
workload: detector=512x512 region=8x8 regions=4096 slopes=8192 actuators=468 matrix-bytes=15335424 memory=default warmup=256
first-cycle: algorithms=1355522 ns sink=1002 ns minor-faults=1 major-faults=0
pixel+controller+normalizer SPA callbacks: n=2000 mean=1115996.1 ns p50=1101717 ns p90=1180614 ns p99=1315878 ns p99.9=1460910 ns max=1895224 ns
scheduled submit+ALPAO sink+ASDK: n=2000 mean=493.2 ns p50=451 ns p90=561 ns p99=932 ns p99.9=1253 ns max=1953 ns
raw detector frame to ALPAO completion: n=2000 mean=1116489.3 ns p50=1102167 ns p90=1181485 ns p99=1316338 ns p99.9=1461381 ns max=1896496 ns
benchmark-stderr:
perf-stdout:
perf-stderr:
Events disabled
Events enabled
Events disabled


$ GLIBC_TUNABLES=glibc.malloc.hugetlb=1 PW_BENCHMARK_MEMORY=default chrt -f 88 taskset -c 14 /home/dgamroth/workspaces/codex/pipewire/pipewireao-spa-plugins-profiling/build-profile/spa/plugins/calculon/spa-calculon-full-system-test /home/dgamroth/workspaces/codex/pipewire/pipewireao-spa-plugins-profiling/build-profile/spa/plugins/calculon/libspa-calculon.so /home/dgamroth/workspaces/codex/pipewire/pipewireao-spa-plugins-profiling/build-profile/spa/plugins/alpao/libspa-alpao-mock.so mock 2000 468  512 512 8 8
$ perf stat --no-big-num -x ; --output /home/dgamroth/workspaces/codex/pipewire/pipewireao-spa-plugins-profiling/docs/benchmark-data/calculon-system-memory-pmu-2026-08-25-record/stat-oxiblas-thp-default-dtlb-rep1.csv --delay=-1 --control=fd:4,9 -e {cycles:u,instructions:u,l1_dtlb_misses:u,l2_dtlb_misses:u} -t 1288558
benchmark-stdout:
workload: detector=512x512 region=8x8 regions=4096 slopes=8192 actuators=468 matrix-bytes=15335424 memory=default warmup=256
first-cycle: algorithms=1183680 ns sink=822 ns minor-faults=1 major-faults=0
pixel+controller+normalizer SPA callbacks: n=2000 mean=1122397.6 ns p50=1097388 ns p90=1200842 ns p99=1507608 ns p99.9=1744953 ns max=1831154 ns
scheduled submit+ALPAO sink+ASDK: n=2000 mean=583.6 ns p50=551 ns p90=762 ns p99=1112 ns p99.9=1964 ns max=9408 ns
raw detector frame to ALPAO completion: n=2000 mean=1122981.2 ns p50=1097899 ns p90=1201703 ns p99=1508559 ns p99.9=1746035 ns max=1832927 ns
benchmark-stderr:
perf-stdout:
perf-stderr:
Events disabled
Events enabled
Events disabled


$ GLIBC_TUNABLES=glibc.malloc.hugetlb=0 PW_BENCHMARK_MEMORY=default chrt -f 88 taskset -c 14 /home/dgamroth/workspaces/codex/pipewire/pipewireao-spa-plugins-profiling/build-profile/spa/plugins/calculon/spa-calculon-full-system-test /home/dgamroth/workspaces/codex/pipewire/pipewireao-spa-plugins-profiling/build-profile/spa/plugins/calculon/libspa-calculon.so /home/dgamroth/workspaces/codex/pipewire/pipewireao-spa-plugins-profiling/build-profile/spa/plugins/alpao/libspa-alpao-mock.so mock 2000 468  512 512 8 8
$ perf stat --no-big-num -x ; --output /home/dgamroth/workspaces/codex/pipewire/pipewireao-spa-plugins-profiling/docs/benchmark-data/calculon-system-memory-pmu-2026-08-25-record/stat-oxiblas-base-default-dtlb-rep1.csv --delay=-1 --control=fd:4,9 -e {cycles:u,instructions:u,l1_dtlb_misses:u,l2_dtlb_misses:u} -t 1288608
benchmark-stdout:
workload: detector=512x512 region=8x8 regions=4096 slopes=8192 actuators=468 matrix-bytes=15335424 memory=default warmup=256
first-cycle: algorithms=1356433 ns sink=802 ns minor-faults=1 major-faults=0
pixel+controller+normalizer SPA callbacks: n=2000 mean=1101971.1 ns p50=1085526 ns p90=1162169 ns p99=1325265 ns p99.9=1620760 ns max=1877992 ns
scheduled submit+ALPAO sink+ASDK: n=2000 mean=596.2 ns p50=551 ns p90=782 ns p99=1072 ns p99.9=1563 ns max=1713 ns
raw detector frame to ALPAO completion: n=2000 mean=1102567.3 ns p50=1086167 ns p90=1162690 ns p99=1325997 ns p99.9=1621812 ns max=1879555 ns
benchmark-stderr:
perf-stdout:
perf-stderr:
Events disabled
Events enabled
Events disabled


$ GLIBC_TUNABLES=glibc.malloc.hugetlb=1 PW_BENCHMARK_MEMORY=prefault chrt -f 88 taskset -c 14 /home/dgamroth/workspaces/codex/pipewire/pipewireao-spa-plugins-profiling/build-profile/spa/plugins/calculon/spa-calculon-full-system-test /home/dgamroth/workspaces/codex/pipewire/pipewireao-spa-plugins-profiling/build-profile-scalar/spa/plugins/calculon/libspa-calculon.so /home/dgamroth/workspaces/codex/pipewire/pipewireao-spa-plugins-profiling/build-profile/spa/plugins/alpao/libspa-alpao-mock.so mock 2000 468  512 512 8 8
$ perf stat --no-big-num -x ; --output /home/dgamroth/workspaces/codex/pipewire/pipewireao-spa-plugins-profiling/docs/benchmark-data/calculon-system-memory-pmu-2026-08-25-record/stat-scalar-thp-prefault-faults-rep1.csv --delay=-1 --control=fd:4,9 -e {page-faults,minor-faults,major-faults,context-switches,cpu-migrations} -t 1288646
benchmark-stdout:
workload: detector=512x512 region=8x8 regions=4096 slopes=8192 actuators=468 matrix-bytes=15335424 memory=prefault warmup=256
first-cycle: algorithms=3251919 ns sink=851 ns minor-faults=0 major-faults=0
pixel+controller+normalizer SPA callbacks: n=2000 mean=3198605.0 ns p50=3188329 ns p90=3271947 ns p99=3512878 ns p99.9=3931894 ns max=4005642 ns
scheduled submit+ALPAO sink+ASDK: n=2000 mean=575.1 ns p50=531 ns p90=811 ns p99=1192 ns p99.9=1713 ns max=1894 ns
raw detector frame to ALPAO completion: n=2000 mean=3199180.0 ns p50=3189081 ns p90=3272517 ns p99=3513940 ns p99.9=3932655 ns max=4007075 ns
benchmark-stderr:
perf-stdout:
perf-stderr:
Events disabled
Events enabled
Events disabled


$ GLIBC_TUNABLES=glibc.malloc.hugetlb=2 PW_BENCHMARK_MEMORY=default chrt -f 88 taskset -c 14 /home/dgamroth/workspaces/codex/pipewire/pipewireao-spa-plugins-profiling/build-profile/spa/plugins/calculon/spa-calculon-full-system-test /home/dgamroth/workspaces/codex/pipewire/pipewireao-spa-plugins-profiling/build-profile-scalar/spa/plugins/calculon/libspa-calculon.so /home/dgamroth/workspaces/codex/pipewire/pipewireao-spa-plugins-profiling/build-profile/spa/plugins/alpao/libspa-alpao-mock.so mock 2000 468  512 512 8 8
$ perf stat --no-big-num -x ; --output /home/dgamroth/workspaces/codex/pipewire/pipewireao-spa-plugins-profiling/docs/benchmark-data/calculon-system-memory-pmu-2026-08-25-record/stat-scalar-hugetlb-default-core-rep1.csv --delay=-1 --control=fd:4,9 -e {cycles:u,instructions:u,branches:u,branch-misses:u} -t 1288778
benchmark-stdout:
workload: detector=512x512 region=8x8 regions=4096 slopes=8192 actuators=468 matrix-bytes=15335424 memory=default warmup=256
first-cycle: algorithms=3190193 ns sink=611 ns minor-faults=1 major-faults=0
pixel+controller+normalizer SPA callbacks: n=2000 mean=3234061.1 ns p50=3219468 ns p90=3306390 ns p99=3455280 ns p99.9=3770241 ns max=4033785 ns
scheduled submit+ALPAO sink+ASDK: n=2000 mean=499.4 ns p50=451 ns p90=641 ns p99=982 ns p99.9=1193 ns max=7514 ns
raw detector frame to ALPAO completion: n=2000 mean=3234560.6 ns p50=3219959 ns p90=3306871 ns p99=3456433 ns p99.9=3770932 ns max=4034977 ns
benchmark-stderr:
perf-stdout:
perf-stderr:
Events disabled
Events enabled
Events disabled


$ GLIBC_TUNABLES=glibc.malloc.hugetlb=1 PW_BENCHMARK_MEMORY=locked chrt -f 88 taskset -c 14 /home/dgamroth/workspaces/codex/pipewire/pipewireao-spa-plugins-profiling/build-profile/spa/plugins/calculon/spa-calculon-full-system-test /home/dgamroth/workspaces/codex/pipewire/pipewireao-spa-plugins-profiling/build-profile/spa/plugins/calculon/libspa-calculon.so /home/dgamroth/workspaces/codex/pipewire/pipewireao-spa-plugins-profiling/build-profile/spa/plugins/alpao/libspa-alpao-mock.so mock 2000 468  512 512 8 8
$ perf stat --no-big-num -x ; --output /home/dgamroth/workspaces/codex/pipewire/pipewireao-spa-plugins-profiling/docs/benchmark-data/calculon-system-memory-pmu-2026-08-25-record/stat-oxiblas-thp-locked-faults-rep1.csv --delay=-1 --control=fd:4,9 -e {page-faults,minor-faults,major-faults,context-switches,cpu-migrations} -t 1288883
benchmark-stdout:
workload: detector=512x512 region=8x8 regions=4096 slopes=8192 actuators=468 matrix-bytes=15335424 memory=locked warmup=256
first-cycle: algorithms=1159835 ns sink=641 ns minor-faults=0 major-faults=0
pixel+controller+normalizer SPA callbacks: n=2000 mean=1101864.3 ns p50=1086468 ns p90=1164304 ns p99=1301761 ns p99.9=1596674 ns max=1682716 ns
scheduled submit+ALPAO sink+ASDK: n=2000 mean=571.2 ns p50=541 ns p90=692 ns p99=1022 ns p99.9=1393 ns max=8596 ns
raw detector frame to ALPAO completion: n=2000 mean=1102435.6 ns p50=1087078 ns p90=1164845 ns p99=1306190 ns p99.9=1597966 ns max=1683517 ns
benchmark-stderr:
perf-stdout:
perf-stderr:
Events disabled
Events enabled
Events disabled


$ GLIBC_TUNABLES=glibc.malloc.hugetlb=1 PW_BENCHMARK_MEMORY=locked chrt -f 88 taskset -c 14 /home/dgamroth/workspaces/codex/pipewire/pipewireao-spa-plugins-profiling/build-profile/spa/plugins/calculon/spa-calculon-full-system-test /home/dgamroth/workspaces/codex/pipewire/pipewireao-spa-plugins-profiling/build-profile/spa/plugins/calculon/libspa-calculon.so /home/dgamroth/workspaces/codex/pipewire/pipewireao-spa-plugins-profiling/build-profile/spa/plugins/alpao/libspa-alpao-mock.so mock 2000 468  512 512 8 8
$ perf stat --no-big-num -x ; --output /home/dgamroth/workspaces/codex/pipewire/pipewireao-spa-plugins-profiling/docs/benchmark-data/calculon-system-memory-pmu-2026-08-25-record/stat-oxiblas-thp-locked-dtlb-rep1.csv --delay=-1 --control=fd:4,9 -e {cycles:u,instructions:u,l1_dtlb_misses:u,l2_dtlb_misses:u} -t 1288957
benchmark-stdout:
workload: detector=512x512 region=8x8 regions=4096 slopes=8192 actuators=468 matrix-bytes=15335424 memory=locked warmup=256
first-cycle: algorithms=1265754 ns sink=1243 ns minor-faults=0 major-faults=0
pixel+controller+normalizer SPA callbacks: n=2000 mean=1102095.1 ns p50=1087911 ns p90=1161548 ns p99=1303765 ns p99.9=1389466 ns max=1667878 ns
scheduled submit+ALPAO sink+ASDK: n=2000 mean=546.1 ns p50=531 ns p90=661 ns p99=1022 ns p99.9=1733 ns max=1934 ns
raw detector frame to ALPAO completion: n=2000 mean=1102641.2 ns p50=1088411 ns p90=1162139 ns p99=1304356 ns p99.9=1390227 ns max=1669611 ns
benchmark-stderr:
perf-stdout:
perf-stderr:
Events disabled
Events enabled
Events disabled


$ GLIBC_TUNABLES=glibc.malloc.hugetlb=0 PW_BENCHMARK_MEMORY=prefault chrt -f 88 taskset -c 14 /home/dgamroth/workspaces/codex/pipewire/pipewireao-spa-plugins-profiling/build-profile/spa/plugins/calculon/spa-calculon-full-system-test /home/dgamroth/workspaces/codex/pipewire/pipewireao-spa-plugins-profiling/build-profile/spa/plugins/calculon/libspa-calculon.so /home/dgamroth/workspaces/codex/pipewire/pipewireao-spa-plugins-profiling/build-profile/spa/plugins/alpao/libspa-alpao-mock.so mock 2000 468  512 512 8 8
$ perf stat --no-big-num -x ; --output /home/dgamroth/workspaces/codex/pipewire/pipewireao-spa-plugins-profiling/docs/benchmark-data/calculon-system-memory-pmu-2026-08-25-record/stat-oxiblas-base-prefault-dtlb-rep1.csv --delay=-1 --control=fd:4,9 -e {cycles:u,instructions:u,l1_dtlb_misses:u,l2_dtlb_misses:u} -t 1289013
benchmark-stdout:
workload: detector=512x512 region=8x8 regions=4096 slopes=8192 actuators=468 matrix-bytes=15335424 memory=prefault warmup=256
first-cycle: algorithms=1274781 ns sink=932 ns minor-faults=0 major-faults=0
pixel+controller+normalizer SPA callbacks: n=2000 mean=1114173.1 ns p50=1090615 ns p90=1184712 ns p99=1554866 ns p99.9=1785929 ns max=1934368 ns
scheduled submit+ALPAO sink+ASDK: n=2000 mean=563.3 ns p50=531 ns p90=732 ns p99=1142 ns p99.9=1954 ns max=7143 ns
raw detector frame to ALPAO completion: n=2000 mean=1114736.5 ns p50=1091126 ns p90=1185173 ns p99=1556439 ns p99.9=1786961 ns max=1935600 ns
benchmark-stderr:
perf-stdout:
perf-stderr:
Events disabled
Events enabled
Events disabled


$ GLIBC_TUNABLES=glibc.malloc.hugetlb=2 PW_BENCHMARK_MEMORY=locked chrt -f 88 taskset -c 14 /home/dgamroth/workspaces/codex/pipewire/pipewireao-spa-plugins-profiling/build-profile/spa/plugins/calculon/spa-calculon-full-system-test /home/dgamroth/workspaces/codex/pipewire/pipewireao-spa-plugins-profiling/build-profile/spa/plugins/calculon/libspa-calculon.so /home/dgamroth/workspaces/codex/pipewire/pipewireao-spa-plugins-profiling/build-profile/spa/plugins/alpao/libspa-alpao-mock.so mock 2000 468  512 512 8 8
$ perf stat --no-big-num -x ; --output /home/dgamroth/workspaces/codex/pipewire/pipewireao-spa-plugins-profiling/docs/benchmark-data/calculon-system-memory-pmu-2026-08-25-record/stat-oxiblas-hugetlb-locked-l2-rep1.csv --delay=-1 --control=fd:4,9 -e {cycles:u,instructions:u,l2_request_g1.all_no_prefetch:u,l2_cache_req_stat.ic_dc_miss_in_l2:u} -t 1289100
benchmark-stdout:
workload: detector=512x512 region=8x8 regions=4096 slopes=8192 actuators=468 matrix-bytes=15335424 memory=locked warmup=256
first-cycle: algorithms=1654323 ns sink=1423 ns minor-faults=0 major-faults=0
pixel+controller+normalizer SPA callbacks: n=2000 mean=1100591.3 ns p50=1089043 ns p90=1150998 ns p99=1257799 ns p99.9=1414212 ns max=1859017 ns
scheduled submit+ALPAO sink+ASDK: n=2000 mean=513.1 ns p50=471 ns p90=611 ns p99=942 ns p99.9=1132 ns max=1272 ns
raw detector frame to ALPAO completion: n=2000 mean=1101104.4 ns p50=1089494 ns p90=1151559 ns p99=1258320 ns p99.9=1415084 ns max=1860209 ns
benchmark-stderr:
perf-stdout:
perf-stderr:
Events disabled
Events enabled
Events disabled


$ GLIBC_TUNABLES=glibc.malloc.hugetlb=1 PW_BENCHMARK_MEMORY=locked chrt -f 88 taskset -c 14 /home/dgamroth/workspaces/codex/pipewire/pipewireao-spa-plugins-profiling/build-profile/spa/plugins/calculon/spa-calculon-full-system-test /home/dgamroth/workspaces/codex/pipewire/pipewireao-spa-plugins-profiling/build-profile/spa/plugins/calculon/libspa-calculon.so /home/dgamroth/workspaces/codex/pipewire/pipewireao-spa-plugins-profiling/build-profile/spa/plugins/alpao/libspa-alpao-mock.so mock 2000 468  512 512 8 8
$ perf stat --no-big-num -x ; --output /home/dgamroth/workspaces/codex/pipewire/pipewireao-spa-plugins-profiling/docs/benchmark-data/calculon-system-memory-pmu-2026-08-25-record/stat-oxiblas-thp-locked-core-rep1.csv --delay=-1 --control=fd:4,9 -e {cycles:u,instructions:u,branches:u,branch-misses:u} -t 1289158
benchmark-stdout:
workload: detector=512x512 region=8x8 regions=4096 slopes=8192 actuators=468 matrix-bytes=15335424 memory=locked warmup=256
first-cycle: algorithms=1136702 ns sink=651 ns minor-faults=0 major-faults=0
pixel+controller+normalizer SPA callbacks: n=2000 mean=1097526.1 ns p50=1082831 ns p90=1159755 ns p99=1296732 ns p99.9=1555186 ns max=1926843 ns
scheduled submit+ALPAO sink+ASDK: n=2000 mean=523.5 ns p50=471 ns p90=651 ns p99=1042 ns p99.9=1413 ns max=1513 ns
raw detector frame to ALPAO completion: n=2000 mean=1098049.6 ns p50=1083302 ns p90=1160346 ns p99=1297593 ns p99.9=1555888 ns max=1928116 ns
benchmark-stderr:
perf-stdout:
perf-stderr:
Events disabled
Events enabled
Events disabled


$ GLIBC_TUNABLES=glibc.malloc.hugetlb=1 PW_BENCHMARK_MEMORY=prefault chrt -f 88 taskset -c 14 /home/dgamroth/workspaces/codex/pipewire/pipewireao-spa-plugins-profiling/build-profile/spa/plugins/calculon/spa-calculon-full-system-test /home/dgamroth/workspaces/codex/pipewire/pipewireao-spa-plugins-profiling/build-profile-scalar/spa/plugins/calculon/libspa-calculon.so /home/dgamroth/workspaces/codex/pipewire/pipewireao-spa-plugins-profiling/build-profile/spa/plugins/alpao/libspa-alpao-mock.so mock 2000 468  512 512 8 8
$ perf stat --no-big-num -x ; --output /home/dgamroth/workspaces/codex/pipewire/pipewireao-spa-plugins-profiling/docs/benchmark-data/calculon-system-memory-pmu-2026-08-25-record/stat-scalar-thp-prefault-dtlb-rep1.csv --delay=-1 --control=fd:4,9 -e {cycles:u,instructions:u,l1_dtlb_misses:u,l2_dtlb_misses:u} -t 1289202
benchmark-stdout:
workload: detector=512x512 region=8x8 regions=4096 slopes=8192 actuators=468 matrix-bytes=15335424 memory=prefault warmup=256
first-cycle: algorithms=3332510 ns sink=1533 ns minor-faults=0 major-faults=0
pixel+controller+normalizer SPA callbacks: n=2000 mean=3177320.9 ns p50=3168402 ns p90=3247811 ns p99=3417309 ns p99.9=3778556 ns max=4156996 ns
scheduled submit+ALPAO sink+ASDK: n=2000 mean=600.8 ns p50=551 ns p90=812 ns p99=1202 ns p99.9=1643 ns max=1893 ns
raw detector frame to ALPAO completion: n=2000 mean=3177921.7 ns p50=3168873 ns p90=3248793 ns p99=3418050 ns p99.9=3779438 ns max=4157868 ns
benchmark-stderr:
perf-stdout:
perf-stderr:
Events disabled
Events enabled
Events disabled


$ GLIBC_TUNABLES=glibc.malloc.hugetlb=2 PW_BENCHMARK_MEMORY=prefault chrt -f 88 taskset -c 14 /home/dgamroth/workspaces/codex/pipewire/pipewireao-spa-plugins-profiling/build-profile/spa/plugins/calculon/spa-calculon-full-system-test /home/dgamroth/workspaces/codex/pipewire/pipewireao-spa-plugins-profiling/build-profile/spa/plugins/calculon/libspa-calculon.so /home/dgamroth/workspaces/codex/pipewire/pipewireao-spa-plugins-profiling/build-profile/spa/plugins/alpao/libspa-alpao-mock.so mock 2000 468  512 512 8 8
$ perf stat --no-big-num -x ; --output /home/dgamroth/workspaces/codex/pipewire/pipewireao-spa-plugins-profiling/docs/benchmark-data/calculon-system-memory-pmu-2026-08-25-record/stat-oxiblas-hugetlb-prefault-l1d-rep1.csv --delay=-1 --control=fd:4,9 -e {cycles:u,instructions:u,L1-dcache-loads:u,L1-dcache-load-misses:u} -t 1289324
benchmark-stdout:
workload: detector=512x512 region=8x8 regions=4096 slopes=8192 actuators=468 matrix-bytes=15335424 memory=prefault warmup=256
first-cycle: algorithms=1443097 ns sink=702 ns minor-faults=0 major-faults=0
pixel+controller+normalizer SPA callbacks: n=2000 mean=1109378.6 ns p50=1088041 ns p90=1169022 ns p99=1633112 ns p99.9=1735856 ns max=1917677 ns
scheduled submit+ALPAO sink+ASDK: n=2000 mean=502.6 ns p50=461 ns p90=581 ns p99=1012 ns p99.9=1483 ns max=1673 ns
raw detector frame to ALPAO completion: n=2000 mean=1109881.2 ns p50=1088521 ns p90=1169533 ns p99=1634064 ns p99.9=1736597 ns max=1919350 ns
benchmark-stderr:
perf-stdout:
perf-stderr:
Events disabled
Events enabled
Events disabled


$ GLIBC_TUNABLES=glibc.malloc.hugetlb=1 PW_BENCHMARK_MEMORY=prefault chrt -f 88 taskset -c 14 /home/dgamroth/workspaces/codex/pipewire/pipewireao-spa-plugins-profiling/build-profile/spa/plugins/calculon/spa-calculon-full-system-test /home/dgamroth/workspaces/codex/pipewire/pipewireao-spa-plugins-profiling/build-profile/spa/plugins/calculon/libspa-calculon.so /home/dgamroth/workspaces/codex/pipewire/pipewireao-spa-plugins-profiling/build-profile/spa/plugins/alpao/libspa-alpao-mock.so mock 2000 468  512 512 8 8
$ perf stat --no-big-num -x ; --output /home/dgamroth/workspaces/codex/pipewire/pipewireao-spa-plugins-profiling/docs/benchmark-data/calculon-system-memory-pmu-2026-08-25-record/stat-oxiblas-thp-prefault-l1d-rep1.csv --delay=-1 --control=fd:4,9 -e {cycles:u,instructions:u,L1-dcache-loads:u,L1-dcache-load-misses:u} -t 1289374
benchmark-stdout:
workload: detector=512x512 region=8x8 regions=4096 slopes=8192 actuators=468 matrix-bytes=15335424 memory=prefault warmup=256
first-cycle: algorithms=1240567 ns sink=922 ns minor-faults=0 major-faults=0
pixel+controller+normalizer SPA callbacks: n=2000 mean=1107903.1 ns p50=1089333 ns p90=1178099 ns p99=1355051 ns p99.9=1725896 ns max=1822287 ns
scheduled submit+ALPAO sink+ASDK: n=2000 mean=539.0 ns p50=511 ns p90=652 ns p99=1042 ns p99.9=1353 ns max=1643 ns
raw detector frame to ALPAO completion: n=2000 mean=1108442.0 ns p50=1089794 ns p90=1178570 ns p99=1355602 ns p99.9=1727029 ns max=1823640 ns
benchmark-stderr:
perf-stdout:
perf-stderr:
Events disabled
Events enabled
Events disabled


$ GLIBC_TUNABLES=glibc.malloc.hugetlb=0 PW_BENCHMARK_MEMORY=default chrt -f 88 taskset -c 14 /home/dgamroth/workspaces/codex/pipewire/pipewireao-spa-plugins-profiling/build-profile/spa/plugins/calculon/spa-calculon-full-system-test /home/dgamroth/workspaces/codex/pipewire/pipewireao-spa-plugins-profiling/build-profile/spa/plugins/calculon/libspa-calculon.so /home/dgamroth/workspaces/codex/pipewire/pipewireao-spa-plugins-profiling/build-profile/spa/plugins/alpao/libspa-alpao-mock.so mock 2000 468  512 512 8 8
$ perf stat --no-big-num -x ; --output /home/dgamroth/workspaces/codex/pipewire/pipewireao-spa-plugins-profiling/docs/benchmark-data/calculon-system-memory-pmu-2026-08-25-record/stat-oxiblas-base-default-l2-rep1.csv --delay=-1 --control=fd:4,9 -e {cycles:u,instructions:u,l2_request_g1.all_no_prefetch:u,l2_cache_req_stat.ic_dc_miss_in_l2:u} -t 1289418
benchmark-stdout:
workload: detector=512x512 region=8x8 regions=4096 slopes=8192 actuators=468 matrix-bytes=15335424 memory=default warmup=256
first-cycle: algorithms=1251778 ns sink=752 ns minor-faults=1 major-faults=0
pixel+controller+normalizer SPA callbacks: n=2000 mean=1092617.5 ns p50=1079685 ns p90=1150338 ns p99=1284529 ns p99.9=1497378 ns max=1547493 ns
scheduled submit+ALPAO sink+ASDK: n=2000 mean=573.1 ns p50=541 ns p90=731 ns p99=1042 ns p99.9=1422 ns max=1623 ns
raw detector frame to ALPAO completion: n=2000 mean=1093190.7 ns p50=1080266 ns p90=1150879 ns p99=1285401 ns p99.9=1498069 ns max=1549116 ns
benchmark-stderr:
perf-stdout:
perf-stderr:
Events disabled
Events enabled
Events disabled


$ GLIBC_TUNABLES=glibc.malloc.hugetlb=2 PW_BENCHMARK_MEMORY=default chrt -f 88 taskset -c 14 /home/dgamroth/workspaces/codex/pipewire/pipewireao-spa-plugins-profiling/build-profile/spa/plugins/calculon/spa-calculon-full-system-test /home/dgamroth/workspaces/codex/pipewire/pipewireao-spa-plugins-profiling/build-profile/spa/plugins/calculon/libspa-calculon.so /home/dgamroth/workspaces/codex/pipewire/pipewireao-spa-plugins-profiling/build-profile/spa/plugins/alpao/libspa-alpao-mock.so mock 2000 468  512 512 8 8
$ perf stat --no-big-num -x ; --output /home/dgamroth/workspaces/codex/pipewire/pipewireao-spa-plugins-profiling/docs/benchmark-data/calculon-system-memory-pmu-2026-08-25-record/stat-oxiblas-hugetlb-default-core-rep1.csv --delay=-1 --control=fd:4,9 -e {cycles:u,instructions:u,branches:u,branch-misses:u} -t 1289464
benchmark-stdout:
workload: detector=512x512 region=8x8 regions=4096 slopes=8192 actuators=468 matrix-bytes=15335424 memory=default warmup=256
first-cycle: algorithms=1390428 ns sink=1243 ns minor-faults=1 major-faults=0
pixel+controller+normalizer SPA callbacks: n=2000 mean=1109878.1 ns p50=1090275 ns p90=1188188 ns p99=1355763 ns p99.9=1640867 ns max=1868124 ns
scheduled submit+ALPAO sink+ASDK: n=2000 mean=490.9 ns p50=451 ns p90=581 ns p99=962 ns p99.9=1253 ns max=1362 ns
raw detector frame to ALPAO completion: n=2000 mean=1110369.0 ns p50=1090706 ns p90=1188729 ns p99=1356314 ns p99.9=1641508 ns max=1869296 ns
benchmark-stderr:
perf-stdout:
perf-stderr:
Events disabled
Events enabled
Events disabled


$ GLIBC_TUNABLES=glibc.malloc.hugetlb=2 PW_BENCHMARK_MEMORY=locked chrt -f 88 taskset -c 14 /home/dgamroth/workspaces/codex/pipewire/pipewireao-spa-plugins-profiling/build-profile/spa/plugins/calculon/spa-calculon-full-system-test /home/dgamroth/workspaces/codex/pipewire/pipewireao-spa-plugins-profiling/build-profile-scalar/spa/plugins/calculon/libspa-calculon.so /home/dgamroth/workspaces/codex/pipewire/pipewireao-spa-plugins-profiling/build-profile/spa/plugins/alpao/libspa-alpao-mock.so mock 2000 468  512 512 8 8
$ perf stat --no-big-num -x ; --output /home/dgamroth/workspaces/codex/pipewire/pipewireao-spa-plugins-profiling/docs/benchmark-data/calculon-system-memory-pmu-2026-08-25-record/stat-scalar-hugetlb-locked-l2-rep1.csv --delay=-1 --control=fd:4,9 -e {cycles:u,instructions:u,l2_request_g1.all_no_prefetch:u,l2_cache_req_stat.ic_dc_miss_in_l2:u} -t 1289549
benchmark-stdout:
workload: detector=512x512 region=8x8 regions=4096 slopes=8192 actuators=468 matrix-bytes=15335424 memory=locked warmup=256
first-cycle: algorithms=3173642 ns sink=832 ns minor-faults=0 major-faults=0
pixel+controller+normalizer SPA callbacks: n=2000 mean=3236297.1 ns p50=3226101 ns p90=3307133 ns p99=3484084 ns p99.9=3603167 ns max=3822829 ns
scheduled submit+ALPAO sink+ASDK: n=2000 mean=525.7 ns p50=481 ns p90=691 ns p99=1092 ns p99.9=1573 ns max=1593 ns
raw detector frame to ALPAO completion: n=2000 mean=3236822.8 ns p50=3226611 ns p90=3307603 ns p99=3484625 ns p99.9=3604129 ns max=3823440 ns
benchmark-stderr:
perf-stdout:
perf-stderr:
Events disabled
Events enabled
Events disabled


$ GLIBC_TUNABLES=glibc.malloc.hugetlb=2 PW_BENCHMARK_MEMORY=default chrt -f 88 taskset -c 14 /home/dgamroth/workspaces/codex/pipewire/pipewireao-spa-plugins-profiling/build-profile/spa/plugins/calculon/spa-calculon-full-system-test /home/dgamroth/workspaces/codex/pipewire/pipewireao-spa-plugins-profiling/build-profile/spa/plugins/calculon/libspa-calculon.so /home/dgamroth/workspaces/codex/pipewire/pipewireao-spa-plugins-profiling/build-profile/spa/plugins/alpao/libspa-alpao-mock.so mock 2000 468  512 512 8 8
$ perf stat --no-big-num -x ; --output /home/dgamroth/workspaces/codex/pipewire/pipewireao-spa-plugins-profiling/docs/benchmark-data/calculon-system-memory-pmu-2026-08-25-record/stat-oxiblas-hugetlb-default-l1d-rep1.csv --delay=-1 --control=fd:4,9 -e {cycles:u,instructions:u,L1-dcache-loads:u,L1-dcache-load-misses:u} -t 1289676
benchmark-stdout:
workload: detector=512x512 region=8x8 regions=4096 slopes=8192 actuators=468 matrix-bytes=15335424 memory=default warmup=256
first-cycle: algorithms=1362896 ns sink=741 ns minor-faults=1 major-faults=0
pixel+controller+normalizer SPA callbacks: n=2000 mean=1128842.5 ns p50=1112947 ns p90=1183970 ns p99=1476028 ns p99.9=1639614 ns max=1753178 ns
scheduled submit+ALPAO sink+ASDK: n=2000 mean=506.4 ns p50=461 ns p90=591 ns p99=982 ns p99.9=1452 ns max=1654 ns
raw detector frame to ALPAO completion: n=2000 mean=1129348.9 ns p50=1113418 ns p90=1184441 ns p99=1476549 ns p99.9=1640216 ns max=1754370 ns
benchmark-stderr:
perf-stdout:
perf-stderr:
Events disabled
Events enabled
Events disabled


$ GLIBC_TUNABLES=glibc.malloc.hugetlb=1 PW_BENCHMARK_MEMORY=default chrt -f 88 taskset -c 14 /home/dgamroth/workspaces/codex/pipewire/pipewireao-spa-plugins-profiling/build-profile/spa/plugins/calculon/spa-calculon-full-system-test /home/dgamroth/workspaces/codex/pipewire/pipewireao-spa-plugins-profiling/build-profile/spa/plugins/calculon/libspa-calculon.so /home/dgamroth/workspaces/codex/pipewire/pipewireao-spa-plugins-profiling/build-profile/spa/plugins/alpao/libspa-alpao-mock.so mock 2000 468  512 512 8 8
$ perf stat --no-big-num -x ; --output /home/dgamroth/workspaces/codex/pipewire/pipewireao-spa-plugins-profiling/docs/benchmark-data/calculon-system-memory-pmu-2026-08-25-record/stat-oxiblas-thp-default-l1d-rep1.csv --delay=-1 --control=fd:4,9 -e {cycles:u,instructions:u,L1-dcache-loads:u,L1-dcache-load-misses:u} -t 1289725
benchmark-stdout:
workload: detector=512x512 region=8x8 regions=4096 slopes=8192 actuators=468 matrix-bytes=15335424 memory=default warmup=256
first-cycle: algorithms=1289689 ns sink=902 ns minor-faults=1 major-faults=0
pixel+controller+normalizer SPA callbacks: n=2000 mean=1104002.1 ns p50=1092800 ns p90=1151930 ns p99=1264091 ns p99.9=1351114 ns max=1948113 ns
scheduled submit+ALPAO sink+ASDK: n=2000 mean=547.1 ns p50=521 ns p90=692 ns p99=961 ns p99.9=1373 ns max=1503 ns
raw detector frame to ALPAO completion: n=2000 mean=1104549.2 ns p50=1093370 ns p90=1152501 ns p99=1265002 ns p99.9=1351865 ns max=1949616 ns
benchmark-stderr:
perf-stdout:
perf-stderr:
Events disabled
Events enabled
Events disabled


$ GLIBC_TUNABLES=glibc.malloc.hugetlb=2 PW_BENCHMARK_MEMORY=locked chrt -f 88 taskset -c 14 /home/dgamroth/workspaces/codex/pipewire/pipewireao-spa-plugins-profiling/build-profile/spa/plugins/calculon/spa-calculon-full-system-test /home/dgamroth/workspaces/codex/pipewire/pipewireao-spa-plugins-profiling/build-profile/spa/plugins/calculon/libspa-calculon.so /home/dgamroth/workspaces/codex/pipewire/pipewireao-spa-plugins-profiling/build-profile/spa/plugins/alpao/libspa-alpao-mock.so mock 2000 468  512 512 8 8
$ perf stat --no-big-num -x ; --output /home/dgamroth/workspaces/codex/pipewire/pipewireao-spa-plugins-profiling/docs/benchmark-data/calculon-system-memory-pmu-2026-08-25-record/stat-oxiblas-hugetlb-locked-faults-rep1.csv --delay=-1 --control=fd:4,9 -e {page-faults,minor-faults,major-faults,context-switches,cpu-migrations} -t 1289776
benchmark-stdout:
workload: detector=512x512 region=8x8 regions=4096 slopes=8192 actuators=468 matrix-bytes=15335424 memory=locked warmup=256
first-cycle: algorithms=1349882 ns sink=812 ns minor-faults=0 major-faults=0
pixel+controller+normalizer SPA callbacks: n=2000 mean=1117815.4 ns p50=1095845 ns p90=1197476 ns p99=1481839 ns p99.9=1698085 ns max=2047460 ns
scheduled submit+ALPAO sink+ASDK: n=2000 mean=523.7 ns p50=491 ns p90=631 ns p99=1042 ns p99.9=1412 ns max=1673 ns
raw detector frame to ALPAO completion: n=2000 mean=1118339.0 ns p50=1096326 ns p90=1197987 ns p99=1482540 ns p99.9=1698976 ns max=2048222 ns
benchmark-stderr:
perf-stdout:
perf-stderr:
Events disabled
Events enabled
Events disabled


$ GLIBC_TUNABLES=glibc.malloc.hugetlb=1 PW_BENCHMARK_MEMORY=prefault chrt -f 88 taskset -c 14 /home/dgamroth/workspaces/codex/pipewire/pipewireao-spa-plugins-profiling/build-profile/spa/plugins/calculon/spa-calculon-full-system-test /home/dgamroth/workspaces/codex/pipewire/pipewireao-spa-plugins-profiling/build-profile/spa/plugins/calculon/libspa-calculon.so /home/dgamroth/workspaces/codex/pipewire/pipewireao-spa-plugins-profiling/build-profile/spa/plugins/alpao/libspa-alpao-mock.so mock 2000 468  512 512 8 8
$ perf stat --no-big-num -x ; --output /home/dgamroth/workspaces/codex/pipewire/pipewireao-spa-plugins-profiling/docs/benchmark-data/calculon-system-memory-pmu-2026-08-25-record/stat-oxiblas-thp-prefault-faults-rep1.csv --delay=-1 --control=fd:4,9 -e {page-faults,minor-faults,major-faults,context-switches,cpu-migrations} -t 1289821
benchmark-stdout:
workload: detector=512x512 region=8x8 regions=4096 slopes=8192 actuators=468 matrix-bytes=15335424 memory=prefault warmup=256
first-cycle: algorithms=1271124 ns sink=781 ns minor-faults=0 major-faults=0
pixel+controller+normalizer SPA callbacks: n=2000 mean=1093396.9 ns p50=1083272 ns p90=1145158 ns p99=1262928 ns p99.9=1375549 ns max=1463825 ns
scheduled submit+ALPAO sink+ASDK: n=2000 mean=591.1 ns p50=551 ns p90=791 ns p99=1112 ns p99.9=1402 ns max=1923 ns
raw detector frame to ALPAO completion: n=2000 mean=1093988.0 ns p50=1083793 ns p90=1145709 ns p99=1264020 ns p99.9=1376772 ns max=1464467 ns
benchmark-stderr:
perf-stdout:
perf-stderr:
Events disabled
Events enabled
Events disabled


$ GLIBC_TUNABLES=glibc.malloc.hugetlb=0 PW_BENCHMARK_MEMORY=locked chrt -f 88 taskset -c 14 /home/dgamroth/workspaces/codex/pipewire/pipewireao-spa-plugins-profiling/build-profile/spa/plugins/calculon/spa-calculon-full-system-test /home/dgamroth/workspaces/codex/pipewire/pipewireao-spa-plugins-profiling/build-profile/spa/plugins/calculon/libspa-calculon.so /home/dgamroth/workspaces/codex/pipewire/pipewireao-spa-plugins-profiling/build-profile/spa/plugins/alpao/libspa-alpao-mock.so mock 2000 468  512 512 8 8
$ perf stat --no-big-num -x ; --output /home/dgamroth/workspaces/codex/pipewire/pipewireao-spa-plugins-profiling/docs/benchmark-data/calculon-system-memory-pmu-2026-08-25-record/stat-oxiblas-base-locked-core-rep1.csv --delay=-1 --control=fd:4,9 -e {cycles:u,instructions:u,branches:u,branch-misses:u} -t 1289865
benchmark-stdout:
workload: detector=512x512 region=8x8 regions=4096 slopes=8192 actuators=468 matrix-bytes=15335424 memory=locked warmup=256
first-cycle: algorithms=1156108 ns sink=742 ns minor-faults=0 major-faults=0
pixel+controller+normalizer SPA callbacks: n=2000 mean=1099170.4 ns p50=1083733 ns p90=1160256 ns p99=1288958 ns p99.9=1489704 ns max=1806948 ns
scheduled submit+ALPAO sink+ASDK: n=2000 mean=569.3 ns p50=541 ns p90=791 ns p99=1192 ns p99.9=1553 ns max=1733 ns
raw detector frame to ALPAO completion: n=2000 mean=1099739.7 ns p50=1084373 ns p90=1161198 ns p99=1289920 ns p99.9=1491257 ns max=1808381 ns
benchmark-stderr:
perf-stdout:
perf-stderr:
Events disabled
Events enabled
Events disabled


$ GLIBC_TUNABLES=glibc.malloc.hugetlb=0 PW_BENCHMARK_MEMORY=prefault chrt -f 88 taskset -c 14 /home/dgamroth/workspaces/codex/pipewire/pipewireao-spa-plugins-profiling/build-profile/spa/plugins/calculon/spa-calculon-full-system-test /home/dgamroth/workspaces/codex/pipewire/pipewireao-spa-plugins-profiling/build-profile-scalar/spa/plugins/calculon/libspa-calculon.so /home/dgamroth/workspaces/codex/pipewire/pipewireao-spa-plugins-profiling/build-profile/spa/plugins/alpao/libspa-alpao-mock.so mock 2000 468  512 512 8 8
$ perf stat --no-big-num -x ; --output /home/dgamroth/workspaces/codex/pipewire/pipewireao-spa-plugins-profiling/docs/benchmark-data/calculon-system-memory-pmu-2026-08-25-record/stat-scalar-base-prefault-l1d-rep1.csv --delay=-1 --control=fd:4,9 -e {cycles:u,instructions:u,L1-dcache-loads:u,L1-dcache-load-misses:u} -t 1289917
benchmark-stdout:
workload: detector=512x512 region=8x8 regions=4096 slopes=8192 actuators=468 matrix-bytes=15335424 memory=prefault warmup=256
first-cycle: algorithms=3307813 ns sink=1332 ns minor-faults=0 major-faults=0
pixel+controller+normalizer SPA callbacks: n=2000 mean=3195814.8 ns p50=3187588 ns p90=3268731 ns p99=3491268 ns p99.9=3641880 ns max=3722501 ns
scheduled submit+ALPAO sink+ASDK: n=2000 mean=536.2 ns p50=471 ns p90=721 ns p99=1182 ns p99.9=1733 ns max=5561 ns
raw detector frame to ALPAO completion: n=2000 mean=3196351.1 ns p50=3188049 ns p90=3269421 ns p99=3492350 ns p99.9=3642461 ns max=3724265 ns
benchmark-stderr:
perf-stdout:
perf-stderr:
Events disabled
Events enabled
Events disabled


$ GLIBC_TUNABLES=glibc.malloc.hugetlb=2 PW_BENCHMARK_MEMORY=locked chrt -f 88 taskset -c 14 /home/dgamroth/workspaces/codex/pipewire/pipewireao-spa-plugins-profiling/build-profile/spa/plugins/calculon/spa-calculon-full-system-test /home/dgamroth/workspaces/codex/pipewire/pipewireao-spa-plugins-profiling/build-profile-scalar/spa/plugins/calculon/libspa-calculon.so /home/dgamroth/workspaces/codex/pipewire/pipewireao-spa-plugins-profiling/build-profile/spa/plugins/alpao/libspa-alpao-mock.so mock 2000 468  512 512 8 8
$ perf stat --no-big-num -x ; --output /home/dgamroth/workspaces/codex/pipewire/pipewireao-spa-plugins-profiling/docs/benchmark-data/calculon-system-memory-pmu-2026-08-25-record/stat-scalar-hugetlb-locked-l1d-rep1.csv --delay=-1 --control=fd:4,9 -e {cycles:u,instructions:u,L1-dcache-loads:u,L1-dcache-load-misses:u} -t 1290046
benchmark-stdout:
workload: detector=512x512 region=8x8 regions=4096 slopes=8192 actuators=468 matrix-bytes=15335424 memory=locked warmup=256
first-cycle: algorithms=3293867 ns sink=902 ns minor-faults=0 major-faults=0
pixel+controller+normalizer SPA callbacks: n=2000 mean=3231827.1 ns p50=3221100 ns p90=3307793 ns p99=3506887 ns p99.9=3672016 ns max=4020530 ns
scheduled submit+ALPAO sink+ASDK: n=2000 mean=502.1 ns p50=451 ns p90=642 ns p99=1052 ns p99.9=1543 ns max=2445 ns
raw detector frame to ALPAO completion: n=2000 mean=3232329.2 ns p50=3221582 ns p90=3308354 ns p99=3507498 ns p99.9=3672758 ns max=4021702 ns
benchmark-stderr:
perf-stdout:
perf-stderr:
Events disabled
Events enabled
Events disabled


$ GLIBC_TUNABLES=glibc.malloc.hugetlb=2 PW_BENCHMARK_MEMORY=default chrt -f 88 taskset -c 14 /home/dgamroth/workspaces/codex/pipewire/pipewireao-spa-plugins-profiling/build-profile/spa/plugins/calculon/spa-calculon-full-system-test /home/dgamroth/workspaces/codex/pipewire/pipewireao-spa-plugins-profiling/build-profile/spa/plugins/calculon/libspa-calculon.so /home/dgamroth/workspaces/codex/pipewire/pipewireao-spa-plugins-profiling/build-profile/spa/plugins/alpao/libspa-alpao-mock.so mock 2000 468  512 512 8 8
$ perf stat --no-big-num -x ; --output /home/dgamroth/workspaces/codex/pipewire/pipewireao-spa-plugins-profiling/docs/benchmark-data/calculon-system-memory-pmu-2026-08-25-record/stat-oxiblas-hugetlb-default-faults-rep1.csv --delay=-1 --control=fd:4,9 -e {page-faults,minor-faults,major-faults,context-switches,cpu-migrations} -t 1290200
benchmark-stdout:
workload: detector=512x512 region=8x8 regions=4096 slopes=8192 actuators=468 matrix-bytes=15335424 memory=default warmup=256
first-cycle: algorithms=1358648 ns sink=721 ns minor-faults=1 major-faults=0
pixel+controller+normalizer SPA callbacks: n=2000 mean=1108755.1 ns p50=1092088 ns p90=1163312 ns p99=1439490 ns p99.9=1877992 ns max=1902679 ns
scheduled submit+ALPAO sink+ASDK: n=2000 mean=512.3 ns p50=461 ns p90=612 ns p99=992 ns p99.9=1483 ns max=1723 ns
raw detector frame to ALPAO completion: n=2000 mean=1109267.5 ns p50=1092559 ns p90=1163762 ns p99=1440602 ns p99.9=1878884 ns max=1903871 ns
benchmark-stderr:
perf-stdout:
perf-stderr:
Events disabled
Events enabled
Events disabled


$ GLIBC_TUNABLES=glibc.malloc.hugetlb=2 PW_BENCHMARK_MEMORY=default chrt -f 88 taskset -c 14 /home/dgamroth/workspaces/codex/pipewire/pipewireao-spa-plugins-profiling/build-profile/spa/plugins/calculon/spa-calculon-full-system-test /home/dgamroth/workspaces/codex/pipewire/pipewireao-spa-plugins-profiling/build-profile-scalar/spa/plugins/calculon/libspa-calculon.so /home/dgamroth/workspaces/codex/pipewire/pipewireao-spa-plugins-profiling/build-profile/spa/plugins/alpao/libspa-alpao-mock.so mock 2000 468  512 512 8 8
$ perf stat --no-big-num -x ; --output /home/dgamroth/workspaces/codex/pipewire/pipewireao-spa-plugins-profiling/docs/benchmark-data/calculon-system-memory-pmu-2026-08-25-record/stat-scalar-hugetlb-default-dtlb-rep1.csv --delay=-1 --control=fd:4,9 -e {cycles:u,instructions:u,l1_dtlb_misses:u,l2_dtlb_misses:u} -t 1290276
benchmark-stdout:
workload: detector=512x512 region=8x8 regions=4096 slopes=8192 actuators=468 matrix-bytes=15335424 memory=default warmup=256
first-cycle: algorithms=3263881 ns sink=1112 ns minor-faults=1 major-faults=0
pixel+controller+normalizer SPA callbacks: n=2000 mean=3217229.0 ns p50=3209840 ns p90=3280974 ns p99=3405206 ns p99.9=3738331 ns max=3798694 ns
scheduled submit+ALPAO sink+ASDK: n=2000 mean=513.1 ns p50=471 ns p90=621 ns p99=1072 ns p99.9=1432 ns max=1513 ns
raw detector frame to ALPAO completion: n=2000 mean=3217742.1 ns p50=3210301 ns p90=3281454 ns p99=3406548 ns p99.9=3739664 ns max=3799556 ns
benchmark-stderr:
perf-stdout:
perf-stderr:
Events disabled
Events enabled
Events disabled


$ GLIBC_TUNABLES=glibc.malloc.hugetlb=2 PW_BENCHMARK_MEMORY=prefault chrt -f 88 taskset -c 14 /home/dgamroth/workspaces/codex/pipewire/pipewireao-spa-plugins-profiling/build-profile/spa/plugins/calculon/spa-calculon-full-system-test /home/dgamroth/workspaces/codex/pipewire/pipewireao-spa-plugins-profiling/build-profile-scalar/spa/plugins/calculon/libspa-calculon.so /home/dgamroth/workspaces/codex/pipewire/pipewireao-spa-plugins-profiling/build-profile/spa/plugins/alpao/libspa-alpao-mock.so mock 2000 468  512 512 8 8
$ perf stat --no-big-num -x ; --output /home/dgamroth/workspaces/codex/pipewire/pipewireao-spa-plugins-profiling/docs/benchmark-data/calculon-system-memory-pmu-2026-08-25-record/stat-scalar-hugetlb-prefault-l2-rep1.csv --delay=-1 --control=fd:4,9 -e {cycles:u,instructions:u,l2_request_g1.all_no_prefetch:u,l2_cache_req_stat.ic_dc_miss_in_l2:u} -t 1290374
benchmark-stdout:
workload: detector=512x512 region=8x8 regions=4096 slopes=8192 actuators=468 matrix-bytes=15335424 memory=prefault warmup=256
first-cycle: algorithms=3170757 ns sink=692 ns minor-faults=0 major-faults=0
pixel+controller+normalizer SPA callbacks: n=2000 mean=3237589.4 ns p50=3232342 ns p90=3300089 ns p99=3414784 ns p99.9=3706771 ns max=3978001 ns
scheduled submit+ALPAO sink+ASDK: n=2000 mean=503.6 ns p50=451 ns p90=611 ns p99=952 ns p99.9=1352 ns max=1463 ns
raw detector frame to ALPAO completion: n=2000 mean=3238093.0 ns p50=3232903 ns p90=3300640 ns p99=3415746 ns p99.9=3707483 ns max=3979243 ns
benchmark-stderr:
perf-stdout:
perf-stderr:
Events disabled
Events enabled
Events disabled


$ GLIBC_TUNABLES=glibc.malloc.hugetlb=0 PW_BENCHMARK_MEMORY=default chrt -f 88 taskset -c 14 /home/dgamroth/workspaces/codex/pipewire/pipewireao-spa-plugins-profiling/build-profile/spa/plugins/calculon/spa-calculon-full-system-test /home/dgamroth/workspaces/codex/pipewire/pipewireao-spa-plugins-profiling/build-profile/spa/plugins/calculon/libspa-calculon.so /home/dgamroth/workspaces/codex/pipewire/pipewireao-spa-plugins-profiling/build-profile/spa/plugins/alpao/libspa-alpao-mock.so mock 2000 468  512 512 8 8
$ perf stat --no-big-num -x ; --output /home/dgamroth/workspaces/codex/pipewire/pipewireao-spa-plugins-profiling/docs/benchmark-data/calculon-system-memory-pmu-2026-08-25-record/stat-oxiblas-base-default-core-rep1.csv --delay=-1 --control=fd:4,9 -e {cycles:u,instructions:u,branches:u,branch-misses:u} -t 1290513
benchmark-stdout:
workload: detector=512x512 region=8x8 regions=4096 slopes=8192 actuators=468 matrix-bytes=15335424 memory=default warmup=256
first-cycle: algorithms=1305218 ns sink=651 ns minor-faults=1 major-faults=0
pixel+controller+normalizer SPA callbacks: n=2000 mean=1114096.8 ns p50=1091337 ns p90=1183369 ns p99=1508178 ns p99.9=2140555 ns max=2421551 ns
scheduled submit+ALPAO sink+ASDK: n=2000 mean=578.1 ns p50=541 ns p90=821 ns p99=1213 ns p99.9=1934 ns max=2224 ns
raw detector frame to ALPAO completion: n=2000 mean=1114675.0 ns p50=1091888 ns p90=1183850 ns p99=1508980 ns p99.9=2141677 ns max=2423054 ns
benchmark-stderr:
perf-stdout:
perf-stderr:
Events disabled
Events enabled
Events disabled


$ GLIBC_TUNABLES=glibc.malloc.hugetlb=0 PW_BENCHMARK_MEMORY=default chrt -f 88 taskset -c 14 /home/dgamroth/workspaces/codex/pipewire/pipewireao-spa-plugins-profiling/build-profile/spa/plugins/calculon/spa-calculon-full-system-test /home/dgamroth/workspaces/codex/pipewire/pipewireao-spa-plugins-profiling/build-profile/spa/plugins/calculon/libspa-calculon.so /home/dgamroth/workspaces/codex/pipewire/pipewireao-spa-plugins-profiling/build-profile/spa/plugins/alpao/libspa-alpao-mock.so mock 2000 468  512 512 8 8
$ perf stat --no-big-num -x ; --output /home/dgamroth/workspaces/codex/pipewire/pipewireao-spa-plugins-profiling/docs/benchmark-data/calculon-system-memory-pmu-2026-08-25-record/stat-oxiblas-base-default-l1d-rep1.csv --delay=-1 --control=fd:4,9 -e {cycles:u,instructions:u,L1-dcache-loads:u,L1-dcache-load-misses:u} -t 1290573
benchmark-stdout:
workload: detector=512x512 region=8x8 regions=4096 slopes=8192 actuators=468 matrix-bytes=15335424 memory=default warmup=256
first-cycle: algorithms=1253461 ns sink=702 ns minor-faults=1 major-faults=0
pixel+controller+normalizer SPA callbacks: n=2000 mean=1113752.4 ns p50=1097047 ns p90=1180323 ns p99=1339792 ns p99.9=1640306 ns max=1797010 ns
scheduled submit+ALPAO sink+ASDK: n=2000 mean=546.0 ns p50=521 ns p90=721 ns p99=1042 ns p99.9=1323 ns max=1503 ns
raw detector frame to ALPAO completion: n=2000 mean=1114298.3 ns p50=1097588 ns p90=1181205 ns p99=1340313 ns p99.9=1641438 ns max=1798202 ns
benchmark-stderr:
perf-stdout:
perf-stderr:
Events disabled
Events enabled
Events disabled


$ GLIBC_TUNABLES=glibc.malloc.hugetlb=1 PW_BENCHMARK_MEMORY=default chrt -f 88 taskset -c 14 /home/dgamroth/workspaces/codex/pipewire/pipewireao-spa-plugins-profiling/build-profile/spa/plugins/calculon/spa-calculon-full-system-test /home/dgamroth/workspaces/codex/pipewire/pipewireao-spa-plugins-profiling/build-profile/spa/plugins/calculon/libspa-calculon.so /home/dgamroth/workspaces/codex/pipewire/pipewireao-spa-plugins-profiling/build-profile/spa/plugins/alpao/libspa-alpao-mock.so mock 2000 468  512 512 8 8
$ perf stat --no-big-num -x ; --output /home/dgamroth/workspaces/codex/pipewire/pipewireao-spa-plugins-profiling/docs/benchmark-data/calculon-system-memory-pmu-2026-08-25-record/stat-oxiblas-thp-default-faults-rep1.csv --delay=-1 --control=fd:4,9 -e {page-faults,minor-faults,major-faults,context-switches,cpu-migrations} -t 1290632
benchmark-stdout:
workload: detector=512x512 region=8x8 regions=4096 slopes=8192 actuators=468 matrix-bytes=15335424 memory=default warmup=256
first-cycle: algorithms=1210660 ns sink=922 ns minor-faults=1 major-faults=0
pixel+controller+normalizer SPA callbacks: n=2000 mean=1111921.3 ns p50=1097819 ns p90=1170936 ns p99=1302553 ns p99.9=1509761 ns max=1589030 ns
scheduled submit+ALPAO sink+ASDK: n=2000 mean=566.5 ns p50=531 ns p90=741 ns p99=1012 ns p99.9=1322 ns max=1423 ns
raw detector frame to ALPAO completion: n=2000 mean=1112487.7 ns p50=1098440 ns p90=1171427 ns p99=1303625 ns p99.9=1511184 ns max=1589612 ns
benchmark-stderr:
perf-stdout:
perf-stderr:
Events disabled
Events enabled
Events disabled


$ GLIBC_TUNABLES=glibc.malloc.hugetlb=0 PW_BENCHMARK_MEMORY=locked chrt -f 88 taskset -c 14 /home/dgamroth/workspaces/codex/pipewire/pipewireao-spa-plugins-profiling/build-profile/spa/plugins/calculon/spa-calculon-full-system-test /home/dgamroth/workspaces/codex/pipewire/pipewireao-spa-plugins-profiling/build-profile/spa/plugins/calculon/libspa-calculon.so /home/dgamroth/workspaces/codex/pipewire/pipewireao-spa-plugins-profiling/build-profile/spa/plugins/alpao/libspa-alpao-mock.so mock 2000 468  512 512 8 8
$ perf stat --no-big-num -x ; --output /home/dgamroth/workspaces/codex/pipewire/pipewireao-spa-plugins-profiling/docs/benchmark-data/calculon-system-memory-pmu-2026-08-25-record/stat-oxiblas-base-locked-l1d-rep1.csv --delay=-1 --control=fd:4,9 -e {cycles:u,instructions:u,L1-dcache-loads:u,L1-dcache-load-misses:u} -t 1290688
benchmark-stdout:
workload: detector=512x512 region=8x8 regions=4096 slopes=8192 actuators=468 matrix-bytes=15335424 memory=locked warmup=256
first-cycle: algorithms=1406658 ns sink=922 ns minor-faults=0 major-faults=0
pixel+controller+normalizer SPA callbacks: n=2000 mean=1117422.1 ns p50=1094713 ns p90=1203727 ns p99=1434129 ns p99.9=1848757 ns max=1914119 ns
scheduled submit+ALPAO sink+ASDK: n=2000 mean=551.0 ns p50=511 ns p90=761 ns p99=1012 ns p99.9=1273 ns max=1553 ns
raw detector frame to ALPAO completion: n=2000 mean=1117973.1 ns p50=1095194 ns p90=1204399 ns p99=1434891 ns p99.9=1849739 ns max=1915131 ns
benchmark-stderr:
perf-stdout:
perf-stderr:
Events disabled
Events enabled
Events disabled


$ GLIBC_TUNABLES=glibc.malloc.hugetlb=2 PW_BENCHMARK_MEMORY=locked chrt -f 88 taskset -c 14 /home/dgamroth/workspaces/codex/pipewire/pipewireao-spa-plugins-profiling/build-profile/spa/plugins/calculon/spa-calculon-full-system-test /home/dgamroth/workspaces/codex/pipewire/pipewireao-spa-plugins-profiling/build-profile-scalar/spa/plugins/calculon/libspa-calculon.so /home/dgamroth/workspaces/codex/pipewire/pipewireao-spa-plugins-profiling/build-profile/spa/plugins/alpao/libspa-alpao-mock.so mock 2000 468  512 512 8 8
$ perf stat --no-big-num -x ; --output /home/dgamroth/workspaces/codex/pipewire/pipewireao-spa-plugins-profiling/docs/benchmark-data/calculon-system-memory-pmu-2026-08-25-record/stat-scalar-hugetlb-locked-core-rep1.csv --delay=-1 --control=fd:4,9 -e {cycles:u,instructions:u,branches:u,branch-misses:u} -t 1290747
benchmark-stdout:
workload: detector=512x512 region=8x8 regions=4096 slopes=8192 actuators=468 matrix-bytes=15335424 memory=locked warmup=256
first-cycle: algorithms=3189402 ns sink=692 ns minor-faults=0 major-faults=0
pixel+controller+normalizer SPA callbacks: n=2000 mean=3235988.6 ns p50=3222723 ns p90=3304738 ns p99=3455029 ns p99.9=3943035 ns max=4098336 ns
scheduled submit+ALPAO sink+ASDK: n=2000 mean=488.5 ns p50=450 ns p90=651 ns p99=1042 ns p99.9=1332 ns max=1744 ns
raw detector frame to ALPAO completion: n=2000 mean=3236477.1 ns p50=3223305 ns p90=3305229 ns p99=3456161 ns p99.9=3943786 ns max=4099088 ns
benchmark-stderr:
perf-stdout:
perf-stderr:
Events disabled
Events enabled
Events disabled


$ GLIBC_TUNABLES=glibc.malloc.hugetlb=0 PW_BENCHMARK_MEMORY=default chrt -f 88 taskset -c 14 /home/dgamroth/workspaces/codex/pipewire/pipewireao-spa-plugins-profiling/build-profile/spa/plugins/calculon/spa-calculon-full-system-test /home/dgamroth/workspaces/codex/pipewire/pipewireao-spa-plugins-profiling/build-profile-scalar/spa/plugins/calculon/libspa-calculon.so /home/dgamroth/workspaces/codex/pipewire/pipewireao-spa-plugins-profiling/build-profile/spa/plugins/alpao/libspa-alpao-mock.so mock 2000 468  512 512 8 8
$ perf stat --no-big-num -x ; --output /home/dgamroth/workspaces/codex/pipewire/pipewireao-spa-plugins-profiling/docs/benchmark-data/calculon-system-memory-pmu-2026-08-25-record/stat-scalar-base-default-dtlb-rep1.csv --delay=-1 --control=fd:4,9 -e {cycles:u,instructions:u,l1_dtlb_misses:u,l2_dtlb_misses:u} -t 1290850
benchmark-stdout:
workload: detector=512x512 region=8x8 regions=4096 slopes=8192 actuators=468 matrix-bytes=15335424 memory=default warmup=256
first-cycle: algorithms=3434271 ns sink=1673 ns minor-faults=1 major-faults=0
pixel+controller+normalizer SPA callbacks: n=2000 mean=3205235.6 ns p50=3203648 ns p90=3268890 ns p99=3460470 ns p99.9=3662719 ns max=3727431 ns
scheduled submit+ALPAO sink+ASDK: n=2000 mean=579.2 ns p50=531 ns p90=812 ns p99=1152 ns p99.9=1663 ns max=2325 ns
raw detector frame to ALPAO completion: n=2000 mean=3205814.9 ns p50=3204299 ns p90=3269481 ns p99=3461261 ns p99.9=3663300 ns max=3728192 ns
benchmark-stderr:
perf-stdout:
perf-stderr:
Events disabled
Events enabled
Events disabled


$ GLIBC_TUNABLES=glibc.malloc.hugetlb=2 PW_BENCHMARK_MEMORY=default chrt -f 88 taskset -c 14 /home/dgamroth/workspaces/codex/pipewire/pipewireao-spa-plugins-profiling/build-profile/spa/plugins/calculon/spa-calculon-full-system-test /home/dgamroth/workspaces/codex/pipewire/pipewireao-spa-plugins-profiling/build-profile-scalar/spa/plugins/calculon/libspa-calculon.so /home/dgamroth/workspaces/codex/pipewire/pipewireao-spa-plugins-profiling/build-profile/spa/plugins/alpao/libspa-alpao-mock.so mock 2000 468  512 512 8 8
$ perf stat --no-big-num -x ; --output /home/dgamroth/workspaces/codex/pipewire/pipewireao-spa-plugins-profiling/docs/benchmark-data/calculon-system-memory-pmu-2026-08-25-record/stat-scalar-hugetlb-default-faults-rep1.csv --delay=-1 --control=fd:4,9 -e {page-faults,minor-faults,major-faults,context-switches,cpu-migrations} -t 1290977
benchmark-stdout:
workload: detector=512x512 region=8x8 regions=4096 slopes=8192 actuators=468 matrix-bytes=15335424 memory=default warmup=256
first-cycle: algorithms=3246018 ns sink=931 ns minor-faults=1 major-faults=0
pixel+controller+normalizer SPA callbacks: n=2000 mean=3237570.8 ns p50=3228836 ns p90=3311570 ns p99=3595032 ns p99.9=3668470 ns max=3687616 ns
scheduled submit+ALPAO sink+ASDK: n=2000 mean=528.9 ns p50=501 ns p90=681 ns p99=1011 ns p99.9=1413 ns max=4508 ns
raw detector frame to ALPAO completion: n=2000 mean=3238099.7 ns p50=3229367 ns p90=3312051 ns p99=3595543 ns p99.9=3669031 ns max=3688387 ns
benchmark-stderr:
perf-stdout:
perf-stderr:
Events disabled
Events enabled
Events disabled


$ GLIBC_TUNABLES=glibc.malloc.hugetlb=0 PW_BENCHMARK_MEMORY=default chrt -f 88 taskset -c 14 /home/dgamroth/workspaces/codex/pipewire/pipewireao-spa-plugins-profiling/build-profile/spa/plugins/calculon/spa-calculon-full-system-test /home/dgamroth/workspaces/codex/pipewire/pipewireao-spa-plugins-profiling/build-profile/spa/plugins/calculon/libspa-calculon.so /home/dgamroth/workspaces/codex/pipewire/pipewireao-spa-plugins-profiling/build-profile/spa/plugins/alpao/libspa-alpao-mock.so mock 2000 468  512 512 8 8
$ perf stat --no-big-num -x ; --output /home/dgamroth/workspaces/codex/pipewire/pipewireao-spa-plugins-profiling/docs/benchmark-data/calculon-system-memory-pmu-2026-08-25-record/stat-oxiblas-base-default-faults-rep1.csv --delay=-1 --control=fd:4,9 -e {page-faults,minor-faults,major-faults,context-switches,cpu-migrations} -t 1291098
benchmark-stdout:
workload: detector=512x512 region=8x8 regions=4096 slopes=8192 actuators=468 matrix-bytes=15335424 memory=default warmup=256
first-cycle: algorithms=1300529 ns sink=812 ns minor-faults=1 major-faults=0
pixel+controller+normalizer SPA callbacks: n=2000 mean=1099888.5 ns p50=1081268 ns p90=1160737 ns p99=1390888 ns p99.9=1759410 ns max=1808842 ns
scheduled submit+ALPAO sink+ASDK: n=2000 mean=531.1 ns p50=481 ns p90=661 ns p99=1042 ns p99.9=1453 ns max=1814 ns
raw detector frame to ALPAO completion: n=2000 mean=1100419.6 ns p50=1081768 ns p90=1161378 ns p99=1391680 ns p99.9=1760502 ns max=1810656 ns
benchmark-stderr:
perf-stdout:
perf-stderr:
Events disabled
Events enabled
Events disabled


$ GLIBC_TUNABLES=glibc.malloc.hugetlb=1 PW_BENCHMARK_MEMORY=default chrt -f 88 taskset -c 14 /home/dgamroth/workspaces/codex/pipewire/pipewireao-spa-plugins-profiling/build-profile/spa/plugins/calculon/spa-calculon-full-system-test /home/dgamroth/workspaces/codex/pipewire/pipewireao-spa-plugins-profiling/build-profile-scalar/spa/plugins/calculon/libspa-calculon.so /home/dgamroth/workspaces/codex/pipewire/pipewireao-spa-plugins-profiling/build-profile/spa/plugins/alpao/libspa-alpao-mock.so mock 2000 468  512 512 8 8
$ perf stat --no-big-num -x ; --output /home/dgamroth/workspaces/codex/pipewire/pipewireao-spa-plugins-profiling/docs/benchmark-data/calculon-system-memory-pmu-2026-08-25-record/stat-scalar-thp-default-l2-rep1.csv --delay=-1 --control=fd:4,9 -e {cycles:u,instructions:u,l2_request_g1.all_no_prefetch:u,l2_cache_req_stat.ic_dc_miss_in_l2:u} -t 1291144
benchmark-stdout:
workload: detector=512x512 region=8x8 regions=4096 slopes=8192 actuators=468 matrix-bytes=15335424 memory=default warmup=256
first-cycle: algorithms=3267208 ns sink=1022 ns minor-faults=1 major-faults=0
pixel+controller+normalizer SPA callbacks: n=2000 mean=3187014.1 ns p50=3177539 ns p90=3261597 ns p99=3385900 ns p99.9=3641850 ns max=3903941 ns
scheduled submit+ALPAO sink+ASDK: n=2000 mean=580.3 ns p50=541 ns p90=791 ns p99=1153 ns p99.9=1854 ns max=2846 ns
raw detector frame to ALPAO completion: n=2000 mean=3187594.4 ns p50=3178090 ns p90=3262248 ns p99=3386912 ns p99.9=3642491 ns max=3905404 ns
benchmark-stderr:
perf-stdout:
perf-stderr:
Events disabled
Events enabled
Events disabled


$ GLIBC_TUNABLES=glibc.malloc.hugetlb=0 PW_BENCHMARK_MEMORY=prefault chrt -f 88 taskset -c 14 /home/dgamroth/workspaces/codex/pipewire/pipewireao-spa-plugins-profiling/build-profile/spa/plugins/calculon/spa-calculon-full-system-test /home/dgamroth/workspaces/codex/pipewire/pipewireao-spa-plugins-profiling/build-profile/spa/plugins/calculon/libspa-calculon.so /home/dgamroth/workspaces/codex/pipewire/pipewireao-spa-plugins-profiling/build-profile/spa/plugins/alpao/libspa-alpao-mock.so mock 2000 468  512 512 8 8
$ perf stat --no-big-num -x ; --output /home/dgamroth/workspaces/codex/pipewire/pipewireao-spa-plugins-profiling/docs/benchmark-data/calculon-system-memory-pmu-2026-08-25-record/stat-oxiblas-base-prefault-l2-rep1.csv --delay=-1 --control=fd:4,9 -e {cycles:u,instructions:u,l2_request_g1.all_no_prefetch:u,l2_cache_req_stat.ic_dc_miss_in_l2:u} -t 1291260
benchmark-stdout:
workload: detector=512x512 region=8x8 regions=4096 slopes=8192 actuators=468 matrix-bytes=15335424 memory=prefault warmup=256
first-cycle: algorithms=1351014 ns sink=1413 ns minor-faults=0 major-faults=0
pixel+controller+normalizer SPA callbacks: n=2000 mean=1106865.5 ns p50=1089634 ns p90=1169674 ns p99=1405736 ns p99.9=1621622 ns max=1636849 ns
scheduled submit+ALPAO sink+ASDK: n=2000 mean=550.0 ns p50=521 ns p90=702 ns p99=1012 ns p99.9=1303 ns max=1644 ns
raw detector frame to ALPAO completion: n=2000 mean=1107415.5 ns p50=1090134 ns p90=1170145 ns p99=1406818 ns p99.9=1622493 ns max=1637741 ns
benchmark-stderr:
perf-stdout:
perf-stderr:
Events disabled
Events enabled
Events disabled


$ GLIBC_TUNABLES=glibc.malloc.hugetlb=2 PW_BENCHMARK_MEMORY=prefault chrt -f 88 taskset -c 14 /home/dgamroth/workspaces/codex/pipewire/pipewireao-spa-plugins-profiling/build-profile/spa/plugins/calculon/spa-calculon-full-system-test /home/dgamroth/workspaces/codex/pipewire/pipewireao-spa-plugins-profiling/build-profile/spa/plugins/calculon/libspa-calculon.so /home/dgamroth/workspaces/codex/pipewire/pipewireao-spa-plugins-profiling/build-profile/spa/plugins/alpao/libspa-alpao-mock.so mock 2000 468  512 512 8 8
$ perf stat --no-big-num -x ; --output /home/dgamroth/workspaces/codex/pipewire/pipewireao-spa-plugins-profiling/docs/benchmark-data/calculon-system-memory-pmu-2026-08-25-record/stat-oxiblas-hugetlb-prefault-dtlb-rep1.csv --delay=-1 --control=fd:4,9 -e {cycles:u,instructions:u,l1_dtlb_misses:u,l2_dtlb_misses:u} -t 1291316
benchmark-stdout:
workload: detector=512x512 region=8x8 regions=4096 slopes=8192 actuators=468 matrix-bytes=15335424 memory=prefault warmup=256
first-cycle: algorithms=1313273 ns sink=842 ns minor-faults=0 major-faults=0
pixel+controller+normalizer SPA callbacks: n=2000 mean=1107154.4 ns p50=1093280 ns p90=1161518 ns p99=1315758 ns p99.9=1437466 ns max=1931753 ns
scheduled submit+ALPAO sink+ASDK: n=2000 mean=490.1 ns p50=451 ns p90=561 ns p99=882 ns p99.9=1162 ns max=1333 ns
raw detector frame to ALPAO completion: n=2000 mean=1107644.5 ns p50=1093751 ns p90=1162049 ns p99=1316489 ns p99.9=1438458 ns max=1933086 ns
benchmark-stderr:
perf-stdout:
perf-stderr:
Events disabled
Events enabled
Events disabled


$ GLIBC_TUNABLES=glibc.malloc.hugetlb=0 PW_BENCHMARK_MEMORY=prefault chrt -f 88 taskset -c 14 /home/dgamroth/workspaces/codex/pipewire/pipewireao-spa-plugins-profiling/build-profile/spa/plugins/calculon/spa-calculon-full-system-test /home/dgamroth/workspaces/codex/pipewire/pipewireao-spa-plugins-profiling/build-profile-scalar/spa/plugins/calculon/libspa-calculon.so /home/dgamroth/workspaces/codex/pipewire/pipewireao-spa-plugins-profiling/build-profile/spa/plugins/alpao/libspa-alpao-mock.so mock 2000 468  512 512 8 8
$ perf stat --no-big-num -x ; --output /home/dgamroth/workspaces/codex/pipewire/pipewireao-spa-plugins-profiling/docs/benchmark-data/calculon-system-memory-pmu-2026-08-25-record/stat-scalar-base-prefault-l2-rep1.csv --delay=-1 --control=fd:4,9 -e {cycles:u,instructions:u,l2_request_g1.all_no_prefetch:u,l2_cache_req_stat.ic_dc_miss_in_l2:u} -t 1291375
benchmark-stdout:
workload: detector=512x512 region=8x8 regions=4096 slopes=8192 actuators=468 matrix-bytes=15335424 memory=prefault warmup=256
first-cycle: algorithms=3219598 ns sink=731 ns minor-faults=0 major-faults=0
pixel+controller+normalizer SPA callbacks: n=2000 mean=3181264.7 ns p50=3168111 ns p90=3264112 ns p99=3446754 ns p99.9=3672106 ns max=3975205 ns
scheduled submit+ALPAO sink+ASDK: n=2000 mean=534.5 ns p50=481 ns p90=702 ns p99=1172 ns p99.9=1513 ns max=2174 ns
raw detector frame to ALPAO completion: n=2000 mean=3181799.2 ns p50=3168563 ns p90=3264823 ns p99=3447565 ns p99.9=3673719 ns max=3976177 ns
benchmark-stderr:
perf-stdout:
perf-stderr:
Events disabled
Events enabled
Events disabled


$ GLIBC_TUNABLES=glibc.malloc.hugetlb=2 PW_BENCHMARK_MEMORY=locked chrt -f 88 taskset -c 14 /home/dgamroth/workspaces/codex/pipewire/pipewireao-spa-plugins-profiling/build-profile/spa/plugins/calculon/spa-calculon-full-system-test /home/dgamroth/workspaces/codex/pipewire/pipewireao-spa-plugins-profiling/build-profile-scalar/spa/plugins/calculon/libspa-calculon.so /home/dgamroth/workspaces/codex/pipewire/pipewireao-spa-plugins-profiling/build-profile/spa/plugins/alpao/libspa-alpao-mock.so mock 2000 468  512 512 8 8
$ perf stat --no-big-num -x ; --output /home/dgamroth/workspaces/codex/pipewire/pipewireao-spa-plugins-profiling/docs/benchmark-data/calculon-system-memory-pmu-2026-08-25-record/stat-scalar-hugetlb-locked-dtlb-rep1.csv --delay=-1 --control=fd:4,9 -e {cycles:u,instructions:u,l1_dtlb_misses:u,l2_dtlb_misses:u} -t 1291469
benchmark-stdout:
workload: detector=512x512 region=8x8 regions=4096 slopes=8192 actuators=468 matrix-bytes=15335424 memory=locked warmup=256
first-cycle: algorithms=3302423 ns sink=531 ns minor-faults=0 major-faults=0
pixel+controller+normalizer SPA callbacks: n=2000 mean=3228613.6 ns p50=3213387 ns p90=3301281 ns p99=3576748 ns p99.9=3828279 ns max=3936172 ns
scheduled submit+ALPAO sink+ASDK: n=2000 mean=499.2 ns p50=451 ns p90=641 ns p99=1042 ns p99.9=1613 ns max=1723 ns
raw detector frame to ALPAO completion: n=2000 mean=3229112.9 ns p50=3213837 ns p90=3301732 ns p99=3577279 ns p99.9=3828971 ns max=3936803 ns
benchmark-stderr:
perf-stdout:
perf-stderr:
Events disabled
Events enabled
Events disabled


$ GLIBC_TUNABLES=glibc.malloc.hugetlb=2 PW_BENCHMARK_MEMORY=default chrt -f 88 taskset -c 14 /home/dgamroth/workspaces/codex/pipewire/pipewireao-spa-plugins-profiling/build-profile/spa/plugins/calculon/spa-calculon-full-system-test /home/dgamroth/workspaces/codex/pipewire/pipewireao-spa-plugins-profiling/build-profile-scalar/spa/plugins/calculon/libspa-calculon.so /home/dgamroth/workspaces/codex/pipewire/pipewireao-spa-plugins-profiling/build-profile/spa/plugins/alpao/libspa-alpao-mock.so mock 2000 468  512 512 8 8
$ perf stat --no-big-num -x ; --output /home/dgamroth/workspaces/codex/pipewire/pipewireao-spa-plugins-profiling/docs/benchmark-data/calculon-system-memory-pmu-2026-08-25-record/stat-scalar-hugetlb-default-l1d-rep1.csv --delay=-1 --control=fd:4,9 -e {cycles:u,instructions:u,L1-dcache-loads:u,L1-dcache-load-misses:u} -t 1291606
benchmark-stdout:
workload: detector=512x512 region=8x8 regions=4096 slopes=8192 actuators=468 matrix-bytes=15335424 memory=default warmup=256
first-cycle: algorithms=3208357 ns sink=861 ns minor-faults=1 major-faults=0
pixel+controller+normalizer SPA callbacks: n=2000 mean=3238035.0 ns p50=3224357 ns p90=3316489 ns p99=3493852 ns p99.9=3703816 ns max=3909171 ns
scheduled submit+ALPAO sink+ASDK: n=2000 mean=513.5 ns p50=451 ns p90=671 ns p99=1122 ns p99.9=1383 ns max=1733 ns
raw detector frame to ALPAO completion: n=2000 mean=3238548.5 ns p50=3224898 ns p90=3317130 ns p99=3494964 ns p99.9=3704287 ns max=3910523 ns
benchmark-stderr:
perf-stdout:
perf-stderr:
Events disabled
Events enabled
Events disabled


$ GLIBC_TUNABLES=glibc.malloc.hugetlb=0 PW_BENCHMARK_MEMORY=locked chrt -f 88 taskset -c 14 /home/dgamroth/workspaces/codex/pipewire/pipewireao-spa-plugins-profiling/build-profile/spa/plugins/calculon/spa-calculon-full-system-test /home/dgamroth/workspaces/codex/pipewire/pipewireao-spa-plugins-profiling/build-profile/spa/plugins/calculon/libspa-calculon.so /home/dgamroth/workspaces/codex/pipewire/pipewireao-spa-plugins-profiling/build-profile/spa/plugins/alpao/libspa-alpao-mock.so mock 2000 468  512 512 8 8
$ perf stat --no-big-num -x ; --output /home/dgamroth/workspaces/codex/pipewire/pipewireao-spa-plugins-profiling/docs/benchmark-data/calculon-system-memory-pmu-2026-08-25-record/stat-oxiblas-base-locked-dtlb-rep1.csv --delay=-1 --control=fd:4,9 -e {cycles:u,instructions:u,l1_dtlb_misses:u,l2_dtlb_misses:u} -t 1291742
benchmark-stdout:
workload: detector=512x512 region=8x8 regions=4096 slopes=8192 actuators=468 matrix-bytes=15335424 memory=locked warmup=256
first-cycle: algorithms=1248471 ns sink=661 ns minor-faults=0 major-faults=0
pixel+controller+normalizer SPA callbacks: n=2000 mean=1107315.1 ns p50=1086187 ns p90=1174783 ns p99=1409474 ns p99.9=1659843 ns max=1796369 ns
scheduled submit+ALPAO sink+ASDK: n=2000 mean=563.2 ns p50=531 ns p90=781 ns p99=1072 ns p99.9=1392 ns max=1683 ns
raw detector frame to ALPAO completion: n=2000 mean=1107878.3 ns p50=1086798 ns p90=1175605 ns p99=1410445 ns p99.9=1661235 ns max=1797541 ns
benchmark-stderr:
perf-stdout:
perf-stderr:
Events disabled
Events enabled
Events disabled


$ GLIBC_TUNABLES=glibc.malloc.hugetlb=1 PW_BENCHMARK_MEMORY=locked chrt -f 88 taskset -c 14 /home/dgamroth/workspaces/codex/pipewire/pipewireao-spa-plugins-profiling/build-profile/spa/plugins/calculon/spa-calculon-full-system-test /home/dgamroth/workspaces/codex/pipewire/pipewireao-spa-plugins-profiling/build-profile/spa/plugins/calculon/libspa-calculon.so /home/dgamroth/workspaces/codex/pipewire/pipewireao-spa-plugins-profiling/build-profile/spa/plugins/alpao/libspa-alpao-mock.so mock 2000 468  512 512 8 8
$ perf stat --no-big-num -x ; --output /home/dgamroth/workspaces/codex/pipewire/pipewireao-spa-plugins-profiling/docs/benchmark-data/calculon-system-memory-pmu-2026-08-25-record/stat-oxiblas-thp-locked-l1d-rep1.csv --delay=-1 --control=fd:4,9 -e {cycles:u,instructions:u,L1-dcache-loads:u,L1-dcache-load-misses:u} -t 1291800
benchmark-stdout:
workload: detector=512x512 region=8x8 regions=4096 slopes=8192 actuators=468 matrix-bytes=15335424 memory=locked warmup=256
first-cycle: algorithms=1180253 ns sink=741 ns minor-faults=0 major-faults=0
pixel+controller+normalizer SPA callbacks: n=2000 mean=1108226.5 ns p50=1093821 ns p90=1163963 ns p99=1345343 ns p99.9=1638603 ns max=1658881 ns
scheduled submit+ALPAO sink+ASDK: n=2000 mean=562.7 ns p50=541 ns p90=732 ns p99=1042 ns p99.9=1623 ns max=1914 ns
raw detector frame to ALPAO completion: n=2000 mean=1108789.1 ns p50=1094332 ns p90=1164514 ns p99=1346175 ns p99.9=1639385 ns max=1660414 ns
benchmark-stderr:
perf-stdout:
perf-stderr:
Events disabled
Events enabled
Events disabled


$ GLIBC_TUNABLES=glibc.malloc.hugetlb=1 PW_BENCHMARK_MEMORY=locked chrt -f 88 taskset -c 14 /home/dgamroth/workspaces/codex/pipewire/pipewireao-spa-plugins-profiling/build-profile/spa/plugins/calculon/spa-calculon-full-system-test /home/dgamroth/workspaces/codex/pipewire/pipewireao-spa-plugins-profiling/build-profile-scalar/spa/plugins/calculon/libspa-calculon.so /home/dgamroth/workspaces/codex/pipewire/pipewireao-spa-plugins-profiling/build-profile/spa/plugins/alpao/libspa-alpao-mock.so mock 2000 468  512 512 8 8
$ perf stat --no-big-num -x ; --output /home/dgamroth/workspaces/codex/pipewire/pipewireao-spa-plugins-profiling/docs/benchmark-data/calculon-system-memory-pmu-2026-08-25-record/stat-scalar-thp-locked-faults-rep1.csv --delay=-1 --control=fd:4,9 -e {page-faults,minor-faults,major-faults,context-switches,cpu-migrations} -t 1291861
benchmark-stdout:
workload: detector=512x512 region=8x8 regions=4096 slopes=8192 actuators=468 matrix-bytes=15335424 memory=locked warmup=256
first-cycle: algorithms=3182178 ns sink=832 ns minor-faults=0 major-faults=0
pixel+controller+normalizer SPA callbacks: n=2000 mean=3177607.5 ns p50=3166539 ns p90=3254533 ns p99=3454058 ns p99.9=3863776 ns max=3977299 ns
scheduled submit+ALPAO sink+ASDK: n=2000 mean=578.3 ns p50=541 ns p90=801 ns p99=1192 ns p99.9=1513 ns max=2475 ns
raw detector frame to ALPAO completion: n=2000 mean=3178185.7 ns p50=3167079 ns p90=3255114 ns p99=3454780 ns p99.9=3865029 ns max=3978060 ns
benchmark-stderr:
perf-stdout:
perf-stderr:
Events disabled
Events enabled
Events disabled


$ GLIBC_TUNABLES=glibc.malloc.hugetlb=1 PW_BENCHMARK_MEMORY=default chrt -f 88 taskset -c 14 /home/dgamroth/workspaces/codex/pipewire/pipewireao-spa-plugins-profiling/build-profile/spa/plugins/calculon/spa-calculon-full-system-test /home/dgamroth/workspaces/codex/pipewire/pipewireao-spa-plugins-profiling/build-profile/spa/plugins/calculon/libspa-calculon.so /home/dgamroth/workspaces/codex/pipewire/pipewireao-spa-plugins-profiling/build-profile/spa/plugins/alpao/libspa-alpao-mock.so mock 2000 468  512 512 8 8
$ perf stat --no-big-num -x ; --output /home/dgamroth/workspaces/codex/pipewire/pipewireao-spa-plugins-profiling/docs/benchmark-data/calculon-system-memory-pmu-2026-08-25-record/stat-oxiblas-thp-default-l2-rep1.csv --delay=-1 --control=fd:4,9 -e {cycles:u,instructions:u,l2_request_g1.all_no_prefetch:u,l2_cache_req_stat.ic_dc_miss_in_l2:u} -t 1291989
benchmark-stdout:
workload: detector=512x512 region=8x8 regions=4096 slopes=8192 actuators=468 matrix-bytes=15335424 memory=default warmup=256
first-cycle: algorithms=1411838 ns sink=691 ns minor-faults=1 major-faults=0
pixel+controller+normalizer SPA callbacks: n=2000 mean=1107862.7 ns p50=1097649 ns p90=1153083 ns p99=1306280 ns p99.9=1508449 ns max=1533737 ns
scheduled submit+ALPAO sink+ASDK: n=2000 mean=570.6 ns p50=541 ns p90=702 ns p99=1052 ns p99.9=1874 ns max=11021 ns
raw detector frame to ALPAO completion: n=2000 mean=1108433.3 ns p50=1098240 ns p90=1153894 ns p99=1306961 ns p99.9=1509180 ns max=1534428 ns
benchmark-stderr:
perf-stdout:
perf-stderr:
Events disabled
Events enabled
Events disabled


$ GLIBC_TUNABLES=glibc.malloc.hugetlb=0 PW_BENCHMARK_MEMORY=prefault chrt -f 88 taskset -c 14 /home/dgamroth/workspaces/codex/pipewire/pipewireao-spa-plugins-profiling/build-profile/spa/plugins/calculon/spa-calculon-full-system-test /home/dgamroth/workspaces/codex/pipewire/pipewireao-spa-plugins-profiling/build-profile/spa/plugins/calculon/libspa-calculon.so /home/dgamroth/workspaces/codex/pipewire/pipewireao-spa-plugins-profiling/build-profile/spa/plugins/alpao/libspa-alpao-mock.so mock 2000 468  512 512 8 8
$ perf stat --no-big-num -x ; --output /home/dgamroth/workspaces/codex/pipewire/pipewireao-spa-plugins-profiling/docs/benchmark-data/calculon-system-memory-pmu-2026-08-25-record/stat-oxiblas-base-prefault-l1d-rep1.csv --delay=-1 --control=fd:4,9 -e {cycles:u,instructions:u,L1-dcache-loads:u,L1-dcache-load-misses:u} -t 1292065
benchmark-stdout:
workload: detector=512x512 region=8x8 regions=4096 slopes=8192 actuators=468 matrix-bytes=15335424 memory=prefault warmup=256
first-cycle: algorithms=1235167 ns sink=651 ns minor-faults=0 major-faults=0
pixel+controller+normalizer SPA callbacks: n=2000 mean=1110885.3 ns p50=1089293 ns p90=1188739 ns p99=1465128 ns p99.9=1734252 ns max=1869646 ns
scheduled submit+ALPAO sink+ASDK: n=2000 mean=548.3 ns p50=521 ns p90=671 ns p99=1022 ns p99.9=1413 ns max=9378 ns
raw detector frame to ALPAO completion: n=2000 mean=1111433.5 ns p50=1089804 ns p90=1189210 ns p99=1466410 ns p99.9=1735064 ns max=1871059 ns
benchmark-stderr:
perf-stdout:
perf-stderr:
Events disabled
Events enabled
Events disabled


$ GLIBC_TUNABLES=glibc.malloc.hugetlb=0 PW_BENCHMARK_MEMORY=default chrt -f 88 taskset -c 14 /home/dgamroth/workspaces/codex/pipewire/pipewireao-spa-plugins-profiling/build-profile/spa/plugins/calculon/spa-calculon-full-system-test /home/dgamroth/workspaces/codex/pipewire/pipewireao-spa-plugins-profiling/build-profile-scalar/spa/plugins/calculon/libspa-calculon.so /home/dgamroth/workspaces/codex/pipewire/pipewireao-spa-plugins-profiling/build-profile/spa/plugins/alpao/libspa-alpao-mock.so mock 2000 468  512 512 8 8
$ perf stat --no-big-num -x ; --output /home/dgamroth/workspaces/codex/pipewire/pipewireao-spa-plugins-profiling/docs/benchmark-data/calculon-system-memory-pmu-2026-08-25-record/stat-scalar-base-default-faults-rep1.csv --delay=-1 --control=fd:4,9 -e {page-faults,minor-faults,major-faults,context-switches,cpu-migrations} -t 1292103
benchmark-stdout:
workload: detector=512x512 region=8x8 regions=4096 slopes=8192 actuators=468 matrix-bytes=15335424 memory=default warmup=256
first-cycle: algorithms=3283849 ns sink=1072 ns minor-faults=1 major-faults=0
pixel+controller+normalizer SPA callbacks: n=2000 mean=3182191.0 ns p50=3172940 ns p90=3252239 ns p99=3412751 ns p99.9=3638283 ns max=3893562 ns
scheduled submit+ALPAO sink+ASDK: n=2000 mean=544.2 ns p50=521 ns p90=711 ns p99=1062 ns p99.9=1453 ns max=1954 ns
raw detector frame to ALPAO completion: n=2000 mean=3182735.2 ns p50=3173411 ns p90=3252870 ns p99=3413422 ns p99.9=3639285 ns max=3895516 ns
benchmark-stderr:
perf-stdout:
perf-stderr:
Events disabled
Events enabled
Events disabled


$ GLIBC_TUNABLES=glibc.malloc.hugetlb=1 PW_BENCHMARK_MEMORY=default chrt -f 88 taskset -c 14 /home/dgamroth/workspaces/codex/pipewire/pipewireao-spa-plugins-profiling/build-profile/spa/plugins/calculon/spa-calculon-full-system-test /home/dgamroth/workspaces/codex/pipewire/pipewireao-spa-plugins-profiling/build-profile-scalar/spa/plugins/calculon/libspa-calculon.so /home/dgamroth/workspaces/codex/pipewire/pipewireao-spa-plugins-profiling/build-profile/spa/plugins/alpao/libspa-alpao-mock.so mock 2000 468  512 512 8 8
$ perf stat --no-big-num -x ; --output /home/dgamroth/workspaces/codex/pipewire/pipewireao-spa-plugins-profiling/docs/benchmark-data/calculon-system-memory-pmu-2026-08-25-record/stat-scalar-thp-default-dtlb-rep1.csv --delay=-1 --control=fd:4,9 -e {cycles:u,instructions:u,l1_dtlb_misses:u,l2_dtlb_misses:u} -t 1292207
benchmark-stdout:
workload: detector=512x512 region=8x8 regions=4096 slopes=8192 actuators=468 matrix-bytes=15335424 memory=default warmup=256
first-cycle: algorithms=3245126 ns sink=1263 ns minor-faults=1 major-faults=0
pixel+controller+normalizer SPA callbacks: n=2000 mean=3190586.2 ns p50=3178311 ns p90=3271565 ns p99=3466411 ns p99.9=3625690 ns max=3735546 ns
scheduled submit+ALPAO sink+ASDK: n=2000 mean=580.0 ns p50=531 ns p90=811 ns p99=1313 ns p99.9=1863 ns max=8586 ns
raw detector frame to ALPAO completion: n=2000 mean=3191166.2 ns p50=3178852 ns p90=3272276 ns p99=3467052 ns p99.9=3626461 ns max=3737129 ns
benchmark-stderr:
perf-stdout:
perf-stderr:
Events disabled
Events enabled
Events disabled


$ GLIBC_TUNABLES=glibc.malloc.hugetlb=0 PW_BENCHMARK_MEMORY=locked chrt -f 88 taskset -c 14 /home/dgamroth/workspaces/codex/pipewire/pipewireao-spa-plugins-profiling/build-profile/spa/plugins/calculon/spa-calculon-full-system-test /home/dgamroth/workspaces/codex/pipewire/pipewireao-spa-plugins-profiling/build-profile-scalar/spa/plugins/calculon/libspa-calculon.so /home/dgamroth/workspaces/codex/pipewire/pipewireao-spa-plugins-profiling/build-profile/spa/plugins/alpao/libspa-alpao-mock.so mock 2000 468  512 512 8 8
$ perf stat --no-big-num -x ; --output /home/dgamroth/workspaces/codex/pipewire/pipewireao-spa-plugins-profiling/docs/benchmark-data/calculon-system-memory-pmu-2026-08-25-record/stat-scalar-base-locked-l1d-rep1.csv --delay=-1 --control=fd:4,9 -e {cycles:u,instructions:u,L1-dcache-loads:u,L1-dcache-load-misses:u} -t 1292341
benchmark-stdout:
workload: detector=512x512 region=8x8 regions=4096 slopes=8192 actuators=468 matrix-bytes=15335424 memory=locked warmup=256
first-cycle: algorithms=3226411 ns sink=841 ns minor-faults=0 major-faults=0
pixel+controller+normalizer SPA callbacks: n=2000 mean=3196315.8 ns p50=3181837 ns p90=3281303 ns p99=3457895 ns p99.9=3668720 ns max=3680141 ns
scheduled submit+ALPAO sink+ASDK: n=2000 mean=567.1 ns p50=521 ns p90=802 ns p99=1222 ns p99.9=1683 ns max=2154 ns
raw detector frame to ALPAO completion: n=2000 mean=3196882.8 ns p50=3182369 ns p90=3281824 ns p99=3459037 ns p99.9=3669472 ns max=3681634 ns
benchmark-stderr:
perf-stdout:
perf-stderr:
Events disabled
Events enabled
Events disabled


$ GLIBC_TUNABLES=glibc.malloc.hugetlb=1 PW_BENCHMARK_MEMORY=default chrt -f 88 taskset -c 14 /home/dgamroth/workspaces/codex/pipewire/pipewireao-spa-plugins-profiling/build-profile/spa/plugins/calculon/spa-calculon-full-system-test /home/dgamroth/workspaces/codex/pipewire/pipewireao-spa-plugins-profiling/build-profile-scalar/spa/plugins/calculon/libspa-calculon.so /home/dgamroth/workspaces/codex/pipewire/pipewireao-spa-plugins-profiling/build-profile/spa/plugins/alpao/libspa-alpao-mock.so mock 2000 468  512 512 8 8
$ perf stat --no-big-num -x ; --output /home/dgamroth/workspaces/codex/pipewire/pipewireao-spa-plugins-profiling/docs/benchmark-data/calculon-system-memory-pmu-2026-08-25-record/stat-scalar-thp-default-core-rep1.csv --delay=-1 --control=fd:4,9 -e {cycles:u,instructions:u,branches:u,branch-misses:u} -t 1292505
benchmark-stdout:
workload: detector=512x512 region=8x8 regions=4096 slopes=8192 actuators=468 matrix-bytes=15335424 memory=default warmup=256
first-cycle: algorithms=3194121 ns sink=832 ns minor-faults=1 major-faults=0
pixel+controller+normalizer SPA callbacks: n=2000 mean=3186667.0 ns p50=3180104 ns p90=3266836 ns p99=3426416 ns p99.9=3630018 ns max=3676545 ns
scheduled submit+ALPAO sink+ASDK: n=2000 mean=530.9 ns p50=481 ns p90=691 ns p99=1022 ns p99.9=1683 ns max=1863 ns
raw detector frame to ALPAO completion: n=2000 mean=3187197.9 ns p50=3180635 ns p90=3267477 ns p99=3427298 ns p99.9=3630609 ns max=3677527 ns
benchmark-stderr:
perf-stdout:
perf-stderr:
Events disabled
Events enabled
Events disabled


$ GLIBC_TUNABLES=glibc.malloc.hugetlb=1 PW_BENCHMARK_MEMORY=locked chrt -f 88 taskset -c 14 /home/dgamroth/workspaces/codex/pipewire/pipewireao-spa-plugins-profiling/build-profile/spa/plugins/calculon/spa-calculon-full-system-test /home/dgamroth/workspaces/codex/pipewire/pipewireao-spa-plugins-profiling/build-profile-scalar/spa/plugins/calculon/libspa-calculon.so /home/dgamroth/workspaces/codex/pipewire/pipewireao-spa-plugins-profiling/build-profile/spa/plugins/alpao/libspa-alpao-mock.so mock 2000 468  512 512 8 8
$ perf stat --no-big-num -x ; --output /home/dgamroth/workspaces/codex/pipewire/pipewireao-spa-plugins-profiling/docs/benchmark-data/calculon-system-memory-pmu-2026-08-25-record/stat-scalar-thp-locked-l2-rep1.csv --delay=-1 --control=fd:4,9 -e {cycles:u,instructions:u,l2_request_g1.all_no_prefetch:u,l2_cache_req_stat.ic_dc_miss_in_l2:u} -t 1292610
benchmark-stdout:
workload: detector=512x512 region=8x8 regions=4096 slopes=8192 actuators=468 matrix-bytes=15335424 memory=locked warmup=256
first-cycle: algorithms=3200683 ns sink=852 ns minor-faults=0 major-faults=0
pixel+controller+normalizer SPA callbacks: n=2000 mean=3210393.9 ns p50=3197637 ns p90=3299268 ns p99=3621392 ns p99.9=3747849 ns max=3932866 ns
scheduled submit+ALPAO sink+ASDK: n=2000 mean=634.2 ns p50=561 ns p90=902 ns p99=1292 ns p99.9=1854 ns max=2244 ns
raw detector frame to ALPAO completion: n=2000 mean=3211028.1 ns p50=3198208 ns p90=3299809 ns p99=3622274 ns p99.9=3748881 ns max=3933547 ns
benchmark-stderr:
perf-stdout:
perf-stderr:
Events disabled
Events enabled
Events disabled


$ GLIBC_TUNABLES=glibc.malloc.hugetlb=2 PW_BENCHMARK_MEMORY=locked chrt -f 88 taskset -c 14 /home/dgamroth/workspaces/codex/pipewire/pipewireao-spa-plugins-profiling/build-profile/spa/plugins/calculon/spa-calculon-full-system-test /home/dgamroth/workspaces/codex/pipewire/pipewireao-spa-plugins-profiling/build-profile/spa/plugins/calculon/libspa-calculon.so /home/dgamroth/workspaces/codex/pipewire/pipewireao-spa-plugins-profiling/build-profile/spa/plugins/alpao/libspa-alpao-mock.so mock 2000 468  512 512 8 8
$ perf stat --no-big-num -x ; --output /home/dgamroth/workspaces/codex/pipewire/pipewireao-spa-plugins-profiling/docs/benchmark-data/calculon-system-memory-pmu-2026-08-25-record/stat-oxiblas-hugetlb-locked-l1d-rep1.csv --delay=-1 --control=fd:4,9 -e {cycles:u,instructions:u,L1-dcache-loads:u,L1-dcache-load-misses:u} -t 1292727
benchmark-stdout:
workload: detector=512x512 region=8x8 regions=4096 slopes=8192 actuators=468 matrix-bytes=15335424 memory=locked warmup=256
first-cycle: algorithms=1293997 ns sink=632 ns minor-faults=0 major-faults=0
pixel+controller+normalizer SPA callbacks: n=2000 mean=1117148.4 ns p50=1104562 ns p90=1174182 ns p99=1303605 ns p99.9=1451892 ns max=1829421 ns
scheduled submit+ALPAO sink+ASDK: n=2000 mean=501.7 ns p50=461 ns p90=591 ns p99=962 ns p99.9=1192 ns max=1342 ns
raw detector frame to ALPAO completion: n=2000 mean=1117650.1 ns p50=1105013 ns p90=1174623 ns p99=1304286 ns p99.9=1452724 ns max=1830613 ns
benchmark-stderr:
perf-stdout:
perf-stderr:
Events disabled
Events enabled
Events disabled


$ GLIBC_TUNABLES=glibc.malloc.hugetlb=0 PW_BENCHMARK_MEMORY=locked chrt -f 88 taskset -c 14 /home/dgamroth/workspaces/codex/pipewire/pipewireao-spa-plugins-profiling/build-profile/spa/plugins/calculon/spa-calculon-full-system-test /home/dgamroth/workspaces/codex/pipewire/pipewireao-spa-plugins-profiling/build-profile-scalar/spa/plugins/calculon/libspa-calculon.so /home/dgamroth/workspaces/codex/pipewire/pipewireao-spa-plugins-profiling/build-profile/spa/plugins/alpao/libspa-alpao-mock.so mock 2000 468  512 512 8 8
$ perf stat --no-big-num -x ; --output /home/dgamroth/workspaces/codex/pipewire/pipewireao-spa-plugins-profiling/docs/benchmark-data/calculon-system-memory-pmu-2026-08-25-record/stat-scalar-base-locked-dtlb-rep1.csv --delay=-1 --control=fd:4,9 -e {cycles:u,instructions:u,l1_dtlb_misses:u,l2_dtlb_misses:u} -t 1292795
benchmark-stdout:
workload: detector=512x512 region=8x8 regions=4096 slopes=8192 actuators=468 matrix-bytes=15335424 memory=locked warmup=256
first-cycle: algorithms=3147182 ns sink=941 ns minor-faults=0 major-faults=0
pixel+controller+normalizer SPA callbacks: n=2000 mean=3189727.8 ns p50=3175666 ns p90=3267077 ns p99=3478905 ns p99.9=3661757 ns max=3756225 ns
scheduled submit+ALPAO sink+ASDK: n=2000 mean=582.6 ns p50=531 ns p90=831 ns p99=1192 ns p99.9=1743 ns max=2324 ns
raw detector frame to ALPAO completion: n=2000 mean=3190310.4 ns p50=3176227 ns p90=3268240 ns p99=3479536 ns p99.9=3662348 ns max=3757968 ns
benchmark-stderr:
perf-stdout:
perf-stderr:
Events disabled
Events enabled
Events disabled


$ GLIBC_TUNABLES=glibc.malloc.hugetlb=1 PW_BENCHMARK_MEMORY=prefault chrt -f 88 taskset -c 14 /home/dgamroth/workspaces/codex/pipewire/pipewireao-spa-plugins-profiling/build-profile/spa/plugins/calculon/spa-calculon-full-system-test /home/dgamroth/workspaces/codex/pipewire/pipewireao-spa-plugins-profiling/build-profile-scalar/spa/plugins/calculon/libspa-calculon.so /home/dgamroth/workspaces/codex/pipewire/pipewireao-spa-plugins-profiling/build-profile/spa/plugins/alpao/libspa-alpao-mock.so mock 2000 468  512 512 8 8
$ perf stat --no-big-num -x ; --output /home/dgamroth/workspaces/codex/pipewire/pipewireao-spa-plugins-profiling/docs/benchmark-data/calculon-system-memory-pmu-2026-08-25-record/stat-scalar-thp-prefault-l2-rep1.csv --delay=-1 --control=fd:4,9 -e {cycles:u,instructions:u,l2_request_g1.all_no_prefetch:u,l2_cache_req_stat.ic_dc_miss_in_l2:u} -t 1292926
benchmark-stdout:
workload: detector=512x512 region=8x8 regions=4096 slopes=8192 actuators=468 matrix-bytes=15335424 memory=prefault warmup=256
first-cycle: algorithms=3240357 ns sink=932 ns minor-faults=0 major-faults=0
pixel+controller+normalizer SPA callbacks: n=2000 mean=3189453.7 ns p50=3175836 ns p90=3265504 ns p99=3462233 ns p99.9=3645267 ns max=3869096 ns
scheduled submit+ALPAO sink+ASDK: n=2000 mean=537.6 ns p50=481 ns p90=712 ns p99=1132 ns p99.9=1623 ns max=1914 ns
raw detector frame to ALPAO completion: n=2000 mean=3189991.3 ns p50=3176307 ns p90=3266226 ns p99=3462774 ns p99.9=3646479 ns max=3871010 ns
benchmark-stderr:
perf-stdout:
perf-stderr:
Events disabled
Events enabled
Events disabled


$ GLIBC_TUNABLES=glibc.malloc.hugetlb=2 PW_BENCHMARK_MEMORY=locked chrt -f 88 taskset -c 14 /home/dgamroth/workspaces/codex/pipewire/pipewireao-spa-plugins-profiling/build-profile/spa/plugins/calculon/spa-calculon-full-system-test /home/dgamroth/workspaces/codex/pipewire/pipewireao-spa-plugins-profiling/build-profile/spa/plugins/calculon/libspa-calculon.so /home/dgamroth/workspaces/codex/pipewire/pipewireao-spa-plugins-profiling/build-profile/spa/plugins/alpao/libspa-alpao-mock.so mock 2000 468  512 512 8 8
$ perf stat --no-big-num -x ; --output /home/dgamroth/workspaces/codex/pipewire/pipewireao-spa-plugins-profiling/docs/benchmark-data/calculon-system-memory-pmu-2026-08-25-record/stat-oxiblas-hugetlb-locked-core-rep1.csv --delay=-1 --control=fd:4,9 -e {cycles:u,instructions:u,branches:u,branch-misses:u} -t 1293055
benchmark-stdout:
workload: detector=512x512 region=8x8 regions=4096 slopes=8192 actuators=468 matrix-bytes=15335424 memory=locked warmup=256
first-cycle: algorithms=1311229 ns sink=812 ns minor-faults=0 major-faults=0
pixel+controller+normalizer SPA callbacks: n=2000 mean=1108206.0 ns p50=1091006 ns p90=1176577 ns p99=1316078 ns p99.9=1635017 ns max=1904131 ns
scheduled submit+ALPAO sink+ASDK: n=2000 mean=497.3 ns p50=461 ns p90=571 ns p99=932 ns p99.9=1183 ns max=1282 ns
raw detector frame to ALPAO completion: n=2000 mean=1108703.3 ns p50=1091437 ns p90=1177248 ns p99=1316700 ns p99.9=1635648 ns max=1905363 ns
benchmark-stderr:
perf-stdout:
perf-stderr:
Events disabled
Events enabled
Events disabled


$ GLIBC_TUNABLES=glibc.malloc.hugetlb=0 PW_BENCHMARK_MEMORY=prefault chrt -f 88 taskset -c 14 /home/dgamroth/workspaces/codex/pipewire/pipewireao-spa-plugins-profiling/build-profile/spa/plugins/calculon/spa-calculon-full-system-test /home/dgamroth/workspaces/codex/pipewire/pipewireao-spa-plugins-profiling/build-profile/spa/plugins/calculon/libspa-calculon.so /home/dgamroth/workspaces/codex/pipewire/pipewireao-spa-plugins-profiling/build-profile/spa/plugins/alpao/libspa-alpao-mock.so mock 2000 468  512 512 8 8
$ perf stat --no-big-num -x ; --output /home/dgamroth/workspaces/codex/pipewire/pipewireao-spa-plugins-profiling/docs/benchmark-data/calculon-system-memory-pmu-2026-08-25-record/stat-oxiblas-base-prefault-core-rep1.csv --delay=-1 --control=fd:4,9 -e {cycles:u,instructions:u,branches:u,branch-misses:u} -t 1293117
benchmark-stdout:
workload: detector=512x512 region=8x8 regions=4096 slopes=8192 actuators=468 matrix-bytes=15335424 memory=prefault warmup=256
first-cycle: algorithms=1247029 ns sink=631 ns minor-faults=0 major-faults=0
pixel+controller+normalizer SPA callbacks: n=2000 mean=1110782.7 ns p50=1097068 ns p90=1165005 ns p99=1360752 ns p99.9=1611903 ns max=1993549 ns
scheduled submit+ALPAO sink+ASDK: n=2000 mean=569.6 ns p50=541 ns p90=821 ns p99=1102 ns p99.9=1623 ns max=1713 ns
raw detector frame to ALPAO completion: n=2000 mean=1111352.4 ns p50=1097529 ns p90=1165676 ns p99=1361464 ns p99.9=1612885 ns max=1995212 ns
benchmark-stderr:
perf-stdout:
perf-stderr:
Events disabled
Events enabled
Events disabled


$ GLIBC_TUNABLES=glibc.malloc.hugetlb=0 PW_BENCHMARK_MEMORY=locked chrt -f 88 taskset -c 14 /home/dgamroth/workspaces/codex/pipewire/pipewireao-spa-plugins-profiling/build-profile/spa/plugins/calculon/spa-calculon-full-system-test /home/dgamroth/workspaces/codex/pipewire/pipewireao-spa-plugins-profiling/build-profile-scalar/spa/plugins/calculon/libspa-calculon.so /home/dgamroth/workspaces/codex/pipewire/pipewireao-spa-plugins-profiling/build-profile/spa/plugins/alpao/libspa-alpao-mock.so mock 2000 468  512 512 8 8
$ perf stat --no-big-num -x ; --output /home/dgamroth/workspaces/codex/pipewire/pipewireao-spa-plugins-profiling/docs/benchmark-data/calculon-system-memory-pmu-2026-08-25-record/stat-scalar-base-locked-faults-rep1.csv --delay=-1 --control=fd:4,9 -e {page-faults,minor-faults,major-faults,context-switches,cpu-migrations} -t 1293176
benchmark-stdout:
workload: detector=512x512 region=8x8 regions=4096 slopes=8192 actuators=468 matrix-bytes=15335424 memory=locked warmup=256
first-cycle: algorithms=3153334 ns sink=732 ns minor-faults=0 major-faults=0
pixel+controller+normalizer SPA callbacks: n=2000 mean=3179511.1 ns p50=3167861 ns p90=3254954 ns p99=3437938 ns p99.9=3675082 ns max=3783917 ns
scheduled submit+ALPAO sink+ASDK: n=2000 mean=541.0 ns p50=471 ns p90=741 ns p99=1242 ns p99.9=1664 ns max=8005 ns
raw detector frame to ALPAO completion: n=2000 mean=3180052.1 ns p50=3168322 ns p90=3255505 ns p99=3439110 ns p99.9=3675773 ns max=3785810 ns
benchmark-stderr:
perf-stdout:
perf-stderr:
Events disabled
Events enabled
Events disabled


$ GLIBC_TUNABLES=glibc.malloc.hugetlb=1 PW_BENCHMARK_MEMORY=default chrt -f 88 taskset -c 14 /home/dgamroth/workspaces/codex/pipewire/pipewireao-spa-plugins-profiling/build-profile/spa/plugins/calculon/spa-calculon-full-system-test /home/dgamroth/workspaces/codex/pipewire/pipewireao-spa-plugins-profiling/build-profile-scalar/spa/plugins/calculon/libspa-calculon.so /home/dgamroth/workspaces/codex/pipewire/pipewireao-spa-plugins-profiling/build-profile/spa/plugins/alpao/libspa-alpao-mock.so mock 2000 468  512 512 8 8
$ perf stat --no-big-num -x ; --output /home/dgamroth/workspaces/codex/pipewire/pipewireao-spa-plugins-profiling/docs/benchmark-data/calculon-system-memory-pmu-2026-08-25-record/stat-scalar-thp-default-l1d-rep1.csv --delay=-1 --control=fd:4,9 -e {cycles:u,instructions:u,L1-dcache-loads:u,L1-dcache-load-misses:u} -t 1293282
benchmark-stdout:
workload: detector=512x512 region=8x8 regions=4096 slopes=8192 actuators=468 matrix-bytes=15335424 memory=default warmup=256
first-cycle: algorithms=3220570 ns sink=801 ns minor-faults=1 major-faults=0
pixel+controller+normalizer SPA callbacks: n=2000 mean=3197089.7 ns p50=3197436 ns p90=3265575 ns p99=3406138 ns p99.9=3630920 ns max=3686724 ns
scheduled submit+ALPAO sink+ASDK: n=2000 mean=643.1 ns p50=581 ns p90=881 ns p99=1342 ns p99.9=1764 ns max=23634 ns
raw detector frame to ALPAO completion: n=2000 mean=3197732.8 ns p50=3198048 ns p90=3266386 ns p99=3407681 ns p99.9=3631491 ns max=3688057 ns
benchmark-stderr:
perf-stdout:
perf-stderr:
Events disabled
Events enabled
Events disabled


$ GLIBC_TUNABLES=glibc.malloc.hugetlb=1 PW_BENCHMARK_MEMORY=locked chrt -f 88 taskset -c 14 /home/dgamroth/workspaces/codex/pipewire/pipewireao-spa-plugins-profiling/build-profile/spa/plugins/calculon/spa-calculon-full-system-test /home/dgamroth/workspaces/codex/pipewire/pipewireao-spa-plugins-profiling/build-profile-scalar/spa/plugins/calculon/libspa-calculon.so /home/dgamroth/workspaces/codex/pipewire/pipewireao-spa-plugins-profiling/build-profile/spa/plugins/alpao/libspa-alpao-mock.so mock 2000 468  512 512 8 8
$ perf stat --no-big-num -x ; --output /home/dgamroth/workspaces/codex/pipewire/pipewireao-spa-plugins-profiling/docs/benchmark-data/calculon-system-memory-pmu-2026-08-25-record/stat-scalar-thp-locked-l1d-rep1.csv --delay=-1 --control=fd:4,9 -e {cycles:u,instructions:u,L1-dcache-loads:u,L1-dcache-load-misses:u} -t 1293440
benchmark-stdout:
workload: detector=512x512 region=8x8 regions=4096 slopes=8192 actuators=468 matrix-bytes=15335424 memory=locked warmup=256
first-cycle: algorithms=3154085 ns sink=841 ns minor-faults=0 major-faults=0
pixel+controller+normalizer SPA callbacks: n=2000 mean=3194846.7 ns p50=3184161 ns p90=3267779 ns p99=3427338 ns p99.9=3926093 ns max=6404281 ns
scheduled submit+ALPAO sink+ASDK: n=2000 mean=577.3 ns p50=531 ns p90=801 ns p99=1243 ns p99.9=1813 ns max=2033 ns
raw detector frame to ALPAO completion: n=2000 mean=3195424.0 ns p50=3184753 ns p90=3268470 ns p99=3428560 ns p99.9=3926544 ns max=6404822 ns
benchmark-stderr:
perf-stdout:
perf-stderr:
Events disabled
Events enabled
Events disabled


$ GLIBC_TUNABLES=glibc.malloc.hugetlb=1 PW_BENCHMARK_MEMORY=prefault chrt -f 88 taskset -c 14 /home/dgamroth/workspaces/codex/pipewire/pipewireao-spa-plugins-profiling/build-profile/spa/plugins/calculon/spa-calculon-full-system-test /home/dgamroth/workspaces/codex/pipewire/pipewireao-spa-plugins-profiling/build-profile/spa/plugins/calculon/libspa-calculon.so /home/dgamroth/workspaces/codex/pipewire/pipewireao-spa-plugins-profiling/build-profile/spa/plugins/alpao/libspa-alpao-mock.so mock 2000 468  512 512 8 8
$ perf stat --no-big-num -x ; --output /home/dgamroth/workspaces/codex/pipewire/pipewireao-spa-plugins-profiling/docs/benchmark-data/calculon-system-memory-pmu-2026-08-25-record/stat-oxiblas-thp-prefault-core-rep1.csv --delay=-1 --control=fd:4,9 -e {cycles:u,instructions:u,branches:u,branch-misses:u} -t 1293562
benchmark-stdout:
workload: detector=512x512 region=8x8 regions=4096 slopes=8192 actuators=468 matrix-bytes=15335424 memory=prefault warmup=256
first-cycle: algorithms=1319766 ns sink=651 ns minor-faults=0 major-faults=0
pixel+controller+normalizer SPA callbacks: n=2000 mean=1105090.8 ns p50=1093961 ns p90=1164033 ns p99=1281914 ns p99.9=1395287 ns max=1655234 ns
scheduled submit+ALPAO sink+ASDK: n=2000 mean=505.5 ns p50=471 ns p90=621 ns p99=962 ns p99.9=1373 ns max=1703 ns
raw detector frame to ALPAO completion: n=2000 mean=1105596.3 ns p50=1094463 ns p90=1164584 ns p99=1282375 ns p99.9=1395968 ns max=1656937 ns
benchmark-stderr:
perf-stdout:
perf-stderr:
Events disabled
Events enabled
Events disabled


$ GLIBC_TUNABLES=glibc.malloc.hugetlb=1 PW_BENCHMARK_MEMORY=default chrt -f 88 taskset -c 14 /home/dgamroth/workspaces/codex/pipewire/pipewireao-spa-plugins-profiling/build-profile/spa/plugins/calculon/spa-calculon-full-system-test /home/dgamroth/workspaces/codex/pipewire/pipewireao-spa-plugins-profiling/build-profile-scalar/spa/plugins/calculon/libspa-calculon.so /home/dgamroth/workspaces/codex/pipewire/pipewireao-spa-plugins-profiling/build-profile/spa/plugins/alpao/libspa-alpao-mock.so mock 2000 468  512 512 8 8
$ perf stat --no-big-num -x ; --output /home/dgamroth/workspaces/codex/pipewire/pipewireao-spa-plugins-profiling/docs/benchmark-data/calculon-system-memory-pmu-2026-08-25-record/stat-scalar-thp-default-faults-rep1.csv --delay=-1 --control=fd:4,9 -e {page-faults,minor-faults,major-faults,context-switches,cpu-migrations} -t 1293620
benchmark-stdout:
workload: detector=512x512 region=8x8 regions=4096 slopes=8192 actuators=468 matrix-bytes=15335424 memory=default warmup=256
first-cycle: algorithms=3232522 ns sink=862 ns minor-faults=1 major-faults=0
pixel+controller+normalizer SPA callbacks: n=2000 mean=3187993.5 ns p50=3172340 ns p90=3267437 ns p99=3460129 ns p99.9=3680032 ns max=3953554 ns
scheduled submit+ALPAO sink+ASDK: n=2000 mean=589.5 ns p50=541 ns p90=832 ns p99=1242 ns p99.9=1774 ns max=2003 ns
raw detector frame to ALPAO completion: n=2000 mean=3188583.0 ns p50=3172951 ns p90=3268279 ns p99=3461091 ns p99.9=3680984 ns max=3955328 ns
benchmark-stderr:
perf-stdout:
perf-stderr:
Events disabled
Events enabled
Events disabled


$ GLIBC_TUNABLES=glibc.malloc.hugetlb=2 PW_BENCHMARK_MEMORY=prefault chrt -f 88 taskset -c 14 /home/dgamroth/workspaces/codex/pipewire/pipewireao-spa-plugins-profiling/build-profile/spa/plugins/calculon/spa-calculon-full-system-test /home/dgamroth/workspaces/codex/pipewire/pipewireao-spa-plugins-profiling/build-profile-scalar/spa/plugins/calculon/libspa-calculon.so /home/dgamroth/workspaces/codex/pipewire/pipewireao-spa-plugins-profiling/build-profile/spa/plugins/alpao/libspa-alpao-mock.so mock 2000 468  512 512 8 8
$ perf stat --no-big-num -x ; --output /home/dgamroth/workspaces/codex/pipewire/pipewireao-spa-plugins-profiling/docs/benchmark-data/calculon-system-memory-pmu-2026-08-25-record/stat-scalar-hugetlb-prefault-faults-rep1.csv --delay=-1 --control=fd:4,9 -e {page-faults,minor-faults,major-faults,context-switches,cpu-migrations} -t 1293723
benchmark-stdout:
workload: detector=512x512 region=8x8 regions=4096 slopes=8192 actuators=468 matrix-bytes=15335424 memory=prefault warmup=256
first-cycle: algorithms=3357987 ns sink=1282 ns minor-faults=0 major-faults=0
pixel+controller+normalizer SPA callbacks: n=2000 mean=3219707.7 ns p50=3208857 ns p90=3289810 ns p99=3476510 ns p99.9=3682867 ns max=3841234 ns
scheduled submit+ALPAO sink+ASDK: n=2000 mean=524.3 ns p50=481 ns p90=681 ns p99=1001 ns p99.9=1493 ns max=1513 ns
raw detector frame to ALPAO completion: n=2000 mean=3220232.0 ns p50=3209439 ns p90=3290251 ns p99=3478003 ns p99.9=3683398 ns max=3842376 ns
benchmark-stderr:
perf-stdout:
perf-stderr:
Events disabled
Events enabled
Events disabled


$ GLIBC_TUNABLES=glibc.malloc.hugetlb=2 PW_BENCHMARK_MEMORY=prefault chrt -f 88 taskset -c 14 /home/dgamroth/workspaces/codex/pipewire/pipewireao-spa-plugins-profiling/build-profile/spa/plugins/calculon/spa-calculon-full-system-test /home/dgamroth/workspaces/codex/pipewire/pipewireao-spa-plugins-profiling/build-profile/spa/plugins/calculon/libspa-calculon.so /home/dgamroth/workspaces/codex/pipewire/pipewireao-spa-plugins-profiling/build-profile/spa/plugins/alpao/libspa-alpao-mock.so mock 2000 468  512 512 8 8
$ perf stat --no-big-num -x ; --output /home/dgamroth/workspaces/codex/pipewire/pipewireao-spa-plugins-profiling/docs/benchmark-data/calculon-system-memory-pmu-2026-08-25-record/stat-oxiblas-hugetlb-prefault-core-rep1.csv --delay=-1 --control=fd:4,9 -e {cycles:u,instructions:u,branches:u,branch-misses:u} -t 1293845
benchmark-stdout:
workload: detector=512x512 region=8x8 regions=4096 slopes=8192 actuators=468 matrix-bytes=15335424 memory=prefault warmup=256
first-cycle: algorithms=1302202 ns sink=731 ns minor-faults=0 major-faults=0
pixel+controller+normalizer SPA callbacks: n=2000 mean=1105512.4 ns p50=1088852 ns p90=1165476 ns p99=1332459 ns p99.9=1674851 ns max=2061666 ns
scheduled submit+ALPAO sink+ASDK: n=2000 mean=514.0 ns p50=461 ns p90=631 ns p99=1052 ns p99.9=1262 ns max=1664 ns
raw detector frame to ALPAO completion: n=2000 mean=1106026.4 ns p50=1089303 ns p90=1165927 ns p99=1333181 ns p99.9=1675602 ns max=2063330 ns
benchmark-stderr:
perf-stdout:
perf-stderr:
Events disabled
Events enabled
Events disabled


$ GLIBC_TUNABLES=glibc.malloc.hugetlb=0 PW_BENCHMARK_MEMORY=prefault chrt -f 88 taskset -c 14 /home/dgamroth/workspaces/codex/pipewire/pipewireao-spa-plugins-profiling/build-profile/spa/plugins/calculon/spa-calculon-full-system-test /home/dgamroth/workspaces/codex/pipewire/pipewireao-spa-plugins-profiling/build-profile-scalar/spa/plugins/calculon/libspa-calculon.so /home/dgamroth/workspaces/codex/pipewire/pipewireao-spa-plugins-profiling/build-profile/spa/plugins/alpao/libspa-alpao-mock.so mock 2000 468  512 512 8 8
$ perf stat --no-big-num -x ; --output /home/dgamroth/workspaces/codex/pipewire/pipewireao-spa-plugins-profiling/docs/benchmark-data/calculon-system-memory-pmu-2026-08-25-record/stat-scalar-base-prefault-faults-rep1.csv --delay=-1 --control=fd:4,9 -e {page-faults,minor-faults,major-faults,context-switches,cpu-migrations} -t 1293918
benchmark-stdout:
workload: detector=512x512 region=8x8 regions=4096 slopes=8192 actuators=468 matrix-bytes=15335424 memory=prefault warmup=256
first-cycle: algorithms=3212846 ns sink=641 ns minor-faults=0 major-faults=0
pixel+controller+normalizer SPA callbacks: n=2000 mean=3189361.6 ns p50=3179823 ns p90=3266706 ns p99=3464808 ns p99.9=3651719 ns max=3799225 ns
scheduled submit+ALPAO sink+ASDK: n=2000 mean=564.8 ns p50=521 ns p90=752 ns p99=1122 ns p99.9=2074 ns max=6252 ns
raw detector frame to ALPAO completion: n=2000 mean=3189926.4 ns p50=3180485 ns p90=3267157 ns p99=3466030 ns p99.9=3652370 ns max=3799846 ns
benchmark-stderr:
perf-stdout:
perf-stderr:
Events disabled
Events enabled
Events disabled


$ GLIBC_TUNABLES=glibc.malloc.hugetlb=0 PW_BENCHMARK_MEMORY=prefault chrt -f 88 taskset -c 14 /home/dgamroth/workspaces/codex/pipewire/pipewireao-spa-plugins-profiling/build-profile/spa/plugins/calculon/spa-calculon-full-system-test /home/dgamroth/workspaces/codex/pipewire/pipewireao-spa-plugins-profiling/build-profile-scalar/spa/plugins/calculon/libspa-calculon.so /home/dgamroth/workspaces/codex/pipewire/pipewireao-spa-plugins-profiling/build-profile/spa/plugins/alpao/libspa-alpao-mock.so mock 2000 468  512 512 8 8
$ perf stat --no-big-num -x ; --output /home/dgamroth/workspaces/codex/pipewire/pipewireao-spa-plugins-profiling/docs/benchmark-data/calculon-system-memory-pmu-2026-08-25-record/stat-scalar-base-prefault-core-rep1.csv --delay=-1 --control=fd:4,9 -e {cycles:u,instructions:u,branches:u,branch-misses:u} -t 1294030
benchmark-stdout:
workload: detector=512x512 region=8x8 regions=4096 slopes=8192 actuators=468 matrix-bytes=15335424 memory=prefault warmup=256
first-cycle: algorithms=3402942 ns sink=1913 ns minor-faults=0 major-faults=0
pixel+controller+normalizer SPA callbacks: n=2000 mean=3188001.0 ns p50=3178882 ns p90=3265143 ns p99=3388205 ns p99.9=3552863 ns max=3635649 ns
scheduled submit+ALPAO sink+ASDK: n=2000 mean=571.0 ns p50=531 ns p90=822 ns p99=1242 ns p99.9=1483 ns max=3556 ns
raw detector frame to ALPAO completion: n=2000 mean=3188572.0 ns p50=3179373 ns p90=3265975 ns p99=3389217 ns p99.9=3553364 ns max=3637121 ns
benchmark-stderr:
perf-stdout:
perf-stderr:
Events disabled
Events enabled
Events disabled


$ GLIBC_TUNABLES=glibc.malloc.hugetlb=2 PW_BENCHMARK_MEMORY=default chrt -f 88 taskset -c 14 /home/dgamroth/workspaces/codex/pipewire/pipewireao-spa-plugins-profiling/build-profile/spa/plugins/calculon/spa-calculon-full-system-test /home/dgamroth/workspaces/codex/pipewire/pipewireao-spa-plugins-profiling/build-profile/spa/plugins/calculon/libspa-calculon.so /home/dgamroth/workspaces/codex/pipewire/pipewireao-spa-plugins-profiling/build-profile/spa/plugins/alpao/libspa-alpao-mock.so mock 2000 468  512 512 8 8
$ perf stat --no-big-num -x ; --output /home/dgamroth/workspaces/codex/pipewire/pipewireao-spa-plugins-profiling/docs/benchmark-data/calculon-system-memory-pmu-2026-08-25-record/stat-oxiblas-hugetlb-default-l2-rep1.csv --delay=-1 --control=fd:4,9 -e {cycles:u,instructions:u,l2_request_g1.all_no_prefetch:u,l2_cache_req_stat.ic_dc_miss_in_l2:u} -t 1294132
benchmark-stdout:
workload: detector=512x512 region=8x8 regions=4096 slopes=8192 actuators=468 matrix-bytes=15335424 memory=default warmup=256
first-cycle: algorithms=1479385 ns sink=852 ns minor-faults=1 major-faults=0
pixel+controller+normalizer SPA callbacks: n=2000 mean=1124145.5 ns p50=1106044 ns p90=1180625 ns p99=1456893 ns p99.9=1797110 ns max=1892158 ns
scheduled submit+ALPAO sink+ASDK: n=2000 mean=488.6 ns p50=451 ns p90=561 ns p99=921 ns p99.9=1182 ns max=1352 ns
raw detector frame to ALPAO completion: n=2000 mean=1124634.1 ns p50=1106575 ns p90=1181176 ns p99=1457574 ns p99.9=1797801 ns max=1893340 ns
benchmark-stderr:
perf-stdout:
perf-stderr:
Events disabled
Events enabled
Events disabled


$ GLIBC_TUNABLES=glibc.malloc.hugetlb=1 PW_BENCHMARK_MEMORY=prefault chrt -f 88 taskset -c 14 /home/dgamroth/workspaces/codex/pipewire/pipewireao-spa-plugins-profiling/build-profile/spa/plugins/calculon/spa-calculon-full-system-test /home/dgamroth/workspaces/codex/pipewire/pipewireao-spa-plugins-profiling/build-profile/spa/plugins/calculon/libspa-calculon.so /home/dgamroth/workspaces/codex/pipewire/pipewireao-spa-plugins-profiling/build-profile/spa/plugins/alpao/libspa-alpao-mock.so mock 2000 468  512 512 8 8
$ perf stat --no-big-num -x ; --output /home/dgamroth/workspaces/codex/pipewire/pipewireao-spa-plugins-profiling/docs/benchmark-data/calculon-system-memory-pmu-2026-08-25-record/stat-oxiblas-thp-prefault-dtlb-rep1.csv --delay=-1 --control=fd:4,9 -e {cycles:u,instructions:u,l1_dtlb_misses:u,l2_dtlb_misses:u} -t 1294191
benchmark-stdout:
workload: detector=512x512 region=8x8 regions=4096 slopes=8192 actuators=468 matrix-bytes=15335424 memory=prefault warmup=256
first-cycle: algorithms=1348950 ns sink=1373 ns minor-faults=0 major-faults=0
pixel+controller+normalizer SPA callbacks: n=2000 mean=1104687.5 ns p50=1090115 ns p90=1165676 ns p99=1310448 ns p99.9=1574573 ns max=1818350 ns
scheduled submit+ALPAO sink+ASDK: n=2000 mean=556.0 ns p50=531 ns p90=671 ns p99=982 ns p99.9=1513 ns max=1854 ns
raw detector frame to ALPAO completion: n=2000 mean=1105243.4 ns p50=1090665 ns p90=1166217 ns p99=1311259 ns p99.9=1575265 ns max=1819502 ns
benchmark-stderr:
perf-stdout:
perf-stderr:
Events disabled
Events enabled
Events disabled


$ GLIBC_TUNABLES=glibc.malloc.hugetlb=1 PW_BENCHMARK_MEMORY=default chrt -f 88 taskset -c 14 /home/dgamroth/workspaces/codex/pipewire/pipewireao-spa-plugins-profiling/build-profile/spa/plugins/calculon/spa-calculon-full-system-test /home/dgamroth/workspaces/codex/pipewire/pipewireao-spa-plugins-profiling/build-profile/spa/plugins/calculon/libspa-calculon.so /home/dgamroth/workspaces/codex/pipewire/pipewireao-spa-plugins-profiling/build-profile/spa/plugins/alpao/libspa-alpao-mock.so mock 2000 468  512 512 8 8
$ perf stat --no-big-num -x ; --output /home/dgamroth/workspaces/codex/pipewire/pipewireao-spa-plugins-profiling/docs/benchmark-data/calculon-system-memory-pmu-2026-08-25-record/stat-oxiblas-thp-default-core-rep1.csv --delay=-1 --control=fd:4,9 -e {cycles:u,instructions:u,branches:u,branch-misses:u} -t 1294247
benchmark-stdout:
workload: detector=512x512 region=8x8 regions=4096 slopes=8192 actuators=468 matrix-bytes=15335424 memory=default warmup=256
first-cycle: algorithms=1271074 ns sink=751 ns minor-faults=1 major-faults=0
pixel+controller+normalizer SPA callbacks: n=2000 mean=1145967.7 ns p50=1102187 ns p90=1259512 ns p99=1745834 ns p99.9=2192192 ns max=2266751 ns
scheduled submit+ALPAO sink+ASDK: n=2000 mean=575.3 ns p50=531 ns p90=842 ns p99=1393 ns p99.9=1823 ns max=2324 ns
raw detector frame to ALPAO completion: n=2000 mean=1146543.0 ns p50=1102678 ns p90=1260374 ns p99=1746826 ns p99.9=2193274 ns max=2267973 ns
benchmark-stderr:
perf-stdout:
perf-stderr:
Events disabled
Events enabled
Events disabled


$ GLIBC_TUNABLES=glibc.malloc.hugetlb=2 PW_BENCHMARK_MEMORY=prefault chrt -f 88 taskset -c 14 /home/dgamroth/workspaces/codex/pipewire/pipewireao-spa-plugins-profiling/build-profile/spa/plugins/calculon/spa-calculon-full-system-test /home/dgamroth/workspaces/codex/pipewire/pipewireao-spa-plugins-profiling/build-profile-scalar/spa/plugins/calculon/libspa-calculon.so /home/dgamroth/workspaces/codex/pipewire/pipewireao-spa-plugins-profiling/build-profile/spa/plugins/alpao/libspa-alpao-mock.so mock 2000 468  512 512 8 8
$ perf stat --no-big-num -x ; --output /home/dgamroth/workspaces/codex/pipewire/pipewireao-spa-plugins-profiling/docs/benchmark-data/calculon-system-memory-pmu-2026-08-25-record/stat-scalar-hugetlb-prefault-faults-rep2.csv --delay=-1 --control=fd:4,9 -e {page-faults,minor-faults,major-faults,context-switches,cpu-migrations} -t 1294292
benchmark-stdout:
workload: detector=512x512 region=8x8 regions=4096 slopes=8192 actuators=468 matrix-bytes=15335424 memory=prefault warmup=256
first-cycle: algorithms=3224488 ns sink=631 ns minor-faults=0 major-faults=0
pixel+controller+normalizer SPA callbacks: n=2000 mean=3233287.5 ns p50=3224256 ns p90=3304186 ns p99=3428681 ns p99.9=3669562 ns max=3729113 ns
scheduled submit+ALPAO sink+ASDK: n=2000 mean=497.1 ns p50=451 ns p90=632 ns p99=911 ns p99.9=1323 ns max=5090 ns
raw detector frame to ALPAO completion: n=2000 mean=3233784.6 ns p50=3224687 ns p90=3304637 ns p99=3429372 ns p99.9=3670183 ns max=3730386 ns
benchmark-stderr:
perf-stdout:
perf-stderr:
Events disabled
Events enabled
Events disabled


$ GLIBC_TUNABLES=glibc.malloc.hugetlb=2 PW_BENCHMARK_MEMORY=locked chrt -f 88 taskset -c 14 /home/dgamroth/workspaces/codex/pipewire/pipewireao-spa-plugins-profiling/build-profile/spa/plugins/calculon/spa-calculon-full-system-test /home/dgamroth/workspaces/codex/pipewire/pipewireao-spa-plugins-profiling/build-profile/spa/plugins/calculon/libspa-calculon.so /home/dgamroth/workspaces/codex/pipewire/pipewireao-spa-plugins-profiling/build-profile/spa/plugins/alpao/libspa-alpao-mock.so mock 2000 468  512 512 8 8
$ perf stat --no-big-num -x ; --output /home/dgamroth/workspaces/codex/pipewire/pipewireao-spa-plugins-profiling/docs/benchmark-data/calculon-system-memory-pmu-2026-08-25-record/stat-oxiblas-hugetlb-locked-dtlb-rep2.csv --delay=-1 --control=fd:4,9 -e {cycles:u,instructions:u,l1_dtlb_misses:u,l2_dtlb_misses:u} -t 1294411
benchmark-stdout:
workload: detector=512x512 region=8x8 regions=4096 slopes=8192 actuators=468 matrix-bytes=15335424 memory=locked warmup=256
first-cycle: algorithms=1342487 ns sink=651 ns minor-faults=0 major-faults=0
pixel+controller+normalizer SPA callbacks: n=2000 mean=1106556.7 ns p50=1095625 ns p90=1158793 ns p99=1265563 ns p99.9=1378254 ns max=1788204 ns
scheduled submit+ALPAO sink+ASDK: n=2000 mean=485.6 ns p50=451 ns p90=571 ns p99=902 ns p99.9=1182 ns max=1333 ns
raw detector frame to ALPAO completion: n=2000 mean=1107042.3 ns p50=1096095 ns p90=1159234 ns p99=1266044 ns p99.9=1379056 ns max=1789366 ns
benchmark-stderr:
perf-stdout:
perf-stderr:
Events disabled
Events enabled
Events disabled


$ GLIBC_TUNABLES=glibc.malloc.hugetlb=1 PW_BENCHMARK_MEMORY=prefault chrt -f 88 taskset -c 14 /home/dgamroth/workspaces/codex/pipewire/pipewireao-spa-plugins-profiling/build-profile/spa/plugins/calculon/spa-calculon-full-system-test /home/dgamroth/workspaces/codex/pipewire/pipewireao-spa-plugins-profiling/build-profile/spa/plugins/calculon/libspa-calculon.so /home/dgamroth/workspaces/codex/pipewire/pipewireao-spa-plugins-profiling/build-profile/spa/plugins/alpao/libspa-alpao-mock.so mock 2000 468  512 512 8 8
$ perf stat --no-big-num -x ; --output /home/dgamroth/workspaces/codex/pipewire/pipewireao-spa-plugins-profiling/docs/benchmark-data/calculon-system-memory-pmu-2026-08-25-record/stat-oxiblas-thp-prefault-core-rep2.csv --delay=-1 --control=fd:4,9 -e {cycles:u,instructions:u,branches:u,branch-misses:u} -t 1294488
benchmark-stdout:
workload: detector=512x512 region=8x8 regions=4096 slopes=8192 actuators=468 matrix-bytes=15335424 memory=prefault warmup=256
first-cycle: algorithms=1224677 ns sink=771 ns minor-faults=0 major-faults=0
pixel+controller+normalizer SPA callbacks: n=2000 mean=1099581.8 ns p50=1085065 ns p90=1153964 ns p99=1329613 ns p99.9=1566869 ns max=1835682 ns
scheduled submit+ALPAO sink+ASDK: n=2000 mean=543.2 ns p50=511 ns p90=661 ns p99=1022 ns p99.9=1623 ns max=1763 ns
raw detector frame to ALPAO completion: n=2000 mean=1100125.0 ns p50=1085626 ns p90=1154495 ns p99=1330274 ns p99.9=1567490 ns max=1836614 ns
benchmark-stderr:
perf-stdout:
perf-stderr:
Events disabled
Events enabled
Events disabled


$ GLIBC_TUNABLES=glibc.malloc.hugetlb=2 PW_BENCHMARK_MEMORY=default chrt -f 88 taskset -c 14 /home/dgamroth/workspaces/codex/pipewire/pipewireao-spa-plugins-profiling/build-profile/spa/plugins/calculon/spa-calculon-full-system-test /home/dgamroth/workspaces/codex/pipewire/pipewireao-spa-plugins-profiling/build-profile/spa/plugins/calculon/libspa-calculon.so /home/dgamroth/workspaces/codex/pipewire/pipewireao-spa-plugins-profiling/build-profile/spa/plugins/alpao/libspa-alpao-mock.so mock 2000 468  512 512 8 8
$ perf stat --no-big-num -x ; --output /home/dgamroth/workspaces/codex/pipewire/pipewireao-spa-plugins-profiling/docs/benchmark-data/calculon-system-memory-pmu-2026-08-25-record/stat-oxiblas-hugetlb-default-l2-rep2.csv --delay=-1 --control=fd:4,9 -e {cycles:u,instructions:u,l2_request_g1.all_no_prefetch:u,l2_cache_req_stat.ic_dc_miss_in_l2:u} -t 1294536
benchmark-stdout:
workload: detector=512x512 region=8x8 regions=4096 slopes=8192 actuators=468 matrix-bytes=15335424 memory=default warmup=256
first-cycle: algorithms=1312922 ns sink=1193 ns minor-faults=1 major-faults=0
pixel+controller+normalizer SPA callbacks: n=2000 mean=1115462.9 ns p50=1096496 ns p90=1182307 ns p99=1487390 ns p99.9=1657057 ns max=1769558 ns
scheduled submit+ALPAO sink+ASDK: n=2000 mean=530.2 ns p50=471 ns p90=651 ns p99=982 ns p99.9=1674 ns max=7735 ns
raw detector frame to ALPAO completion: n=2000 mean=1115993.0 ns p50=1097028 ns p90=1182848 ns p99=1488011 ns p99.9=1658430 ns max=1770721 ns
benchmark-stderr:
perf-stdout:
perf-stderr:
Events disabled
Events enabled
Events disabled


$ GLIBC_TUNABLES=glibc.malloc.hugetlb=0 PW_BENCHMARK_MEMORY=default chrt -f 88 taskset -c 14 /home/dgamroth/workspaces/codex/pipewire/pipewireao-spa-plugins-profiling/build-profile/spa/plugins/calculon/spa-calculon-full-system-test /home/dgamroth/workspaces/codex/pipewire/pipewireao-spa-plugins-profiling/build-profile-scalar/spa/plugins/calculon/libspa-calculon.so /home/dgamroth/workspaces/codex/pipewire/pipewireao-spa-plugins-profiling/build-profile/spa/plugins/alpao/libspa-alpao-mock.so mock 2000 468  512 512 8 8
$ perf stat --no-big-num -x ; --output /home/dgamroth/workspaces/codex/pipewire/pipewireao-spa-plugins-profiling/docs/benchmark-data/calculon-system-memory-pmu-2026-08-25-record/stat-scalar-base-default-l2-rep2.csv --delay=-1 --control=fd:4,9 -e {cycles:u,instructions:u,l2_request_g1.all_no_prefetch:u,l2_cache_req_stat.ic_dc_miss_in_l2:u} -t 1294587
benchmark-stdout:
workload: detector=512x512 region=8x8 regions=4096 slopes=8192 actuators=468 matrix-bytes=15335424 memory=default warmup=256
first-cycle: algorithms=3222062 ns sink=952 ns minor-faults=1 major-faults=0
pixel+controller+normalizer SPA callbacks: n=2000 mean=3182190.2 ns p50=3170185 ns p90=3260174 ns p99=3524720 ns p99.9=3745454 ns max=3855822 ns
scheduled submit+ALPAO sink+ASDK: n=2000 mean=581.1 ns p50=521 ns p90=832 ns p99=1373 ns p99.9=1814 ns max=2285 ns
raw detector frame to ALPAO completion: n=2000 mean=3182771.3 ns p50=3170816 ns p90=3260966 ns p99=3526032 ns p99.9=3746817 ns max=3857515 ns
benchmark-stderr:
perf-stdout:
perf-stderr:
Events disabled
Events enabled
Events disabled


$ GLIBC_TUNABLES=glibc.malloc.hugetlb=1 PW_BENCHMARK_MEMORY=default chrt -f 88 taskset -c 14 /home/dgamroth/workspaces/codex/pipewire/pipewireao-spa-plugins-profiling/build-profile/spa/plugins/calculon/spa-calculon-full-system-test /home/dgamroth/workspaces/codex/pipewire/pipewireao-spa-plugins-profiling/build-profile/spa/plugins/calculon/libspa-calculon.so /home/dgamroth/workspaces/codex/pipewire/pipewireao-spa-plugins-profiling/build-profile/spa/plugins/alpao/libspa-alpao-mock.so mock 2000 468  512 512 8 8
$ perf stat --no-big-num -x ; --output /home/dgamroth/workspaces/codex/pipewire/pipewireao-spa-plugins-profiling/docs/benchmark-data/calculon-system-memory-pmu-2026-08-25-record/stat-oxiblas-thp-default-l1d-rep2.csv --delay=-1 --control=fd:4,9 -e {cycles:u,instructions:u,L1-dcache-loads:u,L1-dcache-load-misses:u} -t 1294687
benchmark-stdout:
workload: detector=512x512 region=8x8 regions=4096 slopes=8192 actuators=468 matrix-bytes=15335424 memory=default warmup=256
first-cycle: algorithms=1369088 ns sink=1192 ns minor-faults=1 major-faults=0
pixel+controller+normalizer SPA callbacks: n=2000 mean=1127610.3 ns p50=1097638 ns p90=1206783 ns p99=1601193 ns p99.9=1952652 ns max=1978170 ns
scheduled submit+ALPAO sink+ASDK: n=2000 mean=606.3 ns p50=541 ns p90=871 ns p99=1493 ns p99.9=1994 ns max=3186 ns
raw detector frame to ALPAO completion: n=2000 mean=1128216.6 ns p50=1098220 ns p90=1207324 ns p99=1602966 ns p99.9=1954396 ns max=1979372 ns
benchmark-stderr:
perf-stdout:
perf-stderr:
Events disabled
Events enabled
Events disabled


$ GLIBC_TUNABLES=glibc.malloc.hugetlb=1 PW_BENCHMARK_MEMORY=locked chrt -f 88 taskset -c 14 /home/dgamroth/workspaces/codex/pipewire/pipewireao-spa-plugins-profiling/build-profile/spa/plugins/calculon/spa-calculon-full-system-test /home/dgamroth/workspaces/codex/pipewire/pipewireao-spa-plugins-profiling/build-profile/spa/plugins/calculon/libspa-calculon.so /home/dgamroth/workspaces/codex/pipewire/pipewireao-spa-plugins-profiling/build-profile/spa/plugins/alpao/libspa-alpao-mock.so mock 2000 468  512 512 8 8
$ perf stat --no-big-num -x ; --output /home/dgamroth/workspaces/codex/pipewire/pipewireao-spa-plugins-profiling/docs/benchmark-data/calculon-system-memory-pmu-2026-08-25-record/stat-oxiblas-thp-locked-dtlb-rep2.csv --delay=-1 --control=fd:4,9 -e {cycles:u,instructions:u,l1_dtlb_misses:u,l2_dtlb_misses:u} -t 1294768
benchmark-stdout:
workload: detector=512x512 region=8x8 regions=4096 slopes=8192 actuators=468 matrix-bytes=15335424 memory=locked warmup=256
first-cycle: algorithms=1172179 ns sink=731 ns minor-faults=0 major-faults=0
pixel+controller+normalizer SPA callbacks: n=2000 mean=1115070.3 ns p50=1099331 ns p90=1179602 ns p99=1338029 ns p99.9=1569353 ns max=1968672 ns
scheduled submit+ALPAO sink+ASDK: n=2000 mean=575.5 ns p50=541 ns p90=742 ns p99=1052 ns p99.9=1703 ns max=12714 ns
raw detector frame to ALPAO completion: n=2000 mean=1115645.7 ns p50=1099892 ns p90=1180123 ns p99=1338560 ns p99.9=1570335 ns max=1970375 ns
benchmark-stderr:
perf-stdout:
perf-stderr:
Events disabled
Events enabled
Events disabled


$ GLIBC_TUNABLES=glibc.malloc.hugetlb=1 PW_BENCHMARK_MEMORY=prefault chrt -f 88 taskset -c 14 /home/dgamroth/workspaces/codex/pipewire/pipewireao-spa-plugins-profiling/build-profile/spa/plugins/calculon/spa-calculon-full-system-test /home/dgamroth/workspaces/codex/pipewire/pipewireao-spa-plugins-profiling/build-profile-scalar/spa/plugins/calculon/libspa-calculon.so /home/dgamroth/workspaces/codex/pipewire/pipewireao-spa-plugins-profiling/build-profile/spa/plugins/alpao/libspa-alpao-mock.so mock 2000 468  512 512 8 8
$ perf stat --no-big-num -x ; --output /home/dgamroth/workspaces/codex/pipewire/pipewireao-spa-plugins-profiling/docs/benchmark-data/calculon-system-memory-pmu-2026-08-25-record/stat-scalar-thp-prefault-core-rep2.csv --delay=-1 --control=fd:4,9 -e {cycles:u,instructions:u,branches:u,branch-misses:u} -t 1294832
benchmark-stdout:
workload: detector=512x512 region=8x8 regions=4096 slopes=8192 actuators=468 matrix-bytes=15335424 memory=prefault warmup=256
first-cycle: algorithms=3402351 ns sink=1473 ns minor-faults=0 major-faults=0
pixel+controller+normalizer SPA callbacks: n=2000 mean=3178108.4 ns p50=3170236 ns p90=3247370 ns p99=3380299 ns p99.9=3609559 ns max=3716690 ns
scheduled submit+ALPAO sink+ASDK: n=2000 mean=632.7 ns p50=601 ns p90=862 ns p99=1293 ns p99.9=1833 ns max=2574 ns
raw detector frame to ALPAO completion: n=2000 mean=3178741.1 ns p50=3170807 ns p90=3248071 ns p99=3381762 ns p99.9=3610441 ns max=3717742 ns
benchmark-stderr:
perf-stdout:
perf-stderr:
Events disabled
Events enabled
Events disabled


$ GLIBC_TUNABLES=glibc.malloc.hugetlb=2 PW_BENCHMARK_MEMORY=default chrt -f 88 taskset -c 14 /home/dgamroth/workspaces/codex/pipewire/pipewireao-spa-plugins-profiling/build-profile/spa/plugins/calculon/spa-calculon-full-system-test /home/dgamroth/workspaces/codex/pipewire/pipewireao-spa-plugins-profiling/build-profile/spa/plugins/calculon/libspa-calculon.so /home/dgamroth/workspaces/codex/pipewire/pipewireao-spa-plugins-profiling/build-profile/spa/plugins/alpao/libspa-alpao-mock.so mock 2000 468  512 512 8 8
$ perf stat --no-big-num -x ; --output /home/dgamroth/workspaces/codex/pipewire/pipewireao-spa-plugins-profiling/docs/benchmark-data/calculon-system-memory-pmu-2026-08-25-record/stat-oxiblas-hugetlb-default-dtlb-rep2.csv --delay=-1 --control=fd:4,9 -e {cycles:u,instructions:u,l1_dtlb_misses:u,l2_dtlb_misses:u} -t 1294964
benchmark-stdout:
workload: detector=512x512 region=8x8 regions=4096 slopes=8192 actuators=468 matrix-bytes=15335424 memory=default warmup=256
first-cycle: algorithms=1445270 ns sink=761 ns minor-faults=1 major-faults=0
pixel+controller+normalizer SPA callbacks: n=2000 mean=1103766.1 ns p50=1090415 ns p90=1155577 ns p99=1339091 ns p99.9=1638122 ns max=1687956 ns
scheduled submit+ALPAO sink+ASDK: n=2000 mean=508.6 ns p50=461 ns p90=611 ns p99=962 ns p99.9=1262 ns max=1433 ns
raw detector frame to ALPAO completion: n=2000 mean=1104274.7 ns p50=1091026 ns p90=1156018 ns p99=1340053 ns p99.9=1638974 ns max=1689178 ns
benchmark-stderr:
perf-stdout:
perf-stderr:
Events disabled
Events enabled
Events disabled


$ GLIBC_TUNABLES=glibc.malloc.hugetlb=0 PW_BENCHMARK_MEMORY=locked chrt -f 88 taskset -c 14 /home/dgamroth/workspaces/codex/pipewire/pipewireao-spa-plugins-profiling/build-profile/spa/plugins/calculon/spa-calculon-full-system-test /home/dgamroth/workspaces/codex/pipewire/pipewireao-spa-plugins-profiling/build-profile-scalar/spa/plugins/calculon/libspa-calculon.so /home/dgamroth/workspaces/codex/pipewire/pipewireao-spa-plugins-profiling/build-profile/spa/plugins/alpao/libspa-alpao-mock.so mock 2000 468  512 512 8 8
$ perf stat --no-big-num -x ; --output /home/dgamroth/workspaces/codex/pipewire/pipewireao-spa-plugins-profiling/docs/benchmark-data/calculon-system-memory-pmu-2026-08-25-record/stat-scalar-base-locked-dtlb-rep2.csv --delay=-1 --control=fd:4,9 -e {cycles:u,instructions:u,l1_dtlb_misses:u,l2_dtlb_misses:u} -t 1295020
benchmark-stdout:
workload: detector=512x512 region=8x8 regions=4096 slopes=8192 actuators=468 matrix-bytes=15335424 memory=locked warmup=256
first-cycle: algorithms=3140289 ns sink=752 ns minor-faults=0 major-faults=0
pixel+controller+normalizer SPA callbacks: n=2000 mean=3201350.9 ns p50=3190795 ns p90=3274190 ns p99=3533597 ns p99.9=3890065 ns max=4071105 ns
scheduled submit+ALPAO sink+ASDK: n=2000 mean=536.6 ns p50=481 ns p90=731 ns p99=1172 ns p99.9=1523 ns max=1943 ns
raw detector frame to ALPAO completion: n=2000 mean=3201887.5 ns p50=3191255 ns p90=3274671 ns p99=3534218 ns p99.9=3890536 ns max=4072959 ns
benchmark-stderr:
perf-stdout:
perf-stderr:
Events disabled
Events enabled
Events disabled


$ GLIBC_TUNABLES=glibc.malloc.hugetlb=1 PW_BENCHMARK_MEMORY=default chrt -f 88 taskset -c 14 /home/dgamroth/workspaces/codex/pipewire/pipewireao-spa-plugins-profiling/build-profile/spa/plugins/calculon/spa-calculon-full-system-test /home/dgamroth/workspaces/codex/pipewire/pipewireao-spa-plugins-profiling/build-profile/spa/plugins/calculon/libspa-calculon.so /home/dgamroth/workspaces/codex/pipewire/pipewireao-spa-plugins-profiling/build-profile/spa/plugins/alpao/libspa-alpao-mock.so mock 2000 468  512 512 8 8
$ perf stat --no-big-num -x ; --output /home/dgamroth/workspaces/codex/pipewire/pipewireao-spa-plugins-profiling/docs/benchmark-data/calculon-system-memory-pmu-2026-08-25-record/stat-oxiblas-thp-default-core-rep2.csv --delay=-1 --control=fd:4,9 -e {cycles:u,instructions:u,branches:u,branch-misses:u} -t 1295131
benchmark-stdout:
workload: detector=512x512 region=8x8 regions=4096 slopes=8192 actuators=468 matrix-bytes=15335424 memory=default warmup=256
first-cycle: algorithms=1296903 ns sink=752 ns minor-faults=1 major-faults=0
pixel+controller+normalizer SPA callbacks: n=2000 mean=1115811.1 ns p50=1102968 ns p90=1176807 ns p99=1386490 ns p99.9=1800968 ns max=3319716 ns
scheduled submit+ALPAO sink+ASDK: n=2000 mean=601.0 ns p50=551 ns p90=832 ns p99=1102 ns p99.9=1824 ns max=3016 ns
raw detector frame to ALPAO completion: n=2000 mean=1116412.1 ns p50=1103690 ns p90=1177428 ns p99=1387592 ns p99.9=1802791 ns max=3322732 ns
benchmark-stderr:
perf-stdout:
perf-stderr:
Events disabled
Events enabled
Events disabled


$ GLIBC_TUNABLES=glibc.malloc.hugetlb=2 PW_BENCHMARK_MEMORY=prefault chrt -f 88 taskset -c 14 /home/dgamroth/workspaces/codex/pipewire/pipewireao-spa-plugins-profiling/build-profile/spa/plugins/calculon/spa-calculon-full-system-test /home/dgamroth/workspaces/codex/pipewire/pipewireao-spa-plugins-profiling/build-profile/spa/plugins/calculon/libspa-calculon.so /home/dgamroth/workspaces/codex/pipewire/pipewireao-spa-plugins-profiling/build-profile/spa/plugins/alpao/libspa-alpao-mock.so mock 2000 468  512 512 8 8
$ perf stat --no-big-num -x ; --output /home/dgamroth/workspaces/codex/pipewire/pipewireao-spa-plugins-profiling/docs/benchmark-data/calculon-system-memory-pmu-2026-08-25-record/stat-oxiblas-hugetlb-prefault-faults-rep2.csv --delay=-1 --control=fd:4,9 -e {page-faults,minor-faults,major-faults,context-switches,cpu-migrations} -t 1295186
benchmark-stdout:
workload: detector=512x512 region=8x8 regions=4096 slopes=8192 actuators=468 matrix-bytes=15335424 memory=prefault warmup=256
first-cycle: algorithms=1343440 ns sink=661 ns minor-faults=0 major-faults=0
pixel+controller+normalizer SPA callbacks: n=2000 mean=1102267.8 ns p50=1091157 ns p90=1156438 ns p99=1253020 ns p99.9=1343499 ns max=1893722 ns
scheduled submit+ALPAO sink+ASDK: n=2000 mean=497.3 ns p50=451 ns p90=571 ns p99=922 ns p99.9=1633 ns max=9538 ns
raw detector frame to ALPAO completion: n=2000 mean=1102765.1 ns p50=1091618 ns p90=1157080 ns p99=1253451 ns p99.9=1344200 ns max=1895355 ns
benchmark-stderr:
perf-stdout:
perf-stderr:
Events disabled
Events enabled
Events disabled


$ GLIBC_TUNABLES=glibc.malloc.hugetlb=2 PW_BENCHMARK_MEMORY=locked chrt -f 88 taskset -c 14 /home/dgamroth/workspaces/codex/pipewire/pipewireao-spa-plugins-profiling/build-profile/spa/plugins/calculon/spa-calculon-full-system-test /home/dgamroth/workspaces/codex/pipewire/pipewireao-spa-plugins-profiling/build-profile-scalar/spa/plugins/calculon/libspa-calculon.so /home/dgamroth/workspaces/codex/pipewire/pipewireao-spa-plugins-profiling/build-profile/spa/plugins/alpao/libspa-alpao-mock.so mock 2000 468  512 512 8 8
$ perf stat --no-big-num -x ; --output /home/dgamroth/workspaces/codex/pipewire/pipewireao-spa-plugins-profiling/docs/benchmark-data/calculon-system-memory-pmu-2026-08-25-record/stat-scalar-hugetlb-locked-faults-rep2.csv --delay=-1 --control=fd:4,9 -e {page-faults,minor-faults,major-faults,context-switches,cpu-migrations} -t 1295230
benchmark-stdout:
workload: detector=512x512 region=8x8 regions=4096 slopes=8192 actuators=468 matrix-bytes=15335424 memory=locked warmup=256
first-cycle: algorithms=3207566 ns sink=551 ns minor-faults=0 major-faults=0
pixel+controller+normalizer SPA callbacks: n=2000 mean=3241985.4 ns p50=3233705 ns p90=3312883 ns p99=3463887 ns p99.9=3662369 ns max=3680713 ns
scheduled submit+ALPAO sink+ASDK: n=2000 mean=506.4 ns p50=451 ns p90=652 ns p99=1032 ns p99.9=1342 ns max=1513 ns
raw detector frame to ALPAO completion: n=2000 mean=3242491.8 ns p50=3234185 ns p90=3313474 ns p99=3464818 ns p99.9=3663010 ns max=3681344 ns
benchmark-stderr:
perf-stdout:
perf-stderr:
Events disabled
Events enabled
Events disabled


$ GLIBC_TUNABLES=glibc.malloc.hugetlb=1 PW_BENCHMARK_MEMORY=default chrt -f 88 taskset -c 14 /home/dgamroth/workspaces/codex/pipewire/pipewireao-spa-plugins-profiling/build-profile/spa/plugins/calculon/spa-calculon-full-system-test /home/dgamroth/workspaces/codex/pipewire/pipewireao-spa-plugins-profiling/build-profile-scalar/spa/plugins/calculon/libspa-calculon.so /home/dgamroth/workspaces/codex/pipewire/pipewireao-spa-plugins-profiling/build-profile/spa/plugins/alpao/libspa-alpao-mock.so mock 2000 468  512 512 8 8
$ perf stat --no-big-num -x ; --output /home/dgamroth/workspaces/codex/pipewire/pipewireao-spa-plugins-profiling/docs/benchmark-data/calculon-system-memory-pmu-2026-08-25-record/stat-scalar-thp-default-l1d-rep2.csv --delay=-1 --control=fd:4,9 -e {cycles:u,instructions:u,L1-dcache-loads:u,L1-dcache-load-misses:u} -t 1295380
benchmark-stdout:
workload: detector=512x512 region=8x8 regions=4096 slopes=8192 actuators=468 matrix-bytes=15335424 memory=default warmup=256
first-cycle: algorithms=3146471 ns sink=831 ns minor-faults=1 major-faults=0
pixel+controller+normalizer SPA callbacks: n=2000 mean=3176766.7 ns p50=3169905 ns p90=3246970 ns p99=3384297 ns p99.9=3728252 ns max=3973081 ns
scheduled submit+ALPAO sink+ASDK: n=2000 mean=573.3 ns p50=551 ns p90=742 ns p99=1162 ns p99.9=1473 ns max=1874 ns
raw detector frame to ALPAO completion: n=2000 mean=3177340.1 ns p50=3170436 ns p90=3247541 ns p99=3385429 ns p99.9=3730126 ns max=3973932 ns
benchmark-stderr:
perf-stdout:
perf-stderr:
Events disabled
Events enabled
Events disabled


$ GLIBC_TUNABLES=glibc.malloc.hugetlb=0 PW_BENCHMARK_MEMORY=default chrt -f 88 taskset -c 14 /home/dgamroth/workspaces/codex/pipewire/pipewireao-spa-plugins-profiling/build-profile/spa/plugins/calculon/spa-calculon-full-system-test /home/dgamroth/workspaces/codex/pipewire/pipewireao-spa-plugins-profiling/build-profile-scalar/spa/plugins/calculon/libspa-calculon.so /home/dgamroth/workspaces/codex/pipewire/pipewireao-spa-plugins-profiling/build-profile/spa/plugins/alpao/libspa-alpao-mock.so mock 2000 468  512 512 8 8
$ perf stat --no-big-num -x ; --output /home/dgamroth/workspaces/codex/pipewire/pipewireao-spa-plugins-profiling/docs/benchmark-data/calculon-system-memory-pmu-2026-08-25-record/stat-scalar-base-default-l1d-rep2.csv --delay=-1 --control=fd:4,9 -e {cycles:u,instructions:u,L1-dcache-loads:u,L1-dcache-load-misses:u} -t 1295513
benchmark-stdout:
workload: detector=512x512 region=8x8 regions=4096 slopes=8192 actuators=468 matrix-bytes=15335424 memory=default warmup=256
first-cycle: algorithms=3241038 ns sink=1232 ns minor-faults=1 major-faults=0
pixel+controller+normalizer SPA callbacks: n=2000 mean=3186431.3 ns p50=3175616 ns p90=3266516 ns p99=3413662 ns p99.9=3661937 ns max=3965617 ns
scheduled submit+ALPAO sink+ASDK: n=2000 mean=581.3 ns p50=531 ns p90=791 ns p99=1223 ns p99.9=1663 ns max=1683 ns
raw detector frame to ALPAO completion: n=2000 mean=3187012.7 ns p50=3176217 ns p90=3267057 ns p99=3414534 ns p99.9=3663540 ns max=3967180 ns
benchmark-stderr:
perf-stdout:
perf-stderr:
Events disabled
Events enabled
Events disabled


$ GLIBC_TUNABLES=glibc.malloc.hugetlb=1 PW_BENCHMARK_MEMORY=default chrt -f 88 taskset -c 14 /home/dgamroth/workspaces/codex/pipewire/pipewireao-spa-plugins-profiling/build-profile/spa/plugins/calculon/spa-calculon-full-system-test /home/dgamroth/workspaces/codex/pipewire/pipewireao-spa-plugins-profiling/build-profile-scalar/spa/plugins/calculon/libspa-calculon.so /home/dgamroth/workspaces/codex/pipewire/pipewireao-spa-plugins-profiling/build-profile/spa/plugins/alpao/libspa-alpao-mock.so mock 2000 468  512 512 8 8
$ perf stat --no-big-num -x ; --output /home/dgamroth/workspaces/codex/pipewire/pipewireao-spa-plugins-profiling/docs/benchmark-data/calculon-system-memory-pmu-2026-08-25-record/stat-scalar-thp-default-core-rep2.csv --delay=-1 --control=fd:4,9 -e {cycles:u,instructions:u,branches:u,branch-misses:u} -t 1295619
benchmark-stdout:
workload: detector=512x512 region=8x8 regions=4096 slopes=8192 actuators=468 matrix-bytes=15335424 memory=default warmup=256
first-cycle: algorithms=3281575 ns sink=932 ns minor-faults=1 major-faults=0
pixel+controller+normalizer SPA callbacks: n=2000 mean=3201454.4 ns p50=3203758 ns p90=3268369 ns p99=3389327 ns p99.9=3570486 ns max=3744973 ns
scheduled submit+ALPAO sink+ASDK: n=2000 mean=558.8 ns p50=531 ns p90=811 ns p99=1132 ns p99.9=1613 ns max=1863 ns
raw detector frame to ALPAO completion: n=2000 mean=3202013.1 ns p50=3204279 ns p90=3268900 ns p99=3389978 ns p99.9=3571207 ns max=3746697 ns
benchmark-stderr:
perf-stdout:
perf-stderr:
Events disabled
Events enabled
Events disabled


$ GLIBC_TUNABLES=glibc.malloc.hugetlb=2 PW_BENCHMARK_MEMORY=locked chrt -f 88 taskset -c 14 /home/dgamroth/workspaces/codex/pipewire/pipewireao-spa-plugins-profiling/build-profile/spa/plugins/calculon/spa-calculon-full-system-test /home/dgamroth/workspaces/codex/pipewire/pipewireao-spa-plugins-profiling/build-profile-scalar/spa/plugins/calculon/libspa-calculon.so /home/dgamroth/workspaces/codex/pipewire/pipewireao-spa-plugins-profiling/build-profile/spa/plugins/alpao/libspa-alpao-mock.so mock 2000 468  512 512 8 8
$ perf stat --no-big-num -x ; --output /home/dgamroth/workspaces/codex/pipewire/pipewireao-spa-plugins-profiling/docs/benchmark-data/calculon-system-memory-pmu-2026-08-25-record/stat-scalar-hugetlb-locked-core-rep2.csv --delay=-1 --control=fd:4,9 -e {cycles:u,instructions:u,branches:u,branch-misses:u} -t 1295746
benchmark-stdout:
workload: detector=512x512 region=8x8 regions=4096 slopes=8192 actuators=468 matrix-bytes=15335424 memory=locked warmup=256
first-cycle: algorithms=3246048 ns sink=712 ns minor-faults=0 major-faults=0
pixel+controller+normalizer SPA callbacks: n=2000 mean=3241620.8 ns p50=3233664 ns p90=3310659 ns p99=3456412 ns p99.9=3673750 ns max=3772966 ns
scheduled submit+ALPAO sink+ASDK: n=2000 mean=507.3 ns p50=451 ns p90=691 ns p99=1072 ns p99.9=1503 ns max=1733 ns
raw detector frame to ALPAO completion: n=2000 mean=3242128.1 ns p50=3234516 ns p90=3311119 ns p99=3457925 ns p99.9=3674692 ns max=3773457 ns
benchmark-stderr:
perf-stdout:
perf-stderr:
Events disabled
Events enabled
Events disabled


$ GLIBC_TUNABLES=glibc.malloc.hugetlb=2 PW_BENCHMARK_MEMORY=default chrt -f 88 taskset -c 14 /home/dgamroth/workspaces/codex/pipewire/pipewireao-spa-plugins-profiling/build-profile/spa/plugins/calculon/spa-calculon-full-system-test /home/dgamroth/workspaces/codex/pipewire/pipewireao-spa-plugins-profiling/build-profile-scalar/spa/plugins/calculon/libspa-calculon.so /home/dgamroth/workspaces/codex/pipewire/pipewireao-spa-plugins-profiling/build-profile/spa/plugins/alpao/libspa-alpao-mock.so mock 2000 468  512 512 8 8
$ perf stat --no-big-num -x ; --output /home/dgamroth/workspaces/codex/pipewire/pipewireao-spa-plugins-profiling/docs/benchmark-data/calculon-system-memory-pmu-2026-08-25-record/stat-scalar-hugetlb-default-faults-rep2.csv --delay=-1 --control=fd:4,9 -e {page-faults,minor-faults,major-faults,context-switches,cpu-migrations} -t 1295881
benchmark-stdout:
workload: detector=512x512 region=8x8 regions=4096 slopes=8192 actuators=468 matrix-bytes=15335424 memory=default warmup=256
first-cycle: algorithms=3248752 ns sink=932 ns minor-faults=1 major-faults=0
pixel+controller+normalizer SPA callbacks: n=2000 mean=3217784.6 ns p50=3205131 ns p90=3289650 ns p99=3488051 ns p99.9=3849740 ns max=3990944 ns
scheduled submit+ALPAO sink+ASDK: n=2000 mean=515.5 ns p50=451 ns p90=701 ns p99=1122 ns p99.9=1603 ns max=1773 ns
raw detector frame to ALPAO completion: n=2000 mean=3218300.1 ns p50=3205692 ns p90=3290171 ns p99=3488813 ns p99.9=3850692 ns max=3992186 ns
benchmark-stderr:
perf-stdout:
perf-stderr:
Events disabled
Events enabled
Events disabled


$ GLIBC_TUNABLES=glibc.malloc.hugetlb=0 PW_BENCHMARK_MEMORY=default chrt -f 88 taskset -c 14 /home/dgamroth/workspaces/codex/pipewire/pipewireao-spa-plugins-profiling/build-profile/spa/plugins/calculon/spa-calculon-full-system-test /home/dgamroth/workspaces/codex/pipewire/pipewireao-spa-plugins-profiling/build-profile/spa/plugins/calculon/libspa-calculon.so /home/dgamroth/workspaces/codex/pipewire/pipewireao-spa-plugins-profiling/build-profile/spa/plugins/alpao/libspa-alpao-mock.so mock 2000 468  512 512 8 8
$ perf stat --no-big-num -x ; --output /home/dgamroth/workspaces/codex/pipewire/pipewireao-spa-plugins-profiling/docs/benchmark-data/calculon-system-memory-pmu-2026-08-25-record/stat-oxiblas-base-default-l1d-rep2.csv --delay=-1 --control=fd:4,9 -e {cycles:u,instructions:u,L1-dcache-loads:u,L1-dcache-load-misses:u} -t 1296026
benchmark-stdout:
workload: detector=512x512 region=8x8 regions=4096 slopes=8192 actuators=468 matrix-bytes=15335424 memory=default warmup=256
first-cycle: algorithms=1246197 ns sink=721 ns minor-faults=1 major-faults=0
pixel+controller+normalizer SPA callbacks: n=2000 mean=1114045.6 ns p50=1100333 ns p90=1178631 ns p99=1311219 ns p99.9=1382844 ns max=1400476 ns
scheduled submit+ALPAO sink+ASDK: n=2000 mean=593.4 ns p50=561 ns p90=781 ns p99=1162 ns p99.9=1834 ns max=2574 ns
raw detector frame to ALPAO completion: n=2000 mean=1114639.0 ns p50=1100834 ns p90=1179182 ns p99=1312501 ns p99.9=1384206 ns max=1401057 ns
benchmark-stderr:
perf-stdout:
perf-stderr:
Events disabled
Events enabled
Events disabled


$ GLIBC_TUNABLES=glibc.malloc.hugetlb=2 PW_BENCHMARK_MEMORY=prefault chrt -f 88 taskset -c 14 /home/dgamroth/workspaces/codex/pipewire/pipewireao-spa-plugins-profiling/build-profile/spa/plugins/calculon/spa-calculon-full-system-test /home/dgamroth/workspaces/codex/pipewire/pipewireao-spa-plugins-profiling/build-profile-scalar/spa/plugins/calculon/libspa-calculon.so /home/dgamroth/workspaces/codex/pipewire/pipewireao-spa-plugins-profiling/build-profile/spa/plugins/alpao/libspa-alpao-mock.so mock 2000 468  512 512 8 8
$ perf stat --no-big-num -x ; --output /home/dgamroth/workspaces/codex/pipewire/pipewireao-spa-plugins-profiling/docs/benchmark-data/calculon-system-memory-pmu-2026-08-25-record/stat-scalar-hugetlb-prefault-core-rep2.csv --delay=-1 --control=fd:4,9 -e {cycles:u,instructions:u,branches:u,branch-misses:u} -t 1296087
benchmark-stdout:
workload: detector=512x512 region=8x8 regions=4096 slopes=8192 actuators=468 matrix-bytes=15335424 memory=prefault warmup=256
first-cycle: algorithms=3181797 ns sink=711 ns minor-faults=0 major-faults=0
pixel+controller+normalizer SPA callbacks: n=2000 mean=3221088.5 ns p50=3210491 ns p90=3291643 ns p99=3424843 ns p99.9=3796690 ns max=3875017 ns
scheduled submit+ALPAO sink+ASDK: n=2000 mean=499.6 ns p50=451 ns p90=621 ns p99=961 ns p99.9=1302 ns max=1373 ns
raw detector frame to ALPAO completion: n=2000 mean=3221588.1 ns p50=3211012 ns p90=3292114 ns p99=3425374 ns p99.9=3797372 ns max=3875528 ns
benchmark-stderr:
perf-stdout:
perf-stderr:
Events disabled
Events enabled
Events disabled


$ GLIBC_TUNABLES=glibc.malloc.hugetlb=0 PW_BENCHMARK_MEMORY=default chrt -f 88 taskset -c 14 /home/dgamroth/workspaces/codex/pipewire/pipewireao-spa-plugins-profiling/build-profile/spa/plugins/calculon/spa-calculon-full-system-test /home/dgamroth/workspaces/codex/pipewire/pipewireao-spa-plugins-profiling/build-profile/spa/plugins/calculon/libspa-calculon.so /home/dgamroth/workspaces/codex/pipewire/pipewireao-spa-plugins-profiling/build-profile/spa/plugins/alpao/libspa-alpao-mock.so mock 2000 468  512 512 8 8
$ perf stat --no-big-num -x ; --output /home/dgamroth/workspaces/codex/pipewire/pipewireao-spa-plugins-profiling/docs/benchmark-data/calculon-system-memory-pmu-2026-08-25-record/stat-oxiblas-base-default-core-rep2.csv --delay=-1 --control=fd:4,9 -e {cycles:u,instructions:u,branches:u,branch-misses:u} -t 1296208
benchmark-stdout:
workload: detector=512x512 region=8x8 regions=4096 slopes=8192 actuators=468 matrix-bytes=15335424 memory=default warmup=256
first-cycle: algorithms=1350011 ns sink=922 ns minor-faults=1 major-faults=0
pixel+controller+normalizer SPA callbacks: n=2000 mean=1125627.8 ns p50=1107467 ns p90=1204159 ns p99=1364770 ns p99.9=1645977 ns max=2014929 ns
scheduled submit+ALPAO sink+ASDK: n=2000 mean=555.1 ns p50=531 ns p90=691 ns p99=1062 ns p99.9=1433 ns max=1513 ns
raw detector frame to ALPAO completion: n=2000 mean=1126182.9 ns p50=1107938 ns p90=1204720 ns p99=1365281 ns p99.9=1646799 ns max=2016442 ns
benchmark-stderr:
perf-stdout:
perf-stderr:
Events disabled
Events enabled
Events disabled


$ GLIBC_TUNABLES=glibc.malloc.hugetlb=1 PW_BENCHMARK_MEMORY=default chrt -f 88 taskset -c 14 /home/dgamroth/workspaces/codex/pipewire/pipewireao-spa-plugins-profiling/build-profile/spa/plugins/calculon/spa-calculon-full-system-test /home/dgamroth/workspaces/codex/pipewire/pipewireao-spa-plugins-profiling/build-profile/spa/plugins/calculon/libspa-calculon.so /home/dgamroth/workspaces/codex/pipewire/pipewireao-spa-plugins-profiling/build-profile/spa/plugins/alpao/libspa-alpao-mock.so mock 2000 468  512 512 8 8
$ perf stat --no-big-num -x ; --output /home/dgamroth/workspaces/codex/pipewire/pipewireao-spa-plugins-profiling/docs/benchmark-data/calculon-system-memory-pmu-2026-08-25-record/stat-oxiblas-thp-default-l2-rep2.csv --delay=-1 --control=fd:4,9 -e {cycles:u,instructions:u,l2_request_g1.all_no_prefetch:u,l2_cache_req_stat.ic_dc_miss_in_l2:u} -t 1296276
benchmark-stdout:
workload: detector=512x512 region=8x8 regions=4096 slopes=8192 actuators=468 matrix-bytes=15335424 memory=default warmup=256
first-cycle: algorithms=1249844 ns sink=902 ns minor-faults=1 major-faults=0
pixel+controller+normalizer SPA callbacks: n=2000 mean=1096692.0 ns p50=1084564 ns p90=1157331 ns p99=1259683 ns p99.9=1354771 ns max=1622503 ns
scheduled submit+ALPAO sink+ASDK: n=2000 mean=539.2 ns p50=521 ns p90=691 ns p99=1022 ns p99.9=1422 ns max=1813 ns
raw detector frame to ALPAO completion: n=2000 mean=1097231.3 ns p50=1085146 ns p90=1157802 ns p99=1260234 ns p99.9=1355582 ns max=1623775 ns
benchmark-stderr:
perf-stdout:
perf-stderr:
Events disabled
Events enabled
Events disabled


$ GLIBC_TUNABLES=glibc.malloc.hugetlb=2 PW_BENCHMARK_MEMORY=locked chrt -f 88 taskset -c 14 /home/dgamroth/workspaces/codex/pipewire/pipewireao-spa-plugins-profiling/build-profile/spa/plugins/calculon/spa-calculon-full-system-test /home/dgamroth/workspaces/codex/pipewire/pipewireao-spa-plugins-profiling/build-profile-scalar/spa/plugins/calculon/libspa-calculon.so /home/dgamroth/workspaces/codex/pipewire/pipewireao-spa-plugins-profiling/build-profile/spa/plugins/alpao/libspa-alpao-mock.so mock 2000 468  512 512 8 8
$ perf stat --no-big-num -x ; --output /home/dgamroth/workspaces/codex/pipewire/pipewireao-spa-plugins-profiling/docs/benchmark-data/calculon-system-memory-pmu-2026-08-25-record/stat-scalar-hugetlb-locked-l1d-rep2.csv --delay=-1 --control=fd:4,9 -e {cycles:u,instructions:u,L1-dcache-loads:u,L1-dcache-load-misses:u} -t 1296337
benchmark-stdout:
workload: detector=512x512 region=8x8 regions=4096 slopes=8192 actuators=468 matrix-bytes=15335424 memory=locked warmup=256
first-cycle: algorithms=3190112 ns sink=761 ns minor-faults=0 major-faults=0
pixel+controller+normalizer SPA callbacks: n=2000 mean=3219492.5 ns p50=3207385 ns p90=3290781 ns p99=3524350 ns p99.9=3728302 ns max=3908049 ns
scheduled submit+ALPAO sink+ASDK: n=2000 mean=504.7 ns p50=461 ns p90=621 ns p99=962 ns p99.9=1352 ns max=5751 ns
raw detector frame to ALPAO completion: n=2000 mean=3219997.2 ns p50=3207846 ns p90=3291263 ns p99=3525031 ns p99.9=3728933 ns max=3909211 ns
benchmark-stderr:
perf-stdout:
perf-stderr:
Events disabled
Events enabled
Events disabled


$ GLIBC_TUNABLES=glibc.malloc.hugetlb=1 PW_BENCHMARK_MEMORY=default chrt -f 88 taskset -c 14 /home/dgamroth/workspaces/codex/pipewire/pipewireao-spa-plugins-profiling/build-profile/spa/plugins/calculon/spa-calculon-full-system-test /home/dgamroth/workspaces/codex/pipewire/pipewireao-spa-plugins-profiling/build-profile-scalar/spa/plugins/calculon/libspa-calculon.so /home/dgamroth/workspaces/codex/pipewire/pipewireao-spa-plugins-profiling/build-profile/spa/plugins/alpao/libspa-alpao-mock.so mock 2000 468  512 512 8 8
$ perf stat --no-big-num -x ; --output /home/dgamroth/workspaces/codex/pipewire/pipewireao-spa-plugins-profiling/docs/benchmark-data/calculon-system-memory-pmu-2026-08-25-record/stat-scalar-thp-default-dtlb-rep2.csv --delay=-1 --control=fd:4,9 -e {cycles:u,instructions:u,l1_dtlb_misses:u,l2_dtlb_misses:u} -t 1296452
benchmark-stdout:
workload: detector=512x512 region=8x8 regions=4096 slopes=8192 actuators=468 matrix-bytes=15335424 memory=default warmup=256
first-cycle: algorithms=3239876 ns sink=752 ns minor-faults=1 major-faults=0
pixel+controller+normalizer SPA callbacks: n=2000 mean=3208814.3 ns p50=3203889 ns p90=3279600 ns p99=3464648 ns p99.9=3702974 ns max=3820535 ns
scheduled submit+ALPAO sink+ASDK: n=2000 mean=551.4 ns p50=521 ns p90=711 ns p99=1272 ns p99.9=1693 ns max=4338 ns
raw detector frame to ALPAO completion: n=2000 mean=3209365.7 ns p50=3204349 ns p90=3280041 ns p99=3465359 ns p99.9=3703876 ns max=3821317 ns
benchmark-stderr:
perf-stdout:
perf-stderr:
Events disabled
Events enabled
Events disabled


$ GLIBC_TUNABLES=glibc.malloc.hugetlb=0 PW_BENCHMARK_MEMORY=default chrt -f 88 taskset -c 14 /home/dgamroth/workspaces/codex/pipewire/pipewireao-spa-plugins-profiling/build-profile/spa/plugins/calculon/spa-calculon-full-system-test /home/dgamroth/workspaces/codex/pipewire/pipewireao-spa-plugins-profiling/build-profile/spa/plugins/calculon/libspa-calculon.so /home/dgamroth/workspaces/codex/pipewire/pipewireao-spa-plugins-profiling/build-profile/spa/plugins/alpao/libspa-alpao-mock.so mock 2000 468  512 512 8 8
$ perf stat --no-big-num -x ; --output /home/dgamroth/workspaces/codex/pipewire/pipewireao-spa-plugins-profiling/docs/benchmark-data/calculon-system-memory-pmu-2026-08-25-record/stat-oxiblas-base-default-faults-rep2.csv --delay=-1 --control=fd:4,9 -e {page-faults,minor-faults,major-faults,context-switches,cpu-migrations} -t 1296593
benchmark-stdout:
workload: detector=512x512 region=8x8 regions=4096 slopes=8192 actuators=468 matrix-bytes=15335424 memory=default warmup=256
first-cycle: algorithms=1244043 ns sink=722 ns minor-faults=1 major-faults=0
pixel+controller+normalizer SPA callbacks: n=2000 mean=1095039.6 ns p50=1083633 ns p90=1147061 ns p99=1271123 ns p99.9=1387422 ns max=1709475 ns
scheduled submit+ALPAO sink+ASDK: n=2000 mean=560.2 ns p50=521 ns p90=722 ns p99=1082 ns p99.9=1512 ns max=3316 ns
raw detector frame to ALPAO completion: n=2000 mean=1095599.9 ns p50=1084123 ns p90=1147512 ns p99=1271795 ns p99.9=1390738 ns max=1710688 ns
benchmark-stderr:
perf-stdout:
perf-stderr:
Events disabled
Events enabled
Events disabled


$ GLIBC_TUNABLES=glibc.malloc.hugetlb=0 PW_BENCHMARK_MEMORY=default chrt -f 88 taskset -c 14 /home/dgamroth/workspaces/codex/pipewire/pipewireao-spa-plugins-profiling/build-profile/spa/plugins/calculon/spa-calculon-full-system-test /home/dgamroth/workspaces/codex/pipewire/pipewireao-spa-plugins-profiling/build-profile/spa/plugins/calculon/libspa-calculon.so /home/dgamroth/workspaces/codex/pipewire/pipewireao-spa-plugins-profiling/build-profile/spa/plugins/alpao/libspa-alpao-mock.so mock 2000 468  512 512 8 8
$ perf stat --no-big-num -x ; --output /home/dgamroth/workspaces/codex/pipewire/pipewireao-spa-plugins-profiling/docs/benchmark-data/calculon-system-memory-pmu-2026-08-25-record/stat-oxiblas-base-default-l2-rep2.csv --delay=-1 --control=fd:4,9 -e {cycles:u,instructions:u,l2_request_g1.all_no_prefetch:u,l2_cache_req_stat.ic_dc_miss_in_l2:u} -t 1296649
benchmark-stdout:
workload: detector=512x512 region=8x8 regions=4096 slopes=8192 actuators=468 matrix-bytes=15335424 memory=default warmup=256
first-cycle: algorithms=1304807 ns sink=641 ns minor-faults=1 major-faults=0
pixel+controller+normalizer SPA callbacks: n=2000 mean=1111623.6 ns p50=1090485 ns p90=1178180 ns p99=1494523 ns p99.9=1619638 ns max=1740394 ns
scheduled submit+ALPAO sink+ASDK: n=2000 mean=556.4 ns p50=531 ns p90=751 ns p99=1022 ns p99.9=1482 ns max=1683 ns
raw detector frame to ALPAO completion: n=2000 mean=1112180.1 ns p50=1091036 ns p90=1179001 ns p99=1495936 ns p99.9=1620329 ns max=1742077 ns
benchmark-stderr:
perf-stdout:
perf-stderr:
Events disabled
Events enabled
Events disabled


$ GLIBC_TUNABLES=glibc.malloc.hugetlb=2 PW_BENCHMARK_MEMORY=locked chrt -f 88 taskset -c 14 /home/dgamroth/workspaces/codex/pipewire/pipewireao-spa-plugins-profiling/build-profile/spa/plugins/calculon/spa-calculon-full-system-test /home/dgamroth/workspaces/codex/pipewire/pipewireao-spa-plugins-profiling/build-profile-scalar/spa/plugins/calculon/libspa-calculon.so /home/dgamroth/workspaces/codex/pipewire/pipewireao-spa-plugins-profiling/build-profile/spa/plugins/alpao/libspa-alpao-mock.so mock 2000 468  512 512 8 8
$ perf stat --no-big-num -x ; --output /home/dgamroth/workspaces/codex/pipewire/pipewireao-spa-plugins-profiling/docs/benchmark-data/calculon-system-memory-pmu-2026-08-25-record/stat-scalar-hugetlb-locked-dtlb-rep2.csv --delay=-1 --control=fd:4,9 -e {cycles:u,instructions:u,l1_dtlb_misses:u,l2_dtlb_misses:u} -t 1296688
benchmark-stdout:
workload: detector=512x512 region=8x8 regions=4096 slopes=8192 actuators=468 matrix-bytes=15335424 memory=locked warmup=256
first-cycle: algorithms=3230789 ns sink=731 ns minor-faults=0 major-faults=0
pixel+controller+normalizer SPA callbacks: n=2000 mean=3243110.8 ns p50=3229997 ns p90=3319124 ns p99=3519871 ns p99.9=3819402 ns max=3922636 ns
scheduled submit+ALPAO sink+ASDK: n=2000 mean=511.5 ns p50=451 ns p90=661 ns p99=1022 ns p99.9=1543 ns max=6202 ns
raw detector frame to ALPAO completion: n=2000 mean=3243622.2 ns p50=3230488 ns p90=3320086 ns p99=3520572 ns p99.9=3820935 ns max=3924179 ns
benchmark-stderr:
perf-stdout:
perf-stderr:
Events disabled
Events enabled
Events disabled


$ GLIBC_TUNABLES=glibc.malloc.hugetlb=0 PW_BENCHMARK_MEMORY=locked chrt -f 88 taskset -c 14 /home/dgamroth/workspaces/codex/pipewire/pipewireao-spa-plugins-profiling/build-profile/spa/plugins/calculon/spa-calculon-full-system-test /home/dgamroth/workspaces/codex/pipewire/pipewireao-spa-plugins-profiling/build-profile/spa/plugins/calculon/libspa-calculon.so /home/dgamroth/workspaces/codex/pipewire/pipewireao-spa-plugins-profiling/build-profile/spa/plugins/alpao/libspa-alpao-mock.so mock 2000 468  512 512 8 8
$ perf stat --no-big-num -x ; --output /home/dgamroth/workspaces/codex/pipewire/pipewireao-spa-plugins-profiling/docs/benchmark-data/calculon-system-memory-pmu-2026-08-25-record/stat-oxiblas-base-locked-l1d-rep2.csv --delay=-1 --control=fd:4,9 -e {cycles:u,instructions:u,L1-dcache-loads:u,L1-dcache-load-misses:u} -t 1296791
benchmark-stdout:
workload: detector=512x512 region=8x8 regions=4096 slopes=8192 actuators=468 matrix-bytes=15335424 memory=locked warmup=256
first-cycle: algorithms=1303344 ns sink=901 ns minor-faults=0 major-faults=0
pixel+controller+normalizer SPA callbacks: n=2000 mean=1105738.3 ns p50=1085857 ns p90=1174172 ns p99=1450390 ns p99.9=1627572 ns max=2001363 ns
scheduled submit+ALPAO sink+ASDK: n=2000 mean=539.5 ns p50=511 ns p90=661 ns p99=1032 ns p99.9=1683 ns max=11231 ns
raw detector frame to ALPAO completion: n=2000 mean=1106277.8 ns p50=1086488 ns p90=1175074 ns p99=1450951 ns p99.9=1628183 ns max=2002696 ns
benchmark-stderr:
perf-stdout:
perf-stderr:
Events disabled
Events enabled
Events disabled


$ GLIBC_TUNABLES=glibc.malloc.hugetlb=1 PW_BENCHMARK_MEMORY=prefault chrt -f 88 taskset -c 14 /home/dgamroth/workspaces/codex/pipewire/pipewireao-spa-plugins-profiling/build-profile/spa/plugins/calculon/spa-calculon-full-system-test /home/dgamroth/workspaces/codex/pipewire/pipewireao-spa-plugins-profiling/build-profile/spa/plugins/calculon/libspa-calculon.so /home/dgamroth/workspaces/codex/pipewire/pipewireao-spa-plugins-profiling/build-profile/spa/plugins/alpao/libspa-alpao-mock.so mock 2000 468  512 512 8 8
$ perf stat --no-big-num -x ; --output /home/dgamroth/workspaces/codex/pipewire/pipewireao-spa-plugins-profiling/docs/benchmark-data/calculon-system-memory-pmu-2026-08-25-record/stat-oxiblas-thp-prefault-faults-rep2.csv --delay=-1 --control=fd:4,9 -e {page-faults,minor-faults,major-faults,context-switches,cpu-migrations} -t 1296853
benchmark-stdout:
workload: detector=512x512 region=8x8 regions=4096 slopes=8192 actuators=468 matrix-bytes=15335424 memory=prefault warmup=256
first-cycle: algorithms=1249333 ns sink=742 ns minor-faults=0 major-faults=0
pixel+controller+normalizer SPA callbacks: n=2000 mean=1094651.7 ns p50=1081498 ns p90=1140849 ns p99=1311590 ns p99.9=1507437 ns max=1550457 ns
scheduled submit+ALPAO sink+ASDK: n=2000 mean=560.7 ns p50=531 ns p90=691 ns p99=1041 ns p99.9=1493 ns max=12022 ns
raw detector frame to ALPAO completion: n=2000 mean=1095212.4 ns p50=1082009 ns p90=1141691 ns p99=1312131 ns p99.9=1508008 ns max=1552401 ns
benchmark-stderr:
perf-stdout:
perf-stderr:
Events disabled
Events enabled
Events disabled


$ GLIBC_TUNABLES=glibc.malloc.hugetlb=1 PW_BENCHMARK_MEMORY=locked chrt -f 88 taskset -c 14 /home/dgamroth/workspaces/codex/pipewire/pipewireao-spa-plugins-profiling/build-profile/spa/plugins/calculon/spa-calculon-full-system-test /home/dgamroth/workspaces/codex/pipewire/pipewireao-spa-plugins-profiling/build-profile/spa/plugins/calculon/libspa-calculon.so /home/dgamroth/workspaces/codex/pipewire/pipewireao-spa-plugins-profiling/build-profile/spa/plugins/alpao/libspa-alpao-mock.so mock 2000 468  512 512 8 8
$ perf stat --no-big-num -x ; --output /home/dgamroth/workspaces/codex/pipewire/pipewireao-spa-plugins-profiling/docs/benchmark-data/calculon-system-memory-pmu-2026-08-25-record/stat-oxiblas-thp-locked-l1d-rep2.csv --delay=-1 --control=fd:4,9 -e {cycles:u,instructions:u,L1-dcache-loads:u,L1-dcache-load-misses:u} -t 1296903
benchmark-stdout:
workload: detector=512x512 region=8x8 regions=4096 slopes=8192 actuators=468 matrix-bytes=15335424 memory=locked warmup=256
first-cycle: algorithms=1175805 ns sink=642 ns minor-faults=0 major-faults=0
pixel+controller+normalizer SPA callbacks: n=2000 mean=1106425.6 ns p50=1090586 ns p90=1168611 ns p99=1324734 ns p99.9=1624387 ns max=1978711 ns
scheduled submit+ALPAO sink+ASDK: n=2000 mean=553.1 ns p50=531 ns p90=661 ns p99=1022 ns p99.9=1493 ns max=1754 ns
raw detector frame to ALPAO completion: n=2000 mean=1106978.7 ns p50=1091136 ns p90=1169172 ns p99=1326147 ns p99.9=1624988 ns max=1980424 ns
benchmark-stderr:
perf-stdout:
perf-stderr:
Events disabled
Events enabled
Events disabled


$ GLIBC_TUNABLES=glibc.malloc.hugetlb=2 PW_BENCHMARK_MEMORY=default chrt -f 88 taskset -c 14 /home/dgamroth/workspaces/codex/pipewire/pipewireao-spa-plugins-profiling/build-profile/spa/plugins/calculon/spa-calculon-full-system-test /home/dgamroth/workspaces/codex/pipewire/pipewireao-spa-plugins-profiling/build-profile/spa/plugins/calculon/libspa-calculon.so /home/dgamroth/workspaces/codex/pipewire/pipewireao-spa-plugins-profiling/build-profile/spa/plugins/alpao/libspa-alpao-mock.so mock 2000 468  512 512 8 8
$ perf stat --no-big-num -x ; --output /home/dgamroth/workspaces/codex/pipewire/pipewireao-spa-plugins-profiling/docs/benchmark-data/calculon-system-memory-pmu-2026-08-25-record/stat-oxiblas-hugetlb-default-l1d-rep2.csv --delay=-1 --control=fd:4,9 -e {cycles:u,instructions:u,L1-dcache-loads:u,L1-dcache-load-misses:u} -t 1296948
benchmark-stdout:
workload: detector=512x512 region=8x8 regions=4096 slopes=8192 actuators=468 matrix-bytes=15335424 memory=default warmup=256
first-cycle: algorithms=1290660 ns sink=731 ns minor-faults=1 major-faults=0
pixel+controller+normalizer SPA callbacks: n=2000 mean=1123300.8 ns p50=1099683 ns p90=1197316 ns p99=1503720 ns p99.9=1649734 ns max=1848857 ns
scheduled submit+ALPAO sink+ASDK: n=2000 mean=481.7 ns p50=451 ns p90=571 ns p99=962 ns p99.9=1483 ns max=1874 ns
raw detector frame to ALPAO completion: n=2000 mean=1123782.5 ns p50=1100093 ns p90=1198046 ns p99=1504321 ns p99.9=1650385 ns max=1850000 ns
benchmark-stderr:
perf-stdout:
perf-stderr:
Events disabled
Events enabled
Events disabled


$ GLIBC_TUNABLES=glibc.malloc.hugetlb=0 PW_BENCHMARK_MEMORY=prefault chrt -f 88 taskset -c 14 /home/dgamroth/workspaces/codex/pipewire/pipewireao-spa-plugins-profiling/build-profile/spa/plugins/calculon/spa-calculon-full-system-test /home/dgamroth/workspaces/codex/pipewire/pipewireao-spa-plugins-profiling/build-profile-scalar/spa/plugins/calculon/libspa-calculon.so /home/dgamroth/workspaces/codex/pipewire/pipewireao-spa-plugins-profiling/build-profile/spa/plugins/alpao/libspa-alpao-mock.so mock 2000 468  512 512 8 8
$ perf stat --no-big-num -x ; --output /home/dgamroth/workspaces/codex/pipewire/pipewireao-spa-plugins-profiling/docs/benchmark-data/calculon-system-memory-pmu-2026-08-25-record/stat-scalar-base-prefault-faults-rep2.csv --delay=-1 --control=fd:4,9 -e {page-faults,minor-faults,major-faults,context-switches,cpu-migrations} -t 1296995
benchmark-stdout:
workload: detector=512x512 region=8x8 regions=4096 slopes=8192 actuators=468 matrix-bytes=15335424 memory=prefault warmup=256
first-cycle: algorithms=3303706 ns sink=962 ns minor-faults=0 major-faults=0
pixel+controller+normalizer SPA callbacks: n=2000 mean=3192980.0 ns p50=3182288 ns p90=3264752 ns p99=3503230 ns p99.9=3807170 ns max=3824693 ns
scheduled submit+ALPAO sink+ASDK: n=2000 mean=630.8 ns p50=571 ns p90=902 ns p99=1252 ns p99.9=1803 ns max=2545 ns
raw detector frame to ALPAO completion: n=2000 mean=3193610.9 ns p50=3182940 ns p90=3265273 ns p99=3504272 ns p99.9=3808683 ns max=3825855 ns
benchmark-stderr:
perf-stdout:
perf-stderr:
Events disabled
Events enabled
Events disabled


$ GLIBC_TUNABLES=glibc.malloc.hugetlb=1 PW_BENCHMARK_MEMORY=locked chrt -f 88 taskset -c 14 /home/dgamroth/workspaces/codex/pipewire/pipewireao-spa-plugins-profiling/build-profile/spa/plugins/calculon/spa-calculon-full-system-test /home/dgamroth/workspaces/codex/pipewire/pipewireao-spa-plugins-profiling/build-profile-scalar/spa/plugins/calculon/libspa-calculon.so /home/dgamroth/workspaces/codex/pipewire/pipewireao-spa-plugins-profiling/build-profile/spa/plugins/alpao/libspa-alpao-mock.so mock 2000 468  512 512 8 8
$ perf stat --no-big-num -x ; --output /home/dgamroth/workspaces/codex/pipewire/pipewireao-spa-plugins-profiling/docs/benchmark-data/calculon-system-memory-pmu-2026-08-25-record/stat-scalar-thp-locked-l1d-rep2.csv --delay=-1 --control=fd:4,9 -e {cycles:u,instructions:u,L1-dcache-loads:u,L1-dcache-load-misses:u} -t 1297109
benchmark-stdout:
workload: detector=512x512 region=8x8 regions=4096 slopes=8192 actuators=468 matrix-bytes=15335424 memory=locked warmup=256
first-cycle: algorithms=3138937 ns sink=622 ns minor-faults=0 major-faults=0
pixel+controller+normalizer SPA callbacks: n=2000 mean=3200673.1 ns p50=3188350 ns p90=3277036 ns p99=3500695 ns p99.9=3805918 ns max=3996806 ns
scheduled submit+ALPAO sink+ASDK: n=2000 mean=523.5 ns p50=471 ns p90=681 ns p99=1102 ns p99.9=1803 ns max=2104 ns
raw detector frame to ALPAO completion: n=2000 mean=3201196.6 ns p50=3188911 ns p90=3277557 ns p99=3501326 ns p99.9=3806379 ns max=3997577 ns
benchmark-stderr:
perf-stdout:
perf-stderr:
Events disabled
Events enabled
Events disabled


$ GLIBC_TUNABLES=glibc.malloc.hugetlb=2 PW_BENCHMARK_MEMORY=locked chrt -f 88 taskset -c 14 /home/dgamroth/workspaces/codex/pipewire/pipewireao-spa-plugins-profiling/build-profile/spa/plugins/calculon/spa-calculon-full-system-test /home/dgamroth/workspaces/codex/pipewire/pipewireao-spa-plugins-profiling/build-profile/spa/plugins/calculon/libspa-calculon.so /home/dgamroth/workspaces/codex/pipewire/pipewireao-spa-plugins-profiling/build-profile/spa/plugins/alpao/libspa-alpao-mock.so mock 2000 468  512 512 8 8
$ perf stat --no-big-num -x ; --output /home/dgamroth/workspaces/codex/pipewire/pipewireao-spa-plugins-profiling/docs/benchmark-data/calculon-system-memory-pmu-2026-08-25-record/stat-oxiblas-hugetlb-locked-l2-rep2.csv --delay=-1 --control=fd:4,9 -e {cycles:u,instructions:u,l2_request_g1.all_no_prefetch:u,l2_cache_req_stat.ic_dc_miss_in_l2:u} -t 1297231
benchmark-stdout:
workload: detector=512x512 region=8x8 regions=4096 slopes=8192 actuators=468 matrix-bytes=15335424 memory=locked warmup=256
first-cycle: algorithms=1370931 ns sink=721 ns minor-faults=0 major-faults=0
pixel+controller+normalizer SPA callbacks: n=2000 mean=1100366.9 ns p50=1090054 ns p90=1152472 ns p99=1286744 ns p99.9=1530570 ns max=1605651 ns
scheduled submit+ALPAO sink+ASDK: n=2000 mean=497.8 ns p50=461 ns p90=571 ns p99=932 ns p99.9=1253 ns max=1773 ns
raw detector frame to ALPAO completion: n=2000 mean=1100864.7 ns p50=1090585 ns p90=1152973 ns p99=1287375 ns p99.9=1531843 ns max=1606814 ns
benchmark-stderr:
perf-stdout:
perf-stderr:
Events disabled
Events enabled
Events disabled


$ GLIBC_TUNABLES=glibc.malloc.hugetlb=1 PW_BENCHMARK_MEMORY=locked chrt -f 88 taskset -c 14 /home/dgamroth/workspaces/codex/pipewire/pipewireao-spa-plugins-profiling/build-profile/spa/plugins/calculon/spa-calculon-full-system-test /home/dgamroth/workspaces/codex/pipewire/pipewireao-spa-plugins-profiling/build-profile-scalar/spa/plugins/calculon/libspa-calculon.so /home/dgamroth/workspaces/codex/pipewire/pipewireao-spa-plugins-profiling/build-profile/spa/plugins/alpao/libspa-alpao-mock.so mock 2000 468  512 512 8 8
$ perf stat --no-big-num -x ; --output /home/dgamroth/workspaces/codex/pipewire/pipewireao-spa-plugins-profiling/docs/benchmark-data/calculon-system-memory-pmu-2026-08-25-record/stat-scalar-thp-locked-core-rep2.csv --delay=-1 --control=fd:4,9 -e {cycles:u,instructions:u,branches:u,branch-misses:u} -t 1297286
benchmark-stdout:
workload: detector=512x512 region=8x8 regions=4096 slopes=8192 actuators=468 matrix-bytes=15335424 memory=locked warmup=256
first-cycle: algorithms=3149115 ns sink=851 ns minor-faults=0 major-faults=0
pixel+controller+normalizer SPA callbacks: n=2000 mean=3195730.7 ns p50=3187758 ns p90=3267938 ns p99=3447936 ns p99.9=3633805 ns max=3827438 ns
scheduled submit+ALPAO sink+ASDK: n=2000 mean=584.8 ns p50=541 ns p90=851 ns p99=1212 ns p99.9=1983 ns max=5961 ns
raw detector frame to ALPAO completion: n=2000 mean=3196315.5 ns p50=3188269 ns p90=3268499 ns p99=3448647 ns p99.9=3635207 ns max=3829392 ns
benchmark-stderr:
perf-stdout:
perf-stderr:
Events disabled
Events enabled
Events disabled


$ GLIBC_TUNABLES=glibc.malloc.hugetlb=2 PW_BENCHMARK_MEMORY=locked chrt -f 88 taskset -c 14 /home/dgamroth/workspaces/codex/pipewire/pipewireao-spa-plugins-profiling/build-profile/spa/plugins/calculon/spa-calculon-full-system-test /home/dgamroth/workspaces/codex/pipewire/pipewireao-spa-plugins-profiling/build-profile/spa/plugins/calculon/libspa-calculon.so /home/dgamroth/workspaces/codex/pipewire/pipewireao-spa-plugins-profiling/build-profile/spa/plugins/alpao/libspa-alpao-mock.so mock 2000 468  512 512 8 8
$ perf stat --no-big-num -x ; --output /home/dgamroth/workspaces/codex/pipewire/pipewireao-spa-plugins-profiling/docs/benchmark-data/calculon-system-memory-pmu-2026-08-25-record/stat-oxiblas-hugetlb-locked-core-rep2.csv --delay=-1 --control=fd:4,9 -e {cycles:u,instructions:u,branches:u,branch-misses:u} -t 1297412
benchmark-stdout:
workload: detector=512x512 region=8x8 regions=4096 slopes=8192 actuators=468 matrix-bytes=15335424 memory=locked warmup=256
first-cycle: algorithms=1271775 ns sink=631 ns minor-faults=0 major-faults=0
pixel+controller+normalizer SPA callbacks: n=2000 mean=1106667.4 ns p50=1097348 ns p90=1158223 ns p99=1267157 ns p99.9=1360181 ns max=1377803 ns
scheduled submit+ALPAO sink+ASDK: n=2000 mean=479.2 ns p50=451 ns p90=551 ns p99=892 ns p99.9=1132 ns max=1182 ns
raw detector frame to ALPAO completion: n=2000 mean=1107146.6 ns p50=1097789 ns p90=1158673 ns p99=1267608 ns p99.9=1360772 ns max=1378695 ns
benchmark-stderr:
perf-stdout:
perf-stderr:
Events disabled
Events enabled
Events disabled


$ GLIBC_TUNABLES=glibc.malloc.hugetlb=0 PW_BENCHMARK_MEMORY=locked chrt -f 88 taskset -c 14 /home/dgamroth/workspaces/codex/pipewire/pipewireao-spa-plugins-profiling/build-profile/spa/plugins/calculon/spa-calculon-full-system-test /home/dgamroth/workspaces/codex/pipewire/pipewireao-spa-plugins-profiling/build-profile-scalar/spa/plugins/calculon/libspa-calculon.so /home/dgamroth/workspaces/codex/pipewire/pipewireao-spa-plugins-profiling/build-profile/spa/plugins/alpao/libspa-alpao-mock.so mock 2000 468  512 512 8 8
$ perf stat --no-big-num -x ; --output /home/dgamroth/workspaces/codex/pipewire/pipewireao-spa-plugins-profiling/docs/benchmark-data/calculon-system-memory-pmu-2026-08-25-record/stat-scalar-base-locked-l2-rep2.csv --delay=-1 --control=fd:4,9 -e {cycles:u,instructions:u,l2_request_g1.all_no_prefetch:u,l2_cache_req_stat.ic_dc_miss_in_l2:u} -t 1297468
benchmark-stdout:
workload: detector=512x512 region=8x8 regions=4096 slopes=8192 actuators=468 matrix-bytes=15335424 memory=locked warmup=256
first-cycle: algorithms=3205611 ns sink=821 ns minor-faults=0 major-faults=0
pixel+controller+normalizer SPA callbacks: n=2000 mean=3190411.8 ns p50=3182538 ns p90=3262078 ns p99=3410857 ns p99.9=3604349 ns max=3639245 ns
scheduled submit+ALPAO sink+ASDK: n=2000 mean=528.5 ns p50=491 ns p90=662 ns p99=1022 ns p99.9=1623 ns max=1954 ns
raw detector frame to ALPAO completion: n=2000 mean=3190940.3 ns p50=3183079 ns p90=3262539 ns p99=3411789 ns p99.9=3605021 ns max=3639907 ns
benchmark-stderr:
perf-stdout:
perf-stderr:
Events disabled
Events enabled
Events disabled


$ GLIBC_TUNABLES=glibc.malloc.hugetlb=1 PW_BENCHMARK_MEMORY=default chrt -f 88 taskset -c 14 /home/dgamroth/workspaces/codex/pipewire/pipewireao-spa-plugins-profiling/build-profile/spa/plugins/calculon/spa-calculon-full-system-test /home/dgamroth/workspaces/codex/pipewire/pipewireao-spa-plugins-profiling/build-profile/spa/plugins/calculon/libspa-calculon.so /home/dgamroth/workspaces/codex/pipewire/pipewireao-spa-plugins-profiling/build-profile/spa/plugins/alpao/libspa-alpao-mock.so mock 2000 468  512 512 8 8
$ perf stat --no-big-num -x ; --output /home/dgamroth/workspaces/codex/pipewire/pipewireao-spa-plugins-profiling/docs/benchmark-data/calculon-system-memory-pmu-2026-08-25-record/stat-oxiblas-thp-default-dtlb-rep2.csv --delay=-1 --control=fd:4,9 -e {cycles:u,instructions:u,l1_dtlb_misses:u,l2_dtlb_misses:u} -t 1297595
benchmark-stdout:
workload: detector=512x512 region=8x8 regions=4096 slopes=8192 actuators=468 matrix-bytes=15335424 memory=default warmup=256
first-cycle: algorithms=1341155 ns sink=741 ns minor-faults=1 major-faults=0
pixel+controller+normalizer SPA callbacks: n=2000 mean=1128880.8 ns p50=1102978 ns p90=1221561 ns p99=1547813 ns p99.9=1779176 ns max=1940940 ns
scheduled submit+ALPAO sink+ASDK: n=2000 mean=610.7 ns p50=551 ns p90=841 ns p99=1252 ns p99.9=1703 ns max=1884 ns
raw detector frame to ALPAO completion: n=2000 mean=1129491.5 ns p50=1103559 ns p90=1222102 ns p99=1548474 ns p99.9=1780369 ns max=1942523 ns
benchmark-stderr:
perf-stdout:
perf-stderr:
Events disabled
Events enabled
Events disabled


$ GLIBC_TUNABLES=glibc.malloc.hugetlb=2 PW_BENCHMARK_MEMORY=default chrt -f 88 taskset -c 14 /home/dgamroth/workspaces/codex/pipewire/pipewireao-spa-plugins-profiling/build-profile/spa/plugins/calculon/spa-calculon-full-system-test /home/dgamroth/workspaces/codex/pipewire/pipewireao-spa-plugins-profiling/build-profile/spa/plugins/calculon/libspa-calculon.so /home/dgamroth/workspaces/codex/pipewire/pipewireao-spa-plugins-profiling/build-profile/spa/plugins/alpao/libspa-alpao-mock.so mock 2000 468  512 512 8 8
$ perf stat --no-big-num -x ; --output /home/dgamroth/workspaces/codex/pipewire/pipewireao-spa-plugins-profiling/docs/benchmark-data/calculon-system-memory-pmu-2026-08-25-record/stat-oxiblas-hugetlb-default-core-rep2.csv --delay=-1 --control=fd:4,9 -e {cycles:u,instructions:u,branches:u,branch-misses:u} -t 1297667
benchmark-stdout:
workload: detector=512x512 region=8x8 regions=4096 slopes=8192 actuators=468 matrix-bytes=15335424 memory=default warmup=256
first-cycle: algorithms=1384025 ns sink=711 ns minor-faults=1 major-faults=0
pixel+controller+normalizer SPA callbacks: n=2000 mean=1114478.7 ns p50=1105233 ns p90=1168882 ns p99=1284669 ns p99.9=1357536 ns max=1515873 ns
scheduled submit+ALPAO sink+ASDK: n=2000 mean=478.5 ns p50=451 ns p90=561 ns p99=921 ns p99.9=1493 ns max=1783 ns
raw detector frame to ALPAO completion: n=2000 mean=1114957.2 ns p50=1105724 ns p90=1169423 ns p99=1285250 ns p99.9=1358077 ns max=1517386 ns
benchmark-stderr:
perf-stdout:
perf-stderr:
Events disabled
Events enabled
Events disabled


$ GLIBC_TUNABLES=glibc.malloc.hugetlb=0 PW_BENCHMARK_MEMORY=default chrt -f 88 taskset -c 14 /home/dgamroth/workspaces/codex/pipewire/pipewireao-spa-plugins-profiling/build-profile/spa/plugins/calculon/spa-calculon-full-system-test /home/dgamroth/workspaces/codex/pipewire/pipewireao-spa-plugins-profiling/build-profile-scalar/spa/plugins/calculon/libspa-calculon.so /home/dgamroth/workspaces/codex/pipewire/pipewireao-spa-plugins-profiling/build-profile/spa/plugins/alpao/libspa-alpao-mock.so mock 2000 468  512 512 8 8
$ perf stat --no-big-num -x ; --output /home/dgamroth/workspaces/codex/pipewire/pipewireao-spa-plugins-profiling/docs/benchmark-data/calculon-system-memory-pmu-2026-08-25-record/stat-scalar-base-default-dtlb-rep2.csv --delay=-1 --control=fd:4,9 -e {cycles:u,instructions:u,l1_dtlb_misses:u,l2_dtlb_misses:u} -t 1297745
benchmark-stdout:
workload: detector=512x512 region=8x8 regions=4096 slopes=8192 actuators=468 matrix-bytes=15335424 memory=default warmup=256
first-cycle: algorithms=3202937 ns sink=732 ns minor-faults=1 major-faults=0
pixel+controller+normalizer SPA callbacks: n=2000 mean=3181863.6 ns p50=3168562 ns p90=3259634 ns p99=3551501 ns p99.9=4004079 ns max=4108245 ns
scheduled submit+ALPAO sink+ASDK: n=2000 mean=558.3 ns p50=471 ns p90=731 ns p99=1292 ns p99.9=1984 ns max=32531 ns
raw detector frame to ALPAO completion: n=2000 mean=3182421.9 ns p50=3169164 ns p90=3260365 ns p99=3552312 ns p99.9=4005301 ns max=4108836 ns
benchmark-stderr:
perf-stdout:
perf-stderr:
Events disabled
Events enabled
Events disabled


$ GLIBC_TUNABLES=glibc.malloc.hugetlb=2 PW_BENCHMARK_MEMORY=default chrt -f 88 taskset -c 14 /home/dgamroth/workspaces/codex/pipewire/pipewireao-spa-plugins-profiling/build-profile/spa/plugins/calculon/spa-calculon-full-system-test /home/dgamroth/workspaces/codex/pipewire/pipewireao-spa-plugins-profiling/build-profile-scalar/spa/plugins/calculon/libspa-calculon.so /home/dgamroth/workspaces/codex/pipewire/pipewireao-spa-plugins-profiling/build-profile/spa/plugins/alpao/libspa-alpao-mock.so mock 2000 468  512 512 8 8
$ perf stat --no-big-num -x ; --output /home/dgamroth/workspaces/codex/pipewire/pipewireao-spa-plugins-profiling/docs/benchmark-data/calculon-system-memory-pmu-2026-08-25-record/stat-scalar-hugetlb-default-l2-rep2.csv --delay=-1 --control=fd:4,9 -e {cycles:u,instructions:u,l2_request_g1.all_no_prefetch:u,l2_cache_req_stat.ic_dc_miss_in_l2:u} -t 1297860
benchmark-stdout:
workload: detector=512x512 region=8x8 regions=4096 slopes=8192 actuators=468 matrix-bytes=15335424 memory=default warmup=256
first-cycle: algorithms=3241469 ns sink=1082 ns minor-faults=1 major-faults=0
pixel+controller+normalizer SPA callbacks: n=2000 mean=3232704.7 ns p50=3225950 ns p90=3297244 ns p99=3405527 ns p99.9=3642842 ns max=4075283 ns
scheduled submit+ALPAO sink+ASDK: n=2000 mean=488.7 ns p50=451 ns p90=561 ns p99=882 ns p99.9=1242 ns max=1763 ns
raw detector frame to ALPAO completion: n=2000 mean=3233193.4 ns p50=3226411 ns p90=3297744 ns p99=3406178 ns p99.9=3643714 ns max=4076445 ns
benchmark-stderr:
perf-stdout:
perf-stderr:
Events disabled
Events enabled
Events disabled


$ GLIBC_TUNABLES=glibc.malloc.hugetlb=0 PW_BENCHMARK_MEMORY=locked chrt -f 88 taskset -c 14 /home/dgamroth/workspaces/codex/pipewire/pipewireao-spa-plugins-profiling/build-profile/spa/plugins/calculon/spa-calculon-full-system-test /home/dgamroth/workspaces/codex/pipewire/pipewireao-spa-plugins-profiling/build-profile-scalar/spa/plugins/calculon/libspa-calculon.so /home/dgamroth/workspaces/codex/pipewire/pipewireao-spa-plugins-profiling/build-profile/spa/plugins/alpao/libspa-alpao-mock.so mock 2000 468  512 512 8 8
$ perf stat --no-big-num -x ; --output /home/dgamroth/workspaces/codex/pipewire/pipewireao-spa-plugins-profiling/docs/benchmark-data/calculon-system-memory-pmu-2026-08-25-record/stat-scalar-base-locked-faults-rep2.csv --delay=-1 --control=fd:4,9 -e {page-faults,minor-faults,major-faults,context-switches,cpu-migrations} -t 1297967
benchmark-stdout:
workload: detector=512x512 region=8x8 regions=4096 slopes=8192 actuators=468 matrix-bytes=15335424 memory=locked warmup=256
first-cycle: algorithms=3140640 ns sink=741 ns minor-faults=0 major-faults=0
pixel+controller+normalizer SPA callbacks: n=2000 mean=3199272.9 ns p50=3193960 ns p90=3270734 ns p99=3440983 ns p99.9=3594190 ns max=3725347 ns
scheduled submit+ALPAO sink+ASDK: n=2000 mean=556.8 ns p50=521 ns p90=732 ns p99=1173 ns p99.9=1513 ns max=5219 ns
raw detector frame to ALPAO completion: n=2000 mean=3199829.7 ns p50=3194511 ns p90=3271605 ns p99=3441474 ns p99.9=3595212 ns max=3726740 ns
benchmark-stderr:
perf-stdout:
perf-stderr:
Events disabled
Events enabled
Events disabled


$ GLIBC_TUNABLES=glibc.malloc.hugetlb=1 PW_BENCHMARK_MEMORY=prefault chrt -f 88 taskset -c 14 /home/dgamroth/workspaces/codex/pipewire/pipewireao-spa-plugins-profiling/build-profile/spa/plugins/calculon/spa-calculon-full-system-test /home/dgamroth/workspaces/codex/pipewire/pipewireao-spa-plugins-profiling/build-profile/spa/plugins/calculon/libspa-calculon.so /home/dgamroth/workspaces/codex/pipewire/pipewireao-spa-plugins-profiling/build-profile/spa/plugins/alpao/libspa-alpao-mock.so mock 2000 468  512 512 8 8
$ perf stat --no-big-num -x ; --output /home/dgamroth/workspaces/codex/pipewire/pipewireao-spa-plugins-profiling/docs/benchmark-data/calculon-system-memory-pmu-2026-08-25-record/stat-oxiblas-thp-prefault-dtlb-rep2.csv --delay=-1 --control=fd:4,9 -e {cycles:u,instructions:u,l1_dtlb_misses:u,l2_dtlb_misses:u} -t 1298087
benchmark-stdout:
workload: detector=512x512 region=8x8 regions=4096 slopes=8192 actuators=468 matrix-bytes=15335424 memory=prefault warmup=256
first-cycle: algorithms=1327260 ns sink=952 ns minor-faults=0 major-faults=0
pixel+controller+normalizer SPA callbacks: n=2000 mean=1103055.2 ns p50=1092278 ns p90=1164043 ns p99=1295870 ns p99.9=1370070 ns max=1802941 ns
scheduled submit+ALPAO sink+ASDK: n=2000 mean=589.5 ns p50=541 ns p90=841 ns p99=1122 ns p99.9=1513 ns max=1833 ns
raw detector frame to ALPAO completion: n=2000 mean=1103644.7 ns p50=1092870 ns p90=1164494 ns p99=1296562 ns p99.9=1371082 ns max=1804614 ns
benchmark-stderr:
perf-stdout:
perf-stderr:
Events disabled
Events enabled
Events disabled


$ GLIBC_TUNABLES=glibc.malloc.hugetlb=1 PW_BENCHMARK_MEMORY=locked chrt -f 88 taskset -c 14 /home/dgamroth/workspaces/codex/pipewire/pipewireao-spa-plugins-profiling/build-profile/spa/plugins/calculon/spa-calculon-full-system-test /home/dgamroth/workspaces/codex/pipewire/pipewireao-spa-plugins-profiling/build-profile-scalar/spa/plugins/calculon/libspa-calculon.so /home/dgamroth/workspaces/codex/pipewire/pipewireao-spa-plugins-profiling/build-profile/spa/plugins/alpao/libspa-alpao-mock.so mock 2000 468  512 512 8 8
$ perf stat --no-big-num -x ; --output /home/dgamroth/workspaces/codex/pipewire/pipewireao-spa-plugins-profiling/docs/benchmark-data/calculon-system-memory-pmu-2026-08-25-record/stat-scalar-thp-locked-faults-rep2.csv --delay=-1 --control=fd:4,9 -e {page-faults,minor-faults,major-faults,context-switches,cpu-migrations} -t 1298174
benchmark-stdout:
workload: detector=512x512 region=8x8 regions=4096 slopes=8192 actuators=468 matrix-bytes=15335424 memory=locked warmup=256
first-cycle: algorithms=3146331 ns sink=762 ns minor-faults=0 major-faults=0
pixel+controller+normalizer SPA callbacks: n=2000 mean=3190645.3 ns p50=3178882 ns p90=3272327 ns p99=3436013 ns p99.9=3590604 ns max=3683007 ns
scheduled submit+ALPAO sink+ASDK: n=2000 mean=559.5 ns p50=521 ns p90=782 ns p99=1172 ns p99.9=1443 ns max=1814 ns
raw detector frame to ALPAO completion: n=2000 mean=3191204.7 ns p50=3179403 ns p90=3272888 ns p99=3436735 ns p99.9=3591105 ns max=3684160 ns
benchmark-stderr:
perf-stdout:
perf-stderr:
Events disabled
Events enabled
Events disabled


$ GLIBC_TUNABLES=glibc.malloc.hugetlb=2 PW_BENCHMARK_MEMORY=locked chrt -f 88 taskset -c 14 /home/dgamroth/workspaces/codex/pipewire/pipewireao-spa-plugins-profiling/build-profile/spa/plugins/calculon/spa-calculon-full-system-test /home/dgamroth/workspaces/codex/pipewire/pipewireao-spa-plugins-profiling/build-profile-scalar/spa/plugins/calculon/libspa-calculon.so /home/dgamroth/workspaces/codex/pipewire/pipewireao-spa-plugins-profiling/build-profile/spa/plugins/alpao/libspa-alpao-mock.so mock 2000 468  512 512 8 8
$ perf stat --no-big-num -x ; --output /home/dgamroth/workspaces/codex/pipewire/pipewireao-spa-plugins-profiling/docs/benchmark-data/calculon-system-memory-pmu-2026-08-25-record/stat-scalar-hugetlb-locked-l2-rep2.csv --delay=-1 --control=fd:4,9 -e {cycles:u,instructions:u,l2_request_g1.all_no_prefetch:u,l2_cache_req_stat.ic_dc_miss_in_l2:u} -t 1298307
benchmark-stdout:
workload: detector=512x512 region=8x8 regions=4096 slopes=8192 actuators=468 matrix-bytes=15335424 memory=locked warmup=256
first-cycle: algorithms=3285101 ns sink=1172 ns minor-faults=0 major-faults=0
pixel+controller+normalizer SPA callbacks: n=2000 mean=3239583.0 ns p50=3227112 ns p90=3314476 ns p99=3492300 ns p99.9=3710730 ns max=4096092 ns
scheduled submit+ALPAO sink+ASDK: n=2000 mean=531.8 ns p50=501 ns p90=681 ns p99=1072 ns p99.9=1513 ns max=1644 ns
raw detector frame to ALPAO completion: n=2000 mean=3240114.8 ns p50=3227613 ns p90=3314977 ns p99=3492841 ns p99.9=3711812 ns max=4097344 ns
benchmark-stderr:
perf-stdout:
perf-stderr:
Events disabled
Events enabled
Events disabled


$ GLIBC_TUNABLES=glibc.malloc.hugetlb=2 PW_BENCHMARK_MEMORY=prefault chrt -f 88 taskset -c 14 /home/dgamroth/workspaces/codex/pipewire/pipewireao-spa-plugins-profiling/build-profile/spa/plugins/calculon/spa-calculon-full-system-test /home/dgamroth/workspaces/codex/pipewire/pipewireao-spa-plugins-profiling/build-profile/spa/plugins/calculon/libspa-calculon.so /home/dgamroth/workspaces/codex/pipewire/pipewireao-spa-plugins-profiling/build-profile/spa/plugins/alpao/libspa-alpao-mock.so mock 2000 468  512 512 8 8
$ perf stat --no-big-num -x ; --output /home/dgamroth/workspaces/codex/pipewire/pipewireao-spa-plugins-profiling/docs/benchmark-data/calculon-system-memory-pmu-2026-08-25-record/stat-oxiblas-hugetlb-prefault-l2-rep2.csv --delay=-1 --control=fd:4,9 -e {cycles:u,instructions:u,l2_request_g1.all_no_prefetch:u,l2_cache_req_stat.ic_dc_miss_in_l2:u} -t 1298412
benchmark-stdout:
workload: detector=512x512 region=8x8 regions=4096 slopes=8192 actuators=468 matrix-bytes=15335424 memory=prefault warmup=256
first-cycle: algorithms=1308824 ns sink=711 ns minor-faults=0 major-faults=0
pixel+controller+normalizer SPA callbacks: n=2000 mean=1099714.0 ns p50=1088191 ns p90=1153723 ns p99=1266135 ns p99.9=1413451 ns max=1958063 ns
scheduled submit+ALPAO sink+ASDK: n=2000 mean=507.2 ns p50=461 ns p90=591 ns p99=962 ns p99.9=1372 ns max=1583 ns
raw detector frame to ALPAO completion: n=2000 mean=1100221.2 ns p50=1088672 ns p90=1154265 ns p99=1266896 ns p99.9=1413922 ns max=1959465 ns
benchmark-stderr:
perf-stdout:
perf-stderr:
Events disabled
Events enabled
Events disabled


$ GLIBC_TUNABLES=glibc.malloc.hugetlb=0 PW_BENCHMARK_MEMORY=prefault chrt -f 88 taskset -c 14 /home/dgamroth/workspaces/codex/pipewire/pipewireao-spa-plugins-profiling/build-profile/spa/plugins/calculon/spa-calculon-full-system-test /home/dgamroth/workspaces/codex/pipewire/pipewireao-spa-plugins-profiling/build-profile-scalar/spa/plugins/calculon/libspa-calculon.so /home/dgamroth/workspaces/codex/pipewire/pipewireao-spa-plugins-profiling/build-profile/spa/plugins/alpao/libspa-alpao-mock.so mock 2000 468  512 512 8 8
$ perf stat --no-big-num -x ; --output /home/dgamroth/workspaces/codex/pipewire/pipewireao-spa-plugins-profiling/docs/benchmark-data/calculon-system-memory-pmu-2026-08-25-record/stat-scalar-base-prefault-l1d-rep2.csv --delay=-1 --control=fd:4,9 -e {cycles:u,instructions:u,L1-dcache-loads:u,L1-dcache-load-misses:u} -t 1298478
benchmark-stdout:
workload: detector=512x512 region=8x8 regions=4096 slopes=8192 actuators=468 matrix-bytes=15335424 memory=prefault warmup=256
first-cycle: algorithms=3217815 ns sink=1022 ns minor-faults=0 major-faults=0
pixel+controller+normalizer SPA callbacks: n=2000 mean=3194614.7 ns p50=3193169 ns p90=3259974 ns p99=3413001 ns p99.9=3585454 ns max=3609409 ns
scheduled submit+ALPAO sink+ASDK: n=2000 mean=586.5 ns p50=551 ns p90=811 ns p99=1203 ns p99.9=1583 ns max=2054 ns
raw detector frame to ALPAO completion: n=2000 mean=3195201.2 ns p50=3193650 ns p90=3260485 ns p99=3413752 ns p99.9=3586025 ns max=3610612 ns
benchmark-stderr:
perf-stdout:
perf-stderr:
Events disabled
Events enabled
Events disabled


$ GLIBC_TUNABLES=glibc.malloc.hugetlb=1 PW_BENCHMARK_MEMORY=locked chrt -f 88 taskset -c 14 /home/dgamroth/workspaces/codex/pipewire/pipewireao-spa-plugins-profiling/build-profile/spa/plugins/calculon/spa-calculon-full-system-test /home/dgamroth/workspaces/codex/pipewire/pipewireao-spa-plugins-profiling/build-profile/spa/plugins/calculon/libspa-calculon.so /home/dgamroth/workspaces/codex/pipewire/pipewireao-spa-plugins-profiling/build-profile/spa/plugins/alpao/libspa-alpao-mock.so mock 2000 468  512 512 8 8
$ perf stat --no-big-num -x ; --output /home/dgamroth/workspaces/codex/pipewire/pipewireao-spa-plugins-profiling/docs/benchmark-data/calculon-system-memory-pmu-2026-08-25-record/stat-oxiblas-thp-locked-faults-rep2.csv --delay=-1 --control=fd:4,9 -e {page-faults,minor-faults,major-faults,context-switches,cpu-migrations} -t 1298579
benchmark-stdout:
workload: detector=512x512 region=8x8 regions=4096 slopes=8192 actuators=468 matrix-bytes=15335424 memory=locked warmup=256
first-cycle: algorithms=1212464 ns sink=821 ns minor-faults=0 major-faults=0
pixel+controller+normalizer SPA callbacks: n=2000 mean=1109119.2 ns p50=1092709 ns p90=1178290 ns p99=1379337 ns p99.9=1628524 ns max=1631851 ns
scheduled submit+ALPAO sink+ASDK: n=2000 mean=528.7 ns p50=481 ns p90=682 ns p99=1042 ns p99.9=1593 ns max=1804 ns
raw detector frame to ALPAO completion: n=2000 mean=1109647.9 ns p50=1093210 ns p90=1178810 ns p99=1379908 ns p99.9=1630117 ns max=1633544 ns
benchmark-stderr:
perf-stdout:
perf-stderr:
Events disabled
Events enabled
Events disabled


$ GLIBC_TUNABLES=glibc.malloc.hugetlb=0 PW_BENCHMARK_MEMORY=locked chrt -f 88 taskset -c 14 /home/dgamroth/workspaces/codex/pipewire/pipewireao-spa-plugins-profiling/build-profile/spa/plugins/calculon/spa-calculon-full-system-test /home/dgamroth/workspaces/codex/pipewire/pipewireao-spa-plugins-profiling/build-profile/spa/plugins/calculon/libspa-calculon.so /home/dgamroth/workspaces/codex/pipewire/pipewireao-spa-plugins-profiling/build-profile/spa/plugins/alpao/libspa-alpao-mock.so mock 2000 468  512 512 8 8
$ perf stat --no-big-num -x ; --output /home/dgamroth/workspaces/codex/pipewire/pipewireao-spa-plugins-profiling/docs/benchmark-data/calculon-system-memory-pmu-2026-08-25-record/stat-oxiblas-base-locked-dtlb-rep2.csv --delay=-1 --control=fd:4,9 -e {cycles:u,instructions:u,l1_dtlb_misses:u,l2_dtlb_misses:u} -t 1298645
benchmark-stdout:
workload: detector=512x512 region=8x8 regions=4096 slopes=8192 actuators=468 matrix-bytes=15335424 memory=locked warmup=256
first-cycle: algorithms=1217584 ns sink=812 ns minor-faults=0 major-faults=0
pixel+controller+normalizer SPA callbacks: n=2000 mean=1100736.1 ns p50=1087279 ns p90=1162711 ns p99=1281123 ns p99.9=1348759 ns max=1867011 ns
scheduled submit+ALPAO sink+ASDK: n=2000 mean=562.8 ns p50=541 ns p90=682 ns p99=1022 ns p99.9=1493 ns max=2515 ns
raw detector frame to ALPAO completion: n=2000 mean=1101298.9 ns p50=1087900 ns p90=1163252 ns p99=1281774 ns p99.9=1349300 ns max=1868253 ns
benchmark-stderr:
perf-stdout:
perf-stderr:
Events disabled
Events enabled
Events disabled


$ GLIBC_TUNABLES=glibc.malloc.hugetlb=0 PW_BENCHMARK_MEMORY=prefault chrt -f 88 taskset -c 14 /home/dgamroth/workspaces/codex/pipewire/pipewireao-spa-plugins-profiling/build-profile/spa/plugins/calculon/spa-calculon-full-system-test /home/dgamroth/workspaces/codex/pipewire/pipewireao-spa-plugins-profiling/build-profile-scalar/spa/plugins/calculon/libspa-calculon.so /home/dgamroth/workspaces/codex/pipewire/pipewireao-spa-plugins-profiling/build-profile/spa/plugins/alpao/libspa-alpao-mock.so mock 2000 468  512 512 8 8
$ perf stat --no-big-num -x ; --output /home/dgamroth/workspaces/codex/pipewire/pipewireao-spa-plugins-profiling/docs/benchmark-data/calculon-system-memory-pmu-2026-08-25-record/stat-scalar-base-prefault-dtlb-rep2.csv --delay=-1 --control=fd:4,9 -e {cycles:u,instructions:u,l1_dtlb_misses:u,l2_dtlb_misses:u} -t 1298696
benchmark-stdout:
workload: detector=512x512 region=8x8 regions=4096 slopes=8192 actuators=468 matrix-bytes=15335424 memory=prefault warmup=256
first-cycle: algorithms=3330155 ns sink=2124 ns minor-faults=0 major-faults=0
pixel+controller+normalizer SPA callbacks: n=2000 mean=3186307.7 ns p50=3177429 ns p90=3257199 ns p99=3432818 ns p99.9=3612024 ns max=4085682 ns
scheduled submit+ALPAO sink+ASDK: n=2000 mean=596.5 ns p50=531 ns p90=862 ns p99=1222 ns p99.9=1844 ns max=3076 ns
raw detector frame to ALPAO completion: n=2000 mean=3186904.2 ns p50=3177970 ns p90=3257670 ns p99=3433499 ns p99.9=3612765 ns max=4087135 ns
benchmark-stderr:
perf-stdout:
perf-stderr:
Events disabled
Events enabled
Events disabled


$ GLIBC_TUNABLES=glibc.malloc.hugetlb=2 PW_BENCHMARK_MEMORY=locked chrt -f 88 taskset -c 14 /home/dgamroth/workspaces/codex/pipewire/pipewireao-spa-plugins-profiling/build-profile/spa/plugins/calculon/spa-calculon-full-system-test /home/dgamroth/workspaces/codex/pipewire/pipewireao-spa-plugins-profiling/build-profile/spa/plugins/calculon/libspa-calculon.so /home/dgamroth/workspaces/codex/pipewire/pipewireao-spa-plugins-profiling/build-profile/spa/plugins/alpao/libspa-alpao-mock.so mock 2000 468  512 512 8 8
$ perf stat --no-big-num -x ; --output /home/dgamroth/workspaces/codex/pipewire/pipewireao-spa-plugins-profiling/docs/benchmark-data/calculon-system-memory-pmu-2026-08-25-record/stat-oxiblas-hugetlb-locked-l1d-rep2.csv --delay=-1 --control=fd:4,9 -e {cycles:u,instructions:u,L1-dcache-loads:u,L1-dcache-load-misses:u} -t 1298850
benchmark-stdout:
workload: detector=512x512 region=8x8 regions=4096 slopes=8192 actuators=468 matrix-bytes=15335424 memory=locked warmup=256
first-cycle: algorithms=1312081 ns sink=931 ns minor-faults=0 major-faults=0
pixel+controller+normalizer SPA callbacks: n=2000 mean=1098680.0 ns p50=1084995 ns p90=1157851 ns p99=1268699 ns p99.9=1365320 ns max=1941962 ns
scheduled submit+ALPAO sink+ASDK: n=2000 mean=522.2 ns p50=511 ns p90=611 ns p99=1002 ns p99.9=1363 ns max=1723 ns
raw detector frame to ALPAO completion: n=2000 mean=1099202.2 ns p50=1085515 ns p90=1158383 ns p99=1269211 ns p99.9=1365781 ns max=1943405 ns
benchmark-stderr:
perf-stdout:
perf-stderr:
Events disabled
Events enabled
Events disabled


$ GLIBC_TUNABLES=glibc.malloc.hugetlb=2 PW_BENCHMARK_MEMORY=prefault chrt -f 88 taskset -c 14 /home/dgamroth/workspaces/codex/pipewire/pipewireao-spa-plugins-profiling/build-profile/spa/plugins/calculon/spa-calculon-full-system-test /home/dgamroth/workspaces/codex/pipewire/pipewireao-spa-plugins-profiling/build-profile/spa/plugins/calculon/libspa-calculon.so /home/dgamroth/workspaces/codex/pipewire/pipewireao-spa-plugins-profiling/build-profile/spa/plugins/alpao/libspa-alpao-mock.so mock 2000 468  512 512 8 8
$ perf stat --no-big-num -x ; --output /home/dgamroth/workspaces/codex/pipewire/pipewireao-spa-plugins-profiling/docs/benchmark-data/calculon-system-memory-pmu-2026-08-25-record/stat-oxiblas-hugetlb-prefault-l1d-rep2.csv --delay=-1 --control=fd:4,9 -e {cycles:u,instructions:u,L1-dcache-loads:u,L1-dcache-load-misses:u} -t 1298913
benchmark-stdout:
workload: detector=512x512 region=8x8 regions=4096 slopes=8192 actuators=468 matrix-bytes=15335424 memory=prefault warmup=256
first-cycle: algorithms=1342177 ns sink=991 ns minor-faults=0 major-faults=0
pixel+controller+normalizer SPA callbacks: n=2000 mean=1100086.9 ns p50=1088301 ns p90=1162219 ns p99=1274340 ns p99.9=1464898 ns max=2075653 ns
scheduled submit+ALPAO sink+ASDK: n=2000 mean=486.4 ns p50=451 ns p90=551 ns p99=952 ns p99.9=1573 ns max=1733 ns
raw detector frame to ALPAO completion: n=2000 mean=1100573.3 ns p50=1088812 ns p90=1162730 ns p99=1274871 ns p99.9=1465429 ns max=2077006 ns
benchmark-stderr:
perf-stdout:
perf-stderr:
Events disabled
Events enabled
Events disabled


$ GLIBC_TUNABLES=glibc.malloc.hugetlb=2 PW_BENCHMARK_MEMORY=prefault chrt -f 88 taskset -c 14 /home/dgamroth/workspaces/codex/pipewire/pipewireao-spa-plugins-profiling/build-profile/spa/plugins/calculon/spa-calculon-full-system-test /home/dgamroth/workspaces/codex/pipewire/pipewireao-spa-plugins-profiling/build-profile-scalar/spa/plugins/calculon/libspa-calculon.so /home/dgamroth/workspaces/codex/pipewire/pipewireao-spa-plugins-profiling/build-profile/spa/plugins/alpao/libspa-alpao-mock.so mock 2000 468  512 512 8 8
$ perf stat --no-big-num -x ; --output /home/dgamroth/workspaces/codex/pipewire/pipewireao-spa-plugins-profiling/docs/benchmark-data/calculon-system-memory-pmu-2026-08-25-record/stat-scalar-hugetlb-prefault-l1d-rep2.csv --delay=-1 --control=fd:4,9 -e {cycles:u,instructions:u,L1-dcache-loads:u,L1-dcache-load-misses:u} -t 1298962
benchmark-stdout:
workload: detector=512x512 region=8x8 regions=4096 slopes=8192 actuators=468 matrix-bytes=15335424 memory=prefault warmup=256
first-cycle: algorithms=3189892 ns sink=631 ns minor-faults=0 major-faults=0
pixel+controller+normalizer SPA callbacks: n=2000 mean=3225101.5 ns p50=3215460 ns p90=3297435 ns p99=3419904 ns p99.9=3654403 ns max=4120016 ns
scheduled submit+ALPAO sink+ASDK: n=2000 mean=497.3 ns p50=451 ns p90=591 ns p99=952 ns p99.9=1603 ns max=1723 ns
raw detector frame to ALPAO completion: n=2000 mean=3225598.9 ns p50=3215961 ns p90=3298025 ns p99=3420435 ns p99.9=3654904 ns max=4121239 ns
benchmark-stderr:
perf-stdout:
perf-stderr:
Events disabled
Events enabled
Events disabled


$ GLIBC_TUNABLES=glibc.malloc.hugetlb=2 PW_BENCHMARK_MEMORY=prefault chrt -f 88 taskset -c 14 /home/dgamroth/workspaces/codex/pipewire/pipewireao-spa-plugins-profiling/build-profile/spa/plugins/calculon/spa-calculon-full-system-test /home/dgamroth/workspaces/codex/pipewire/pipewireao-spa-plugins-profiling/build-profile-scalar/spa/plugins/calculon/libspa-calculon.so /home/dgamroth/workspaces/codex/pipewire/pipewireao-spa-plugins-profiling/build-profile/spa/plugins/alpao/libspa-alpao-mock.so mock 2000 468  512 512 8 8
$ perf stat --no-big-num -x ; --output /home/dgamroth/workspaces/codex/pipewire/pipewireao-spa-plugins-profiling/docs/benchmark-data/calculon-system-memory-pmu-2026-08-25-record/stat-scalar-hugetlb-prefault-l2-rep2.csv --delay=-1 --control=fd:4,9 -e {cycles:u,instructions:u,l2_request_g1.all_no_prefetch:u,l2_cache_req_stat.ic_dc_miss_in_l2:u} -t 1299077
benchmark-stdout:
workload: detector=512x512 region=8x8 regions=4096 slopes=8192 actuators=468 matrix-bytes=15335424 memory=prefault warmup=256
first-cycle: algorithms=3212846 ns sink=621 ns minor-faults=0 major-faults=0
pixel+controller+normalizer SPA callbacks: n=2000 mean=3240939.8 ns p50=3232573 ns p90=3309727 ns p99=3441003 ns p99.9=3811519 ns max=4028756 ns
scheduled submit+ALPAO sink+ASDK: n=2000 mean=496.3 ns p50=451 ns p90=601 ns p99=1022 ns p99.9=1403 ns max=1422 ns
raw detector frame to ALPAO completion: n=2000 mean=3241436.1 ns p50=3233014 ns p90=3310188 ns p99=3441895 ns p99.9=3812390 ns max=4029617 ns
benchmark-stderr:
perf-stdout:
perf-stderr:
Events disabled
Events enabled
Events disabled


$ GLIBC_TUNABLES=glibc.malloc.hugetlb=0 PW_BENCHMARK_MEMORY=prefault chrt -f 88 taskset -c 14 /home/dgamroth/workspaces/codex/pipewire/pipewireao-spa-plugins-profiling/build-profile/spa/plugins/calculon/spa-calculon-full-system-test /home/dgamroth/workspaces/codex/pipewire/pipewireao-spa-plugins-profiling/build-profile/spa/plugins/calculon/libspa-calculon.so /home/dgamroth/workspaces/codex/pipewire/pipewireao-spa-plugins-profiling/build-profile/spa/plugins/alpao/libspa-alpao-mock.so mock 2000 468  512 512 8 8
$ perf stat --no-big-num -x ; --output /home/dgamroth/workspaces/codex/pipewire/pipewireao-spa-plugins-profiling/docs/benchmark-data/calculon-system-memory-pmu-2026-08-25-record/stat-oxiblas-base-prefault-core-rep2.csv --delay=-1 --control=fd:4,9 -e {cycles:u,instructions:u,branches:u,branch-misses:u} -t 1299232
benchmark-stdout:
workload: detector=512x512 region=8x8 regions=4096 slopes=8192 actuators=468 matrix-bytes=15335424 memory=prefault warmup=256
first-cycle: algorithms=1300880 ns sink=752 ns minor-faults=0 major-faults=0
pixel+controller+normalizer SPA callbacks: n=2000 mean=1116066.9 ns p50=1097569 ns p90=1190212 ns p99=1343630 ns p99.9=1618966 ns max=1840993 ns
scheduled submit+ALPAO sink+ASDK: n=2000 mean=596.3 ns p50=561 ns p90=751 ns p99=1102 ns p99.9=1654 ns max=3106 ns
raw detector frame to ALPAO completion: n=2000 mean=1116663.2 ns p50=1098049 ns p90=1190823 ns p99=1344932 ns p99.9=1619728 ns max=1842305 ns
benchmark-stderr:
perf-stdout:
perf-stderr:
Events disabled
Events enabled
Events disabled


$ GLIBC_TUNABLES=glibc.malloc.hugetlb=1 PW_BENCHMARK_MEMORY=locked chrt -f 88 taskset -c 14 /home/dgamroth/workspaces/codex/pipewire/pipewireao-spa-plugins-profiling/build-profile/spa/plugins/calculon/spa-calculon-full-system-test /home/dgamroth/workspaces/codex/pipewire/pipewireao-spa-plugins-profiling/build-profile-scalar/spa/plugins/calculon/libspa-calculon.so /home/dgamroth/workspaces/codex/pipewire/pipewireao-spa-plugins-profiling/build-profile/spa/plugins/alpao/libspa-alpao-mock.so mock 2000 468  512 512 8 8
$ perf stat --no-big-num -x ; --output /home/dgamroth/workspaces/codex/pipewire/pipewireao-spa-plugins-profiling/docs/benchmark-data/calculon-system-memory-pmu-2026-08-25-record/stat-scalar-thp-locked-l2-rep2.csv --delay=-1 --control=fd:4,9 -e {cycles:u,instructions:u,l2_request_g1.all_no_prefetch:u,l2_cache_req_stat.ic_dc_miss_in_l2:u} -t 1299288
benchmark-stdout:
workload: detector=512x512 region=8x8 regions=4096 slopes=8192 actuators=468 matrix-bytes=15335424 memory=locked warmup=256
first-cycle: algorithms=3143065 ns sink=912 ns minor-faults=0 major-faults=0
pixel+controller+normalizer SPA callbacks: n=2000 mean=3195156.3 ns p50=3185765 ns p90=3273018 ns p99=3446234 ns p99.9=3646178 ns max=3799546 ns
scheduled submit+ALPAO sink+ASDK: n=2000 mean=560.7 ns p50=521 ns p90=772 ns p99=1152 ns p99.9=1543 ns max=1854 ns
raw detector frame to ALPAO completion: n=2000 mean=3195716.9 ns p50=3186265 ns p90=3273459 ns p99=3446955 ns p99.9=3647120 ns max=3800257 ns
benchmark-stderr:
perf-stdout:
perf-stderr:
Events disabled
Events enabled
Events disabled


$ GLIBC_TUNABLES=glibc.malloc.hugetlb=0 PW_BENCHMARK_MEMORY=locked chrt -f 88 taskset -c 14 /home/dgamroth/workspaces/codex/pipewire/pipewireao-spa-plugins-profiling/build-profile/spa/plugins/calculon/spa-calculon-full-system-test /home/dgamroth/workspaces/codex/pipewire/pipewireao-spa-plugins-profiling/build-profile-scalar/spa/plugins/calculon/libspa-calculon.so /home/dgamroth/workspaces/codex/pipewire/pipewireao-spa-plugins-profiling/build-profile/spa/plugins/alpao/libspa-alpao-mock.so mock 2000 468  512 512 8 8
$ perf stat --no-big-num -x ; --output /home/dgamroth/workspaces/codex/pipewire/pipewireao-spa-plugins-profiling/docs/benchmark-data/calculon-system-memory-pmu-2026-08-25-record/stat-scalar-base-locked-l1d-rep2.csv --delay=-1 --control=fd:4,9 -e {cycles:u,instructions:u,L1-dcache-loads:u,L1-dcache-load-misses:u} -t 1299405
benchmark-stdout:
workload: detector=512x512 region=8x8 regions=4096 slopes=8192 actuators=468 matrix-bytes=15335424 memory=locked warmup=256
first-cycle: algorithms=3194712 ns sink=942 ns minor-faults=0 major-faults=0
pixel+controller+normalizer SPA callbacks: n=2000 mean=3201736.3 ns p50=3202005 ns p90=3263941 ns p99=3427438 ns p99.9=3705369 ns max=4051337 ns
scheduled submit+ALPAO sink+ASDK: n=2000 mean=547.0 ns p50=491 ns p90=721 ns p99=1082 ns p99.9=1773 ns max=1804 ns
raw detector frame to ALPAO completion: n=2000 mean=3202283.3 ns p50=3202486 ns p90=3265043 ns p99=3428229 ns p99.9=3706010 ns max=4053111 ns
benchmark-stderr:
perf-stdout:
perf-stderr:
Events disabled
Events enabled
Events disabled


$ GLIBC_TUNABLES=glibc.malloc.hugetlb=1 PW_BENCHMARK_MEMORY=prefault chrt -f 88 taskset -c 14 /home/dgamroth/workspaces/codex/pipewire/pipewireao-spa-plugins-profiling/build-profile/spa/plugins/calculon/spa-calculon-full-system-test /home/dgamroth/workspaces/codex/pipewire/pipewireao-spa-plugins-profiling/build-profile-scalar/spa/plugins/calculon/libspa-calculon.so /home/dgamroth/workspaces/codex/pipewire/pipewireao-spa-plugins-profiling/build-profile/spa/plugins/alpao/libspa-alpao-mock.so mock 2000 468  512 512 8 8
$ perf stat --no-big-num -x ; --output /home/dgamroth/workspaces/codex/pipewire/pipewireao-spa-plugins-profiling/docs/benchmark-data/calculon-system-memory-pmu-2026-08-25-record/stat-scalar-thp-prefault-l1d-rep2.csv --delay=-1 --control=fd:4,9 -e {cycles:u,instructions:u,L1-dcache-loads:u,L1-dcache-load-misses:u} -t 1299528
benchmark-stdout:
workload: detector=512x512 region=8x8 regions=4096 slopes=8192 actuators=468 matrix-bytes=15335424 memory=prefault warmup=256
first-cycle: algorithms=3177850 ns sink=761 ns minor-faults=0 major-faults=0
pixel+controller+normalizer SPA callbacks: n=2000 mean=3189443.0 ns p50=3183230 ns p90=3258701 ns p99=3497910 ns p99.9=3622734 ns max=3631290 ns
scheduled submit+ALPAO sink+ASDK: n=2000 mean=548.2 ns p50=511 ns p90=771 ns p99=1132 ns p99.9=1483 ns max=2003 ns
raw detector frame to ALPAO completion: n=2000 mean=3189991.2 ns p50=3183831 ns p90=3259232 ns p99=3499122 ns p99.9=3623275 ns max=3631791 ns
benchmark-stderr:
perf-stdout:
perf-stderr:
Events disabled
Events enabled
Events disabled


$ GLIBC_TUNABLES=glibc.malloc.hugetlb=2 PW_BENCHMARK_MEMORY=locked chrt -f 88 taskset -c 14 /home/dgamroth/workspaces/codex/pipewire/pipewireao-spa-plugins-profiling/build-profile/spa/plugins/calculon/spa-calculon-full-system-test /home/dgamroth/workspaces/codex/pipewire/pipewireao-spa-plugins-profiling/build-profile/spa/plugins/calculon/libspa-calculon.so /home/dgamroth/workspaces/codex/pipewire/pipewireao-spa-plugins-profiling/build-profile/spa/plugins/alpao/libspa-alpao-mock.so mock 2000 468  512 512 8 8
$ perf stat --no-big-num -x ; --output /home/dgamroth/workspaces/codex/pipewire/pipewireao-spa-plugins-profiling/docs/benchmark-data/calculon-system-memory-pmu-2026-08-25-record/stat-oxiblas-hugetlb-locked-faults-rep2.csv --delay=-1 --control=fd:4,9 -e {page-faults,minor-faults,major-faults,context-switches,cpu-migrations} -t 1299648
benchmark-stdout:
workload: detector=512x512 region=8x8 regions=4096 slopes=8192 actuators=468 matrix-bytes=15335424 memory=locked warmup=256
first-cycle: algorithms=1335635 ns sink=711 ns minor-faults=0 major-faults=0
pixel+controller+normalizer SPA callbacks: n=2000 mean=1117218.0 ns p50=1104682 ns p90=1175544 ns p99=1307722 ns p99.9=1562310 ns max=1643322 ns
scheduled submit+ALPAO sink+ASDK: n=2000 mean=498.0 ns p50=461 ns p90=572 ns p99=952 ns p99.9=1212 ns max=1283 ns
raw detector frame to ALPAO completion: n=2000 mean=1117716.1 ns p50=1105193 ns p90=1176075 ns p99=1308794 ns p99.9=1562991 ns max=1644534 ns
benchmark-stderr:
perf-stdout:
perf-stderr:
Events disabled
Events enabled
Events disabled


$ GLIBC_TUNABLES=glibc.malloc.hugetlb=2 PW_BENCHMARK_MEMORY=prefault chrt -f 88 taskset -c 14 /home/dgamroth/workspaces/codex/pipewire/pipewireao-spa-plugins-profiling/build-profile/spa/plugins/calculon/spa-calculon-full-system-test /home/dgamroth/workspaces/codex/pipewire/pipewireao-spa-plugins-profiling/build-profile/spa/plugins/calculon/libspa-calculon.so /home/dgamroth/workspaces/codex/pipewire/pipewireao-spa-plugins-profiling/build-profile/spa/plugins/alpao/libspa-alpao-mock.so mock 2000 468  512 512 8 8
$ perf stat --no-big-num -x ; --output /home/dgamroth/workspaces/codex/pipewire/pipewireao-spa-plugins-profiling/docs/benchmark-data/calculon-system-memory-pmu-2026-08-25-record/stat-oxiblas-hugetlb-prefault-dtlb-rep2.csv --delay=-1 --control=fd:4,9 -e {cycles:u,instructions:u,l1_dtlb_misses:u,l2_dtlb_misses:u} -t 1299698
benchmark-stdout:
workload: detector=512x512 region=8x8 regions=4096 slopes=8192 actuators=468 matrix-bytes=15335424 memory=prefault warmup=256
first-cycle: algorithms=1455139 ns sink=811 ns minor-faults=0 major-faults=0
pixel+controller+normalizer SPA callbacks: n=2000 mean=1109660.8 ns p50=1092759 ns p90=1183339 ns p99=1336657 ns p99.9=1580664 ns max=1820274 ns
scheduled submit+ALPAO sink+ASDK: n=2000 mean=470.8 ns p50=451 ns p90=541 ns p99=872 ns p99.9=1643 ns max=1784 ns
raw detector frame to ALPAO completion: n=2000 mean=1110131.6 ns p50=1093221 ns p90=1183820 ns p99=1337158 ns p99.9=1581295 ns max=1820905 ns
benchmark-stderr:
perf-stdout:
perf-stderr:
Events disabled
Events enabled
Events disabled


$ GLIBC_TUNABLES=glibc.malloc.hugetlb=0 PW_BENCHMARK_MEMORY=locked chrt -f 88 taskset -c 14 /home/dgamroth/workspaces/codex/pipewire/pipewireao-spa-plugins-profiling/build-profile/spa/plugins/calculon/spa-calculon-full-system-test /home/dgamroth/workspaces/codex/pipewire/pipewireao-spa-plugins-profiling/build-profile-scalar/spa/plugins/calculon/libspa-calculon.so /home/dgamroth/workspaces/codex/pipewire/pipewireao-spa-plugins-profiling/build-profile/spa/plugins/alpao/libspa-alpao-mock.so mock 2000 468  512 512 8 8
$ perf stat --no-big-num -x ; --output /home/dgamroth/workspaces/codex/pipewire/pipewireao-spa-plugins-profiling/docs/benchmark-data/calculon-system-memory-pmu-2026-08-25-record/stat-scalar-base-locked-core-rep2.csv --delay=-1 --control=fd:4,9 -e {cycles:u,instructions:u,branches:u,branch-misses:u} -t 1299743
benchmark-stdout:
workload: detector=512x512 region=8x8 regions=4096 slopes=8192 actuators=468 matrix-bytes=15335424 memory=locked warmup=256
first-cycle: algorithms=3233244 ns sink=852 ns minor-faults=0 major-faults=0
pixel+controller+normalizer SPA callbacks: n=2000 mean=3199577.5 ns p50=3188760 ns p90=3285662 ns p99=3476309 ns p99.9=3690862 ns max=3890166 ns
scheduled submit+ALPAO sink+ASDK: n=2000 mean=614.4 ns p50=561 ns p90=831 ns p99=1393 ns p99.9=1934 ns max=2144 ns
raw detector frame to ALPAO completion: n=2000 mean=3200191.9 ns p50=3189281 ns p90=3286364 ns p99=3477251 ns p99.9=3691904 ns max=3890767 ns
benchmark-stderr:
perf-stdout:
perf-stderr:
Events disabled
Events enabled
Events disabled


$ GLIBC_TUNABLES=glibc.malloc.hugetlb=1 PW_BENCHMARK_MEMORY=default chrt -f 88 taskset -c 14 /home/dgamroth/workspaces/codex/pipewire/pipewireao-spa-plugins-profiling/build-profile/spa/plugins/calculon/spa-calculon-full-system-test /home/dgamroth/workspaces/codex/pipewire/pipewireao-spa-plugins-profiling/build-profile-scalar/spa/plugins/calculon/libspa-calculon.so /home/dgamroth/workspaces/codex/pipewire/pipewireao-spa-plugins-profiling/build-profile/spa/plugins/alpao/libspa-alpao-mock.so mock 2000 468  512 512 8 8
$ perf stat --no-big-num -x ; --output /home/dgamroth/workspaces/codex/pipewire/pipewireao-spa-plugins-profiling/docs/benchmark-data/calculon-system-memory-pmu-2026-08-25-record/stat-scalar-thp-default-l2-rep2.csv --delay=-1 --control=fd:4,9 -e {cycles:u,instructions:u,l2_request_g1.all_no_prefetch:u,l2_cache_req_stat.ic_dc_miss_in_l2:u} -t 1299880
benchmark-stdout:
workload: detector=512x512 region=8x8 regions=4096 slopes=8192 actuators=468 matrix-bytes=15335424 memory=default warmup=256
first-cycle: algorithms=3315137 ns sink=922 ns minor-faults=1 major-faults=0
pixel+controller+normalizer SPA callbacks: n=2000 mean=3180595.1 ns p50=3169795 ns p90=3254053 ns p99=3447015 ns p99.9=3595944 ns max=3633334 ns
scheduled submit+ALPAO sink+ASDK: n=2000 mean=593.4 ns p50=541 ns p90=871 ns p99=1243 ns p99.9=1813 ns max=1853 ns
raw detector frame to ALPAO completion: n=2000 mean=3181188.4 ns p50=3170296 ns p90=3254914 ns p99=3447656 ns p99.9=3596575 ns max=3634065 ns
benchmark-stderr:
perf-stdout:
perf-stderr:
Events disabled
Events enabled
Events disabled


$ GLIBC_TUNABLES=glibc.malloc.hugetlb=0 PW_BENCHMARK_MEMORY=locked chrt -f 88 taskset -c 14 /home/dgamroth/workspaces/codex/pipewire/pipewireao-spa-plugins-profiling/build-profile/spa/plugins/calculon/spa-calculon-full-system-test /home/dgamroth/workspaces/codex/pipewire/pipewireao-spa-plugins-profiling/build-profile/spa/plugins/calculon/libspa-calculon.so /home/dgamroth/workspaces/codex/pipewire/pipewireao-spa-plugins-profiling/build-profile/spa/plugins/alpao/libspa-alpao-mock.so mock 2000 468  512 512 8 8
$ perf stat --no-big-num -x ; --output /home/dgamroth/workspaces/codex/pipewire/pipewireao-spa-plugins-profiling/docs/benchmark-data/calculon-system-memory-pmu-2026-08-25-record/stat-oxiblas-base-locked-l2-rep2.csv --delay=-1 --control=fd:4,9 -e {cycles:u,instructions:u,l2_request_g1.all_no_prefetch:u,l2_cache_req_stat.ic_dc_miss_in_l2:u} -t 1299982
benchmark-stdout:
workload: detector=512x512 region=8x8 regions=4096 slopes=8192 actuators=468 matrix-bytes=15335424 memory=locked warmup=256
first-cycle: algorithms=1377463 ns sink=1112 ns minor-faults=0 major-faults=0
pixel+controller+normalizer SPA callbacks: n=2000 mean=1105686.0 ns p50=1091857 ns p90=1167219 ns p99=1290591 ns p99.9=1348208 ns max=1555668 ns
scheduled submit+ALPAO sink+ASDK: n=2000 mean=579.3 ns p50=551 ns p90=731 ns p99=1072 ns p99.9=1543 ns max=2034 ns
raw detector frame to ALPAO completion: n=2000 mean=1106265.2 ns p50=1092469 ns p90=1167750 ns p99=1291342 ns p99.9=1349851 ns max=1556780 ns
benchmark-stderr:
perf-stdout:
perf-stderr:
Events disabled
Events enabled
Events disabled


$ GLIBC_TUNABLES=glibc.malloc.hugetlb=0 PW_BENCHMARK_MEMORY=locked chrt -f 88 taskset -c 14 /home/dgamroth/workspaces/codex/pipewire/pipewireao-spa-plugins-profiling/build-profile/spa/plugins/calculon/spa-calculon-full-system-test /home/dgamroth/workspaces/codex/pipewire/pipewireao-spa-plugins-profiling/build-profile/spa/plugins/calculon/libspa-calculon.so /home/dgamroth/workspaces/codex/pipewire/pipewireao-spa-plugins-profiling/build-profile/spa/plugins/alpao/libspa-alpao-mock.so mock 2000 468  512 512 8 8
$ perf stat --no-big-num -x ; --output /home/dgamroth/workspaces/codex/pipewire/pipewireao-spa-plugins-profiling/docs/benchmark-data/calculon-system-memory-pmu-2026-08-25-record/stat-oxiblas-base-locked-core-rep2.csv --delay=-1 --control=fd:4,9 -e {cycles:u,instructions:u,branches:u,branch-misses:u} -t 1300031
benchmark-stdout:
workload: detector=512x512 region=8x8 regions=4096 slopes=8192 actuators=468 matrix-bytes=15335424 memory=locked warmup=256
first-cycle: algorithms=1140890 ns sink=781 ns minor-faults=0 major-faults=0
pixel+controller+normalizer SPA callbacks: n=2000 mean=1098246.9 ns p50=1085926 ns p90=1144546 ns p99=1328051 ns p99.9=1557231 ns max=1926513 ns
scheduled submit+ALPAO sink+ASDK: n=2000 mean=572.9 ns p50=551 ns p90=721 ns p99=1012 ns p99.9=1282 ns max=1623 ns
raw detector frame to ALPAO completion: n=2000 mean=1098819.8 ns p50=1086418 ns p90=1145197 ns p99=1328802 ns p99.9=1558133 ns max=1927835 ns
benchmark-stderr:
perf-stdout:
perf-stderr:
Events disabled
Events enabled
Events disabled


$ GLIBC_TUNABLES=glibc.malloc.hugetlb=2 PW_BENCHMARK_MEMORY=prefault chrt -f 88 taskset -c 14 /home/dgamroth/workspaces/codex/pipewire/pipewireao-spa-plugins-profiling/build-profile/spa/plugins/calculon/spa-calculon-full-system-test /home/dgamroth/workspaces/codex/pipewire/pipewireao-spa-plugins-profiling/build-profile-scalar/spa/plugins/calculon/libspa-calculon.so /home/dgamroth/workspaces/codex/pipewire/pipewireao-spa-plugins-profiling/build-profile/spa/plugins/alpao/libspa-alpao-mock.so mock 2000 468  512 512 8 8
$ perf stat --no-big-num -x ; --output /home/dgamroth/workspaces/codex/pipewire/pipewireao-spa-plugins-profiling/docs/benchmark-data/calculon-system-memory-pmu-2026-08-25-record/stat-scalar-hugetlb-prefault-dtlb-rep2.csv --delay=-1 --control=fd:4,9 -e {cycles:u,instructions:u,l1_dtlb_misses:u,l2_dtlb_misses:u} -t 1300091
benchmark-stdout:
workload: detector=512x512 region=8x8 regions=4096 slopes=8192 actuators=468 matrix-bytes=15335424 memory=prefault warmup=256
first-cycle: algorithms=3227142 ns sink=732 ns minor-faults=0 major-faults=0
pixel+controller+normalizer SPA callbacks: n=2000 mean=3231298.2 ns p50=3229236 ns p90=3297334 ns p99=3433760 ns p99.9=3720277 ns max=3862414 ns
scheduled submit+ALPAO sink+ASDK: n=2000 mean=497.5 ns p50=451 ns p90=621 ns p99=1022 ns p99.9=1383 ns max=1633 ns
raw detector frame to ALPAO completion: n=2000 mean=3231795.7 ns p50=3229757 ns p90=3297895 ns p99=3434211 ns p99.9=3721409 ns max=3863275 ns
benchmark-stderr:
perf-stdout:
perf-stderr:
Events disabled
Events enabled
Events disabled


$ GLIBC_TUNABLES=glibc.malloc.hugetlb=1 PW_BENCHMARK_MEMORY=locked chrt -f 88 taskset -c 14 /home/dgamroth/workspaces/codex/pipewire/pipewireao-spa-plugins-profiling/build-profile/spa/plugins/calculon/spa-calculon-full-system-test /home/dgamroth/workspaces/codex/pipewire/pipewireao-spa-plugins-profiling/build-profile/spa/plugins/calculon/libspa-calculon.so /home/dgamroth/workspaces/codex/pipewire/pipewireao-spa-plugins-profiling/build-profile/spa/plugins/alpao/libspa-alpao-mock.so mock 2000 468  512 512 8 8
$ perf stat --no-big-num -x ; --output /home/dgamroth/workspaces/codex/pipewire/pipewireao-spa-plugins-profiling/docs/benchmark-data/calculon-system-memory-pmu-2026-08-25-record/stat-oxiblas-thp-locked-core-rep2.csv --delay=-1 --control=fd:4,9 -e {cycles:u,instructions:u,branches:u,branch-misses:u} -t 1300214
benchmark-stdout:
workload: detector=512x512 region=8x8 regions=4096 slopes=8192 actuators=468 matrix-bytes=15335424 memory=locked warmup=256
first-cycle: algorithms=1228805 ns sink=802 ns minor-faults=0 major-faults=0
pixel+controller+normalizer SPA callbacks: n=2000 mean=1100692.9 ns p50=1088451 ns p90=1157291 ns p99=1324644 ns p99.9=1559544 ns max=1949707 ns
scheduled submit+ALPAO sink+ASDK: n=2000 mean=545.4 ns p50=531 ns p90=631 ns p99=1012 ns p99.9=1312 ns max=8135 ns
raw detector frame to ALPAO completion: n=2000 mean=1101238.3 ns p50=1089002 ns p90=1157732 ns p99=1325185 ns p99.9=1560286 ns max=1950899 ns
benchmark-stderr:
perf-stdout:
perf-stderr:
Events disabled
Events enabled
Events disabled


$ GLIBC_TUNABLES=glibc.malloc.hugetlb=0 PW_BENCHMARK_MEMORY=prefault chrt -f 88 taskset -c 14 /home/dgamroth/workspaces/codex/pipewire/pipewireao-spa-plugins-profiling/build-profile/spa/plugins/calculon/spa-calculon-full-system-test /home/dgamroth/workspaces/codex/pipewire/pipewireao-spa-plugins-profiling/build-profile/spa/plugins/calculon/libspa-calculon.so /home/dgamroth/workspaces/codex/pipewire/pipewireao-spa-plugins-profiling/build-profile/spa/plugins/alpao/libspa-alpao-mock.so mock 2000 468  512 512 8 8
$ perf stat --no-big-num -x ; --output /home/dgamroth/workspaces/codex/pipewire/pipewireao-spa-plugins-profiling/docs/benchmark-data/calculon-system-memory-pmu-2026-08-25-record/stat-oxiblas-base-prefault-dtlb-rep2.csv --delay=-1 --control=fd:4,9 -e {cycles:u,instructions:u,l1_dtlb_misses:u,l2_dtlb_misses:u} -t 1300260
benchmark-stdout:
workload: detector=512x512 region=8x8 regions=4096 slopes=8192 actuators=468 matrix-bytes=15335424 memory=prefault warmup=256
first-cycle: algorithms=1329964 ns sink=972 ns minor-faults=0 major-faults=0
pixel+controller+normalizer SPA callbacks: n=2000 mean=1117856.0 ns p50=1099722 ns p90=1182878 ns p99=1390167 ns p99.9=1683247 ns max=1739753 ns
scheduled submit+ALPAO sink+ASDK: n=2000 mean=555.7 ns p50=531 ns p90=722 ns p99=1072 ns p99.9=1503 ns max=1824 ns
raw detector frame to ALPAO completion: n=2000 mean=1118411.7 ns p50=1100223 ns p90=1183429 ns p99=1390648 ns p99.9=1684068 ns max=1741256 ns
benchmark-stderr:
perf-stdout:
perf-stderr:
Events disabled
Events enabled
Events disabled


$ GLIBC_TUNABLES=glibc.malloc.hugetlb=0 PW_BENCHMARK_MEMORY=prefault chrt -f 88 taskset -c 14 /home/dgamroth/workspaces/codex/pipewire/pipewireao-spa-plugins-profiling/build-profile/spa/plugins/calculon/spa-calculon-full-system-test /home/dgamroth/workspaces/codex/pipewire/pipewireao-spa-plugins-profiling/build-profile/spa/plugins/calculon/libspa-calculon.so /home/dgamroth/workspaces/codex/pipewire/pipewireao-spa-plugins-profiling/build-profile/spa/plugins/alpao/libspa-alpao-mock.so mock 2000 468  512 512 8 8
$ perf stat --no-big-num -x ; --output /home/dgamroth/workspaces/codex/pipewire/pipewireao-spa-plugins-profiling/docs/benchmark-data/calculon-system-memory-pmu-2026-08-25-record/stat-oxiblas-base-prefault-faults-rep2.csv --delay=-1 --control=fd:4,9 -e {page-faults,minor-faults,major-faults,context-switches,cpu-migrations} -t 1300309
benchmark-stdout:
workload: detector=512x512 region=8x8 regions=4096 slopes=8192 actuators=468 matrix-bytes=15335424 memory=prefault warmup=256
first-cycle: algorithms=1252529 ns sink=761 ns minor-faults=0 major-faults=0
pixel+controller+normalizer SPA callbacks: n=2000 mean=1108540.7 ns p50=1087560 ns p90=1178480 ns p99=1359790 ns p99.9=1777514 ns max=4520948 ns
scheduled submit+ALPAO sink+ASDK: n=2000 mean=562.3 ns p50=541 ns p90=731 ns p99=1062 ns p99.9=1573 ns max=1764 ns
raw detector frame to ALPAO completion: n=2000 mean=1109103.0 ns p50=1088140 ns p90=1179091 ns p99=1360722 ns p99.9=1778235 ns max=4521690 ns
benchmark-stderr:
perf-stdout:
perf-stderr:
Events disabled
Events enabled
Events disabled


$ GLIBC_TUNABLES=glibc.malloc.hugetlb=1 PW_BENCHMARK_MEMORY=prefault chrt -f 88 taskset -c 14 /home/dgamroth/workspaces/codex/pipewire/pipewireao-spa-plugins-profiling/build-profile/spa/plugins/calculon/spa-calculon-full-system-test /home/dgamroth/workspaces/codex/pipewire/pipewireao-spa-plugins-profiling/build-profile-scalar/spa/plugins/calculon/libspa-calculon.so /home/dgamroth/workspaces/codex/pipewire/pipewireao-spa-plugins-profiling/build-profile/spa/plugins/alpao/libspa-alpao-mock.so mock 2000 468  512 512 8 8
$ perf stat --no-big-num -x ; --output /home/dgamroth/workspaces/codex/pipewire/pipewireao-spa-plugins-profiling/docs/benchmark-data/calculon-system-memory-pmu-2026-08-25-record/stat-scalar-thp-prefault-faults-rep2.csv --delay=-1 --control=fd:4,9 -e {page-faults,minor-faults,major-faults,context-switches,cpu-migrations} -t 1300392
benchmark-stdout:
workload: detector=512x512 region=8x8 regions=4096 slopes=8192 actuators=468 matrix-bytes=15335424 memory=prefault warmup=256
first-cycle: algorithms=3214328 ns sink=781 ns minor-faults=0 major-faults=0
pixel+controller+normalizer SPA callbacks: n=2000 mean=3188471.0 ns p50=3183671 ns p90=3262419 ns p99=3420715 ns p99.9=3693176 ns max=3863957 ns
scheduled submit+ALPAO sink+ASDK: n=2000 mean=571.1 ns p50=531 ns p90=801 ns p99=1112 ns p99.9=1512 ns max=1813 ns
raw detector frame to ALPAO completion: n=2000 mean=3189042.2 ns p50=3184362 ns p90=3263169 ns p99=3421807 ns p99.9=3694158 ns max=3865359 ns
benchmark-stderr:
perf-stdout:
perf-stderr:
Events disabled
Events enabled
Events disabled


$ GLIBC_TUNABLES=glibc.malloc.hugetlb=0 PW_BENCHMARK_MEMORY=locked chrt -f 88 taskset -c 14 /home/dgamroth/workspaces/codex/pipewire/pipewireao-spa-plugins-profiling/build-profile/spa/plugins/calculon/spa-calculon-full-system-test /home/dgamroth/workspaces/codex/pipewire/pipewireao-spa-plugins-profiling/build-profile/spa/plugins/calculon/libspa-calculon.so /home/dgamroth/workspaces/codex/pipewire/pipewireao-spa-plugins-profiling/build-profile/spa/plugins/alpao/libspa-alpao-mock.so mock 2000 468  512 512 8 8
$ perf stat --no-big-num -x ; --output /home/dgamroth/workspaces/codex/pipewire/pipewireao-spa-plugins-profiling/docs/benchmark-data/calculon-system-memory-pmu-2026-08-25-record/stat-oxiblas-base-locked-faults-rep2.csv --delay=-1 --control=fd:4,9 -e {page-faults,minor-faults,major-faults,context-switches,cpu-migrations} -t 1300502
benchmark-stdout:
workload: detector=512x512 region=8x8 regions=4096 slopes=8192 actuators=468 matrix-bytes=15335424 memory=locked warmup=256
first-cycle: algorithms=1311199 ns sink=982 ns minor-faults=0 major-faults=0
pixel+controller+normalizer SPA callbacks: n=2000 mean=1112210.6 ns p50=1092188 ns p90=1175805 ns p99=1464226 ns p99.9=1679610 ns max=1821947 ns
scheduled submit+ALPAO sink+ASDK: n=2000 mean=553.3 ns p50=531 ns p90=721 ns p99=1052 ns p99.9=1363 ns max=1724 ns
raw detector frame to ALPAO completion: n=2000 mean=1112763.8 ns p50=1092629 ns p90=1176446 ns p99=1464817 ns p99.9=1680843 ns max=1822689 ns
benchmark-stderr:
perf-stdout:
perf-stderr:
Events disabled
Events enabled
Events disabled


$ GLIBC_TUNABLES=glibc.malloc.hugetlb=2 PW_BENCHMARK_MEMORY=prefault chrt -f 88 taskset -c 14 /home/dgamroth/workspaces/codex/pipewire/pipewireao-spa-plugins-profiling/build-profile/spa/plugins/calculon/spa-calculon-full-system-test /home/dgamroth/workspaces/codex/pipewire/pipewireao-spa-plugins-profiling/build-profile/spa/plugins/calculon/libspa-calculon.so /home/dgamroth/workspaces/codex/pipewire/pipewireao-spa-plugins-profiling/build-profile/spa/plugins/alpao/libspa-alpao-mock.so mock 2000 468  512 512 8 8
$ perf stat --no-big-num -x ; --output /home/dgamroth/workspaces/codex/pipewire/pipewireao-spa-plugins-profiling/docs/benchmark-data/calculon-system-memory-pmu-2026-08-25-record/stat-oxiblas-hugetlb-prefault-core-rep2.csv --delay=-1 --control=fd:4,9 -e {cycles:u,instructions:u,branches:u,branch-misses:u} -t 1300574
benchmark-stdout:
workload: detector=512x512 region=8x8 regions=4096 slopes=8192 actuators=468 matrix-bytes=15335424 memory=prefault warmup=256
first-cycle: algorithms=1325827 ns sink=802 ns minor-faults=0 major-faults=0
pixel+controller+normalizer SPA callbacks: n=2000 mean=1100328.8 ns p50=1088462 ns p90=1156068 ns p99=1262427 ns p99.9=1364880 ns max=1434601 ns
scheduled submit+ALPAO sink+ASDK: n=2000 mean=508.4 ns p50=471 ns p90=591 ns p99=922 ns p99.9=1212 ns max=2014 ns
raw detector frame to ALPAO completion: n=2000 mean=1100837.3 ns p50=1088952 ns p90=1156529 ns p99=1263048 ns p99.9=1365712 ns max=1435623 ns
benchmark-stderr:
perf-stdout:
perf-stderr:
Events disabled
Events enabled
Events disabled


$ GLIBC_TUNABLES=glibc.malloc.hugetlb=0 PW_BENCHMARK_MEMORY=prefault chrt -f 88 taskset -c 14 /home/dgamroth/workspaces/codex/pipewire/pipewireao-spa-plugins-profiling/build-profile/spa/plugins/calculon/spa-calculon-full-system-test /home/dgamroth/workspaces/codex/pipewire/pipewireao-spa-plugins-profiling/build-profile-scalar/spa/plugins/calculon/libspa-calculon.so /home/dgamroth/workspaces/codex/pipewire/pipewireao-spa-plugins-profiling/build-profile/spa/plugins/alpao/libspa-alpao-mock.so mock 2000 468  512 512 8 8
$ perf stat --no-big-num -x ; --output /home/dgamroth/workspaces/codex/pipewire/pipewireao-spa-plugins-profiling/docs/benchmark-data/calculon-system-memory-pmu-2026-08-25-record/stat-scalar-base-prefault-l2-rep2.csv --delay=-1 --control=fd:4,9 -e {cycles:u,instructions:u,l2_request_g1.all_no_prefetch:u,l2_cache_req_stat.ic_dc_miss_in_l2:u} -t 1300648
benchmark-stdout:
workload: detector=512x512 region=8x8 regions=4096 slopes=8192 actuators=468 matrix-bytes=15335424 memory=prefault warmup=256
first-cycle: algorithms=3300489 ns sink=1302 ns minor-faults=0 major-faults=0
pixel+controller+normalizer SPA callbacks: n=2000 mean=3181614.0 ns p50=3172510 ns p90=3255205 ns p99=3413502 ns p99.9=3642391 ns max=4110679 ns
scheduled submit+ALPAO sink+ASDK: n=2000 mean=588.4 ns p50=541 ns p90=842 ns p99=1212 ns p99.9=1964 ns max=6151 ns
raw detector frame to ALPAO completion: n=2000 mean=3182202.3 ns p50=3173061 ns p90=3255806 ns p99=3414213 ns p99.9=3643413 ns max=4111731 ns
benchmark-stderr:
perf-stdout:
perf-stderr:
Events disabled
Events enabled
Events disabled


$ GLIBC_TUNABLES=glibc.malloc.hugetlb=1 PW_BENCHMARK_MEMORY=locked chrt -f 88 taskset -c 14 /home/dgamroth/workspaces/codex/pipewire/pipewireao-spa-plugins-profiling/build-profile/spa/plugins/calculon/spa-calculon-full-system-test /home/dgamroth/workspaces/codex/pipewire/pipewireao-spa-plugins-profiling/build-profile-scalar/spa/plugins/calculon/libspa-calculon.so /home/dgamroth/workspaces/codex/pipewire/pipewireao-spa-plugins-profiling/build-profile/spa/plugins/alpao/libspa-alpao-mock.so mock 2000 468  512 512 8 8
$ perf stat --no-big-num -x ; --output /home/dgamroth/workspaces/codex/pipewire/pipewireao-spa-plugins-profiling/docs/benchmark-data/calculon-system-memory-pmu-2026-08-25-record/stat-scalar-thp-locked-dtlb-rep2.csv --delay=-1 --control=fd:4,9 -e {cycles:u,instructions:u,l1_dtlb_misses:u,l2_dtlb_misses:u} -t 1300751
benchmark-stdout:
workload: detector=512x512 region=8x8 regions=4096 slopes=8192 actuators=468 matrix-bytes=15335424 memory=locked warmup=256
first-cycle: algorithms=3179122 ns sink=922 ns minor-faults=0 major-faults=0
pixel+controller+normalizer SPA callbacks: n=2000 mean=3189647.0 ns p50=3186005 ns p90=3259253 ns p99=3426446 ns p99.9=3617735 ns max=3691322 ns
scheduled submit+ALPAO sink+ASDK: n=2000 mean=578.1 ns p50=531 ns p90=831 ns p99=1293 ns p99.9=1533 ns max=7835 ns
raw detector frame to ALPAO completion: n=2000 mean=3190225.1 ns p50=3186556 ns p90=3259734 ns p99=3427609 ns p99.9=3618346 ns max=3692384 ns
benchmark-stderr:
perf-stdout:
perf-stderr:
Events disabled
Events enabled
Events disabled


$ GLIBC_TUNABLES=glibc.malloc.hugetlb=0 PW_BENCHMARK_MEMORY=default chrt -f 88 taskset -c 14 /home/dgamroth/workspaces/codex/pipewire/pipewireao-spa-plugins-profiling/build-profile/spa/plugins/calculon/spa-calculon-full-system-test /home/dgamroth/workspaces/codex/pipewire/pipewireao-spa-plugins-profiling/build-profile-scalar/spa/plugins/calculon/libspa-calculon.so /home/dgamroth/workspaces/codex/pipewire/pipewireao-spa-plugins-profiling/build-profile/spa/plugins/alpao/libspa-alpao-mock.so mock 2000 468  512 512 8 8
$ perf stat --no-big-num -x ; --output /home/dgamroth/workspaces/codex/pipewire/pipewireao-spa-plugins-profiling/docs/benchmark-data/calculon-system-memory-pmu-2026-08-25-record/stat-scalar-base-default-faults-rep2.csv --delay=-1 --control=fd:4,9 -e {page-faults,minor-faults,major-faults,context-switches,cpu-migrations} -t 1300885
benchmark-stdout:
workload: detector=512x512 region=8x8 regions=4096 slopes=8192 actuators=468 matrix-bytes=15335424 memory=default warmup=256
first-cycle: algorithms=3209489 ns sink=812 ns minor-faults=1 major-faults=0
pixel+controller+normalizer SPA callbacks: n=2000 mean=3189334.6 ns p50=3185565 ns p90=3262258 ns p99=3427828 ns p99.9=3647391 ns max=4009530 ns
scheduled submit+ALPAO sink+ASDK: n=2000 mean=572.9 ns p50=531 ns p90=751 ns p99=1273 ns p99.9=1763 ns max=2555 ns
raw detector frame to ALPAO completion: n=2000 mean=3189907.5 ns p50=3186135 ns p90=3262799 ns p99=3429050 ns p99.9=3647942 ns max=4011163 ns
benchmark-stderr:
perf-stdout:
perf-stderr:
Events disabled
Events enabled
Events disabled


$ GLIBC_TUNABLES=glibc.malloc.hugetlb=1 PW_BENCHMARK_MEMORY=prefault chrt -f 88 taskset -c 14 /home/dgamroth/workspaces/codex/pipewire/pipewireao-spa-plugins-profiling/build-profile/spa/plugins/calculon/spa-calculon-full-system-test /home/dgamroth/workspaces/codex/pipewire/pipewireao-spa-plugins-profiling/build-profile-scalar/spa/plugins/calculon/libspa-calculon.so /home/dgamroth/workspaces/codex/pipewire/pipewireao-spa-plugins-profiling/build-profile/spa/plugins/alpao/libspa-alpao-mock.so mock 2000 468  512 512 8 8
$ perf stat --no-big-num -x ; --output /home/dgamroth/workspaces/codex/pipewire/pipewireao-spa-plugins-profiling/docs/benchmark-data/calculon-system-memory-pmu-2026-08-25-record/stat-scalar-thp-prefault-l2-rep2.csv --delay=-1 --control=fd:4,9 -e {cycles:u,instructions:u,l2_request_g1.all_no_prefetch:u,l2_cache_req_stat.ic_dc_miss_in_l2:u} -t 1300990
benchmark-stdout:
workload: detector=512x512 region=8x8 regions=4096 slopes=8192 actuators=468 matrix-bytes=15335424 memory=prefault warmup=256
first-cycle: algorithms=3261246 ns sink=982 ns minor-faults=0 major-faults=0
pixel+controller+normalizer SPA callbacks: n=2000 mean=3182673.0 ns p50=3174694 ns p90=3257419 ns p99=3428791 ns p99.9=3796931 ns max=3994832 ns
scheduled submit+ALPAO sink+ASDK: n=2000 mean=510.0 ns p50=461 ns p90=701 ns p99=1112 ns p99.9=1513 ns max=1733 ns
raw detector frame to ALPAO completion: n=2000 mean=3183183.0 ns p50=3175214 ns p90=3258070 ns p99=3429452 ns p99.9=3798053 ns max=3996274 ns
benchmark-stderr:
perf-stdout:
perf-stderr:
Events disabled
Events enabled
Events disabled


$ GLIBC_TUNABLES=glibc.malloc.hugetlb=2 PW_BENCHMARK_MEMORY=default chrt -f 88 taskset -c 14 /home/dgamroth/workspaces/codex/pipewire/pipewireao-spa-plugins-profiling/build-profile/spa/plugins/calculon/spa-calculon-full-system-test /home/dgamroth/workspaces/codex/pipewire/pipewireao-spa-plugins-profiling/build-profile-scalar/spa/plugins/calculon/libspa-calculon.so /home/dgamroth/workspaces/codex/pipewire/pipewireao-spa-plugins-profiling/build-profile/spa/plugins/alpao/libspa-alpao-mock.so mock 2000 468  512 512 8 8
$ perf stat --no-big-num -x ; --output /home/dgamroth/workspaces/codex/pipewire/pipewireao-spa-plugins-profiling/docs/benchmark-data/calculon-system-memory-pmu-2026-08-25-record/stat-scalar-hugetlb-default-l1d-rep2.csv --delay=-1 --control=fd:4,9 -e {cycles:u,instructions:u,L1-dcache-loads:u,L1-dcache-load-misses:u} -t 1301151
benchmark-stdout:
workload: detector=512x512 region=8x8 regions=4096 slopes=8192 actuators=468 matrix-bytes=15335424 memory=default warmup=256
first-cycle: algorithms=3239285 ns sink=721 ns minor-faults=1 major-faults=0
pixel+controller+normalizer SPA callbacks: n=2000 mean=3237649.4 ns p50=3228134 ns p90=3310368 ns p99=3462704 ns p99.9=3709938 ns max=3975886 ns
scheduled submit+ALPAO sink+ASDK: n=2000 mean=503.6 ns p50=451 ns p90=631 ns p99=1031 ns p99.9=1733 ns max=1984 ns
raw detector frame to ALPAO completion: n=2000 mean=3238152.9 ns p50=3228736 ns p90=3311080 ns p99=3463325 ns p99.9=3710619 ns max=3977108 ns
benchmark-stderr:
perf-stdout:
perf-stderr:
Events disabled
Events enabled
Events disabled


$ GLIBC_TUNABLES=glibc.malloc.hugetlb=1 PW_BENCHMARK_MEMORY=prefault chrt -f 88 taskset -c 14 /home/dgamroth/workspaces/codex/pipewire/pipewireao-spa-plugins-profiling/build-profile/spa/plugins/calculon/spa-calculon-full-system-test /home/dgamroth/workspaces/codex/pipewire/pipewireao-spa-plugins-profiling/build-profile-scalar/spa/plugins/calculon/libspa-calculon.so /home/dgamroth/workspaces/codex/pipewire/pipewireao-spa-plugins-profiling/build-profile/spa/plugins/alpao/libspa-alpao-mock.so mock 2000 468  512 512 8 8
$ perf stat --no-big-num -x ; --output /home/dgamroth/workspaces/codex/pipewire/pipewireao-spa-plugins-profiling/docs/benchmark-data/calculon-system-memory-pmu-2026-08-25-record/stat-scalar-thp-prefault-dtlb-rep2.csv --delay=-1 --control=fd:4,9 -e {cycles:u,instructions:u,l1_dtlb_misses:u,l2_dtlb_misses:u} -t 1301265
benchmark-stdout:
workload: detector=512x512 region=8x8 regions=4096 slopes=8192 actuators=468 matrix-bytes=15335424 memory=prefault warmup=256
first-cycle: algorithms=3222113 ns sink=931 ns minor-faults=0 major-faults=0
pixel+controller+normalizer SPA callbacks: n=2000 mean=3204830.1 ns p50=3199721 ns p90=3269161 ns p99=3520923 ns p99.9=3701091 ns max=6495070 ns
scheduled submit+ALPAO sink+ASDK: n=2000 mean=554.1 ns p50=511 ns p90=762 ns p99=1152 ns p99.9=1443 ns max=4689 ns
raw detector frame to ALPAO completion: n=2000 mean=3205384.2 ns p50=3200362 ns p90=3269772 ns p99=3521805 ns p99.9=3702194 ns max=6495531 ns
benchmark-stderr:
perf-stdout:
perf-stderr:
Events disabled
Events enabled
Events disabled


$ GLIBC_TUNABLES=glibc.malloc.hugetlb=2 PW_BENCHMARK_MEMORY=default chrt -f 88 taskset -c 14 /home/dgamroth/workspaces/codex/pipewire/pipewireao-spa-plugins-profiling/build-profile/spa/plugins/calculon/spa-calculon-full-system-test /home/dgamroth/workspaces/codex/pipewire/pipewireao-spa-plugins-profiling/build-profile-scalar/spa/plugins/calculon/libspa-calculon.so /home/dgamroth/workspaces/codex/pipewire/pipewireao-spa-plugins-profiling/build-profile/spa/plugins/alpao/libspa-alpao-mock.so mock 2000 468  512 512 8 8
$ perf stat --no-big-num -x ; --output /home/dgamroth/workspaces/codex/pipewire/pipewireao-spa-plugins-profiling/docs/benchmark-data/calculon-system-memory-pmu-2026-08-25-record/stat-scalar-hugetlb-default-dtlb-rep2.csv --delay=-1 --control=fd:4,9 -e {cycles:u,instructions:u,l1_dtlb_misses:u,l2_dtlb_misses:u} -t 1301380
benchmark-stdout:
workload: detector=512x512 region=8x8 regions=4096 slopes=8192 actuators=468 matrix-bytes=15335424 memory=default warmup=256
first-cycle: algorithms=3188950 ns sink=732 ns minor-faults=1 major-faults=0
pixel+controller+normalizer SPA callbacks: n=2000 mean=3234262.8 ns p50=3226651 ns p90=3306250 ns p99=3422148 ns p99.9=3677457 ns max=3728432 ns
scheduled submit+ALPAO sink+ASDK: n=2000 mean=524.6 ns p50=500 ns p90=651 ns p99=1032 ns p99.9=1623 ns max=2024 ns
raw detector frame to ALPAO completion: n=2000 mean=3234787.4 ns p50=3227102 ns p90=3306781 ns p99=3423120 ns p99.9=3678018 ns max=3729164 ns
benchmark-stderr:
perf-stdout:
perf-stderr:
Events disabled
Events enabled
Events disabled


$ GLIBC_TUNABLES=glibc.malloc.hugetlb=1 PW_BENCHMARK_MEMORY=prefault chrt -f 88 taskset -c 14 /home/dgamroth/workspaces/codex/pipewire/pipewireao-spa-plugins-profiling/build-profile/spa/plugins/calculon/spa-calculon-full-system-test /home/dgamroth/workspaces/codex/pipewire/pipewireao-spa-plugins-profiling/build-profile/spa/plugins/calculon/libspa-calculon.so /home/dgamroth/workspaces/codex/pipewire/pipewireao-spa-plugins-profiling/build-profile/spa/plugins/alpao/libspa-alpao-mock.so mock 2000 468  512 512 8 8
$ perf stat --no-big-num -x ; --output /home/dgamroth/workspaces/codex/pipewire/pipewireao-spa-plugins-profiling/docs/benchmark-data/calculon-system-memory-pmu-2026-08-25-record/stat-oxiblas-thp-prefault-l1d-rep2.csv --delay=-1 --control=fd:4,9 -e {cycles:u,instructions:u,L1-dcache-loads:u,L1-dcache-load-misses:u} -t 1301511
benchmark-stdout:
workload: detector=512x512 region=8x8 regions=4096 slopes=8192 actuators=468 matrix-bytes=15335424 memory=prefault warmup=256
first-cycle: algorithms=1311770 ns sink=651 ns minor-faults=0 major-faults=0
pixel+controller+normalizer SPA callbacks: n=2000 mean=1111235.0 ns p50=1098760 ns p90=1174553 ns p99=1276374 ns p99.9=1351244 ns max=1600101 ns
scheduled submit+ALPAO sink+ASDK: n=2000 mean=549.0 ns p50=531 ns p90=651 ns p99=952 ns p99.9=1734 ns max=7945 ns
raw detector frame to ALPAO completion: n=2000 mean=1111783.9 ns p50=1099322 ns p90=1175214 ns p99=1277105 ns p99.9=1352416 ns max=1601835 ns
benchmark-stderr:
perf-stdout:
perf-stderr:
Events disabled
Events enabled
Events disabled


$ GLIBC_TUNABLES=glibc.malloc.hugetlb=0 PW_BENCHMARK_MEMORY=prefault chrt -f 88 taskset -c 14 /home/dgamroth/workspaces/codex/pipewire/pipewireao-spa-plugins-profiling/build-profile/spa/plugins/calculon/spa-calculon-full-system-test /home/dgamroth/workspaces/codex/pipewire/pipewireao-spa-plugins-profiling/build-profile/spa/plugins/calculon/libspa-calculon.so /home/dgamroth/workspaces/codex/pipewire/pipewireao-spa-plugins-profiling/build-profile/spa/plugins/alpao/libspa-alpao-mock.so mock 2000 468  512 512 8 8
$ perf stat --no-big-num -x ; --output /home/dgamroth/workspaces/codex/pipewire/pipewireao-spa-plugins-profiling/docs/benchmark-data/calculon-system-memory-pmu-2026-08-25-record/stat-oxiblas-base-prefault-l1d-rep2.csv --delay=-1 --control=fd:4,9 -e {cycles:u,instructions:u,L1-dcache-loads:u,L1-dcache-load-misses:u} -t 1301578
benchmark-stdout:
workload: detector=512x512 region=8x8 regions=4096 slopes=8192 actuators=468 matrix-bytes=15335424 memory=prefault warmup=256
first-cycle: algorithms=1422057 ns sink=901 ns minor-faults=0 major-faults=0
pixel+controller+normalizer SPA callbacks: n=2000 mean=1115686.9 ns p50=1098821 ns p90=1174583 ns p99=1364118 ns p99.9=1593138 ns max=2147127 ns
scheduled submit+ALPAO sink+ASDK: n=2000 mean=510.8 ns p50=471 ns p90=651 ns p99=992 ns p99.9=1292 ns max=1593 ns
raw detector frame to ALPAO completion: n=2000 mean=1116197.7 ns p50=1099251 ns p90=1175064 ns p99=1365180 ns p99.9=1593829 ns max=2148379 ns
benchmark-stderr:
perf-stdout:
perf-stderr:
Events disabled
Events enabled
Events disabled


$ GLIBC_TUNABLES=glibc.malloc.hugetlb=0 PW_BENCHMARK_MEMORY=prefault chrt -f 88 taskset -c 14 /home/dgamroth/workspaces/codex/pipewire/pipewireao-spa-plugins-profiling/build-profile/spa/plugins/calculon/spa-calculon-full-system-test /home/dgamroth/workspaces/codex/pipewire/pipewireao-spa-plugins-profiling/build-profile-scalar/spa/plugins/calculon/libspa-calculon.so /home/dgamroth/workspaces/codex/pipewire/pipewireao-spa-plugins-profiling/build-profile/spa/plugins/alpao/libspa-alpao-mock.so mock 2000 468  512 512 8 8
$ perf stat --no-big-num -x ; --output /home/dgamroth/workspaces/codex/pipewire/pipewireao-spa-plugins-profiling/docs/benchmark-data/calculon-system-memory-pmu-2026-08-25-record/stat-scalar-base-prefault-core-rep2.csv --delay=-1 --control=fd:4,9 -e {cycles:u,instructions:u,branches:u,branch-misses:u} -t 1301623
benchmark-stdout:
workload: detector=512x512 region=8x8 regions=4096 slopes=8192 actuators=468 matrix-bytes=15335424 memory=prefault warmup=256
first-cycle: algorithms=3199491 ns sink=992 ns minor-faults=0 major-faults=0
pixel+controller+normalizer SPA callbacks: n=2000 mean=3190635.7 ns p50=3180635 ns p90=3263640 ns p99=3438007 ns p99.9=3716240 ns max=3768989 ns
scheduled submit+ALPAO sink+ASDK: n=2000 mean=541.2 ns p50=510 ns p90=721 ns p99=1183 ns p99.9=1704 ns max=2255 ns
raw detector frame to ALPAO completion: n=2000 mean=3191176.9 ns p50=3181146 ns p90=3264282 ns p99=3438889 ns p99.9=3717773 ns max=3770251 ns
benchmark-stderr:
perf-stdout:
perf-stderr:
Events disabled
Events enabled
Events disabled


$ GLIBC_TUNABLES=glibc.malloc.hugetlb=0 PW_BENCHMARK_MEMORY=default chrt -f 88 taskset -c 14 /home/dgamroth/workspaces/codex/pipewire/pipewireao-spa-plugins-profiling/build-profile/spa/plugins/calculon/spa-calculon-full-system-test /home/dgamroth/workspaces/codex/pipewire/pipewireao-spa-plugins-profiling/build-profile/spa/plugins/calculon/libspa-calculon.so /home/dgamroth/workspaces/codex/pipewire/pipewireao-spa-plugins-profiling/build-profile/spa/plugins/alpao/libspa-alpao-mock.so mock 2000 468  512 512 8 8
$ perf stat --no-big-num -x ; --output /home/dgamroth/workspaces/codex/pipewire/pipewireao-spa-plugins-profiling/docs/benchmark-data/calculon-system-memory-pmu-2026-08-25-record/stat-oxiblas-base-default-dtlb-rep2.csv --delay=-1 --control=fd:4,9 -e {cycles:u,instructions:u,l1_dtlb_misses:u,l2_dtlb_misses:u} -t 1301779
benchmark-stdout:
workload: detector=512x512 region=8x8 regions=4096 slopes=8192 actuators=468 matrix-bytes=15335424 memory=default warmup=256
first-cycle: algorithms=1253982 ns sink=1022 ns minor-faults=1 major-faults=0
pixel+controller+normalizer SPA callbacks: n=2000 mean=1101914.6 ns p50=1087640 ns p90=1165877 ns p99=1316559 ns p99.9=1531703 ns max=1573792 ns
scheduled submit+ALPAO sink+ASDK: n=2000 mean=557.9 ns p50=531 ns p90=722 ns p99=1032 ns p99.9=1373 ns max=1473 ns
raw detector frame to ALPAO completion: n=2000 mean=1102472.5 ns p50=1088261 ns p90=1166438 ns p99=1317521 ns p99.9=1532334 ns max=1574453 ns
benchmark-stderr:
perf-stdout:
perf-stderr:
Events disabled
Events enabled
Events disabled


$ GLIBC_TUNABLES=glibc.malloc.hugetlb=1 PW_BENCHMARK_MEMORY=default chrt -f 88 taskset -c 14 /home/dgamroth/workspaces/codex/pipewire/pipewireao-spa-plugins-profiling/build-profile/spa/plugins/calculon/spa-calculon-full-system-test /home/dgamroth/workspaces/codex/pipewire/pipewireao-spa-plugins-profiling/build-profile/spa/plugins/calculon/libspa-calculon.so /home/dgamroth/workspaces/codex/pipewire/pipewireao-spa-plugins-profiling/build-profile/spa/plugins/alpao/libspa-alpao-mock.so mock 2000 468  512 512 8 8
$ perf stat --no-big-num -x ; --output /home/dgamroth/workspaces/codex/pipewire/pipewireao-spa-plugins-profiling/docs/benchmark-data/calculon-system-memory-pmu-2026-08-25-record/stat-oxiblas-thp-default-faults-rep2.csv --delay=-1 --control=fd:4,9 -e {page-faults,minor-faults,major-faults,context-switches,cpu-migrations} -t 1301825
benchmark-stdout:
workload: detector=512x512 region=8x8 regions=4096 slopes=8192 actuators=468 matrix-bytes=15335424 memory=default warmup=256
first-cycle: algorithms=1330946 ns sink=972 ns minor-faults=1 major-faults=0
pixel+controller+normalizer SPA callbacks: n=2000 mean=1112422.3 ns p50=1092418 ns p90=1183690 ns p99=1371582 ns p99.9=1662238 ns max=1684720 ns
scheduled submit+ALPAO sink+ASDK: n=2000 mean=542.2 ns p50=521 ns p90=651 ns p99=1002 ns p99.9=1272 ns max=1383 ns
raw detector frame to ALPAO completion: n=2000 mean=1112964.5 ns p50=1092990 ns p90=1184161 ns p99=1372193 ns p99.9=1662989 ns max=1685892 ns
benchmark-stderr:
perf-stdout:
perf-stderr:
Events disabled
Events enabled
Events disabled


$ GLIBC_TUNABLES=glibc.malloc.hugetlb=0 PW_BENCHMARK_MEMORY=default chrt -f 88 taskset -c 14 /home/dgamroth/workspaces/codex/pipewire/pipewireao-spa-plugins-profiling/build-profile/spa/plugins/calculon/spa-calculon-full-system-test /home/dgamroth/workspaces/codex/pipewire/pipewireao-spa-plugins-profiling/build-profile-scalar/spa/plugins/calculon/libspa-calculon.so /home/dgamroth/workspaces/codex/pipewire/pipewireao-spa-plugins-profiling/build-profile/spa/plugins/alpao/libspa-alpao-mock.so mock 2000 468  512 512 8 8
$ perf stat --no-big-num -x ; --output /home/dgamroth/workspaces/codex/pipewire/pipewireao-spa-plugins-profiling/docs/benchmark-data/calculon-system-memory-pmu-2026-08-25-record/stat-scalar-base-default-core-rep2.csv --delay=-1 --control=fd:4,9 -e {cycles:u,instructions:u,branches:u,branch-misses:u} -t 1301874
benchmark-stdout:
workload: detector=512x512 region=8x8 regions=4096 slopes=8192 actuators=468 matrix-bytes=15335424 memory=default warmup=256
first-cycle: algorithms=3165747 ns sink=1273 ns minor-faults=1 major-faults=0
pixel+controller+normalizer SPA callbacks: n=2000 mean=3181932.0 ns p50=3175175 ns p90=3257840 ns p99=3393484 ns p99.9=3690391 ns max=4099278 ns
scheduled submit+ALPAO sink+ASDK: n=2000 mean=571.6 ns p50=531 ns p90=781 ns p99=1203 ns p99.9=1453 ns max=1833 ns
raw detector frame to ALPAO completion: n=2000 mean=3182503.5 ns p50=3175666 ns p90=3258401 ns p99=3394136 ns p99.9=3691583 ns max=4100510 ns
benchmark-stderr:
perf-stdout:
perf-stderr:
Events disabled
Events enabled
Events disabled


$ GLIBC_TUNABLES=glibc.malloc.hugetlb=0 PW_BENCHMARK_MEMORY=prefault chrt -f 88 taskset -c 14 /home/dgamroth/workspaces/codex/pipewire/pipewireao-spa-plugins-profiling/build-profile/spa/plugins/calculon/spa-calculon-full-system-test /home/dgamroth/workspaces/codex/pipewire/pipewireao-spa-plugins-profiling/build-profile/spa/plugins/calculon/libspa-calculon.so /home/dgamroth/workspaces/codex/pipewire/pipewireao-spa-plugins-profiling/build-profile/spa/plugins/alpao/libspa-alpao-mock.so mock 2000 468  512 512 8 8
$ perf stat --no-big-num -x ; --output /home/dgamroth/workspaces/codex/pipewire/pipewireao-spa-plugins-profiling/docs/benchmark-data/calculon-system-memory-pmu-2026-08-25-record/stat-oxiblas-base-prefault-l2-rep2.csv --delay=-1 --control=fd:4,9 -e {cycles:u,instructions:u,l2_request_g1.all_no_prefetch:u,l2_cache_req_stat.ic_dc_miss_in_l2:u} -t 1302025
benchmark-stdout:
workload: detector=512x512 region=8x8 regions=4096 slopes=8192 actuators=468 matrix-bytes=15335424 memory=prefault warmup=256
first-cycle: algorithms=1438247 ns sink=902 ns minor-faults=0 major-faults=0
pixel+controller+normalizer SPA callbacks: n=2000 mean=1111060.1 ns p50=1085516 ns p90=1184682 ns p99=1568281 ns p99.9=1821937 ns max=1947854 ns
scheduled submit+ALPAO sink+ASDK: n=2000 mean=565.5 ns p50=531 ns p90=721 ns p99=1102 ns p99.9=1713 ns max=1984 ns
raw detector frame to ALPAO completion: n=2000 mean=1111625.6 ns p50=1086057 ns p90=1185313 ns p99=1569103 ns p99.9=1822919 ns max=1949106 ns
benchmark-stderr:
perf-stdout:
perf-stderr:
Events disabled
Events enabled
Events disabled


$ GLIBC_TUNABLES=glibc.malloc.hugetlb=2 PW_BENCHMARK_MEMORY=default chrt -f 88 taskset -c 14 /home/dgamroth/workspaces/codex/pipewire/pipewireao-spa-plugins-profiling/build-profile/spa/plugins/calculon/spa-calculon-full-system-test /home/dgamroth/workspaces/codex/pipewire/pipewireao-spa-plugins-profiling/build-profile-scalar/spa/plugins/calculon/libspa-calculon.so /home/dgamroth/workspaces/codex/pipewire/pipewireao-spa-plugins-profiling/build-profile/spa/plugins/alpao/libspa-alpao-mock.so mock 2000 468  512 512 8 8
$ perf stat --no-big-num -x ; --output /home/dgamroth/workspaces/codex/pipewire/pipewireao-spa-plugins-profiling/docs/benchmark-data/calculon-system-memory-pmu-2026-08-25-record/stat-scalar-hugetlb-default-core-rep2.csv --delay=-1 --control=fd:4,9 -e {cycles:u,instructions:u,branches:u,branch-misses:u} -t 1302075
benchmark-stdout:
workload: detector=512x512 region=8x8 regions=4096 slopes=8192 actuators=468 matrix-bytes=15335424 memory=default warmup=256
first-cycle: algorithms=3174994 ns sink=731 ns minor-faults=1 major-faults=0
pixel+controller+normalizer SPA callbacks: n=2000 mean=3225076.1 ns p50=3213918 ns p90=3302113 ns p99=3576067 ns p99.9=3769420 ns max=3944368 ns
scheduled submit+ALPAO sink+ASDK: n=2000 mean=519.7 ns p50=471 ns p90=671 ns p99=1012 ns p99.9=1393 ns max=1814 ns
raw detector frame to ALPAO completion: n=2000 mean=3225595.7 ns p50=3214449 ns p90=3302654 ns p99=3576698 ns p99.9=3770261 ns max=3945640 ns
benchmark-stderr:
perf-stdout:
perf-stderr:
Events disabled
Events enabled
Events disabled


$ GLIBC_TUNABLES=glibc.malloc.hugetlb=2 PW_BENCHMARK_MEMORY=default chrt -f 88 taskset -c 14 /home/dgamroth/workspaces/codex/pipewire/pipewireao-spa-plugins-profiling/build-profile/spa/plugins/calculon/spa-calculon-full-system-test /home/dgamroth/workspaces/codex/pipewire/pipewireao-spa-plugins-profiling/build-profile/spa/plugins/calculon/libspa-calculon.so /home/dgamroth/workspaces/codex/pipewire/pipewireao-spa-plugins-profiling/build-profile/spa/plugins/alpao/libspa-alpao-mock.so mock 2000 468  512 512 8 8
$ perf stat --no-big-num -x ; --output /home/dgamroth/workspaces/codex/pipewire/pipewireao-spa-plugins-profiling/docs/benchmark-data/calculon-system-memory-pmu-2026-08-25-record/stat-oxiblas-hugetlb-default-faults-rep2.csv --delay=-1 --control=fd:4,9 -e {page-faults,minor-faults,major-faults,context-switches,cpu-migrations} -t 1302207
benchmark-stdout:
workload: detector=512x512 region=8x8 regions=4096 slopes=8192 actuators=468 matrix-bytes=15335424 memory=default warmup=256
first-cycle: algorithms=1358137 ns sink=711 ns minor-faults=1 major-faults=0
pixel+controller+normalizer SPA callbacks: n=2000 mean=1102340.0 ns p50=1091066 ns p90=1154235 ns p99=1266025 ns p99.9=1418320 ns max=1641559 ns
scheduled submit+ALPAO sink+ASDK: n=2000 mean=493.3 ns p50=461 ns p90=562 ns p99=872 ns p99.9=1112 ns max=1342 ns
raw detector frame to ALPAO completion: n=2000 mean=1102833.3 ns p50=1091597 ns p90=1154725 ns p99=1266586 ns p99.9=1418771 ns max=1642250 ns
benchmark-stderr:
perf-stdout:
perf-stderr:
Events disabled
Events enabled
Events disabled


$ GLIBC_TUNABLES=glibc.malloc.hugetlb=1 PW_BENCHMARK_MEMORY=locked chrt -f 88 taskset -c 14 /home/dgamroth/workspaces/codex/pipewire/pipewireao-spa-plugins-profiling/build-profile/spa/plugins/calculon/spa-calculon-full-system-test /home/dgamroth/workspaces/codex/pipewire/pipewireao-spa-plugins-profiling/build-profile/spa/plugins/calculon/libspa-calculon.so /home/dgamroth/workspaces/codex/pipewire/pipewireao-spa-plugins-profiling/build-profile/spa/plugins/alpao/libspa-alpao-mock.so mock 2000 468  512 512 8 8
$ perf stat --no-big-num -x ; --output /home/dgamroth/workspaces/codex/pipewire/pipewireao-spa-plugins-profiling/docs/benchmark-data/calculon-system-memory-pmu-2026-08-25-record/stat-oxiblas-thp-locked-l2-rep2.csv --delay=-1 --control=fd:4,9 -e {cycles:u,instructions:u,l2_request_g1.all_no_prefetch:u,l2_cache_req_stat.ic_dc_miss_in_l2:u} -t 1302256
benchmark-stdout:
workload: detector=512x512 region=8x8 regions=4096 slopes=8192 actuators=468 matrix-bytes=15335424 memory=locked warmup=256
first-cycle: algorithms=1131021 ns sink=1062 ns minor-faults=0 major-faults=0
pixel+controller+normalizer SPA callbacks: n=2000 mean=1099587.0 ns p50=1082781 ns p90=1156859 ns p99=1322320 ns p99.9=1603878 ns max=1945578 ns
scheduled submit+ALPAO sink+ASDK: n=2000 mean=539.4 ns p50=521 ns p90=681 ns p99=952 ns p99.9=1553 ns max=7313 ns
raw detector frame to ALPAO completion: n=2000 mean=1100126.4 ns p50=1083302 ns p90=1157360 ns p99=1322891 ns p99.9=1604388 ns max=1946901 ns
benchmark-stderr:
perf-stdout:
perf-stderr:
Events disabled
Events enabled
Events disabled


$ GLIBC_TUNABLES=glibc.malloc.hugetlb=1 PW_BENCHMARK_MEMORY=default chrt -f 88 taskset -c 14 /home/dgamroth/workspaces/codex/pipewire/pipewireao-spa-plugins-profiling/build-profile/spa/plugins/calculon/spa-calculon-full-system-test /home/dgamroth/workspaces/codex/pipewire/pipewireao-spa-plugins-profiling/build-profile-scalar/spa/plugins/calculon/libspa-calculon.so /home/dgamroth/workspaces/codex/pipewire/pipewireao-spa-plugins-profiling/build-profile/spa/plugins/alpao/libspa-alpao-mock.so mock 2000 468  512 512 8 8
$ perf stat --no-big-num -x ; --output /home/dgamroth/workspaces/codex/pipewire/pipewireao-spa-plugins-profiling/docs/benchmark-data/calculon-system-memory-pmu-2026-08-25-record/stat-scalar-thp-default-faults-rep2.csv --delay=-1 --control=fd:4,9 -e {page-faults,minor-faults,major-faults,context-switches,cpu-migrations} -t 1302309
benchmark-stdout:
workload: detector=512x512 region=8x8 regions=4096 slopes=8192 actuators=468 matrix-bytes=15335424 memory=default warmup=256
first-cycle: algorithms=3218486 ns sink=2575 ns minor-faults=1 major-faults=0
pixel+controller+normalizer SPA callbacks: n=2000 mean=3184684.6 ns p50=3177529 ns p90=3258521 ns p99=3415686 ns p99.9=3690622 ns max=6598935 ns
scheduled submit+ALPAO sink+ASDK: n=2000 mean=536.1 ns p50=471 ns p90=711 ns p99=1282 ns p99.9=2254 ns max=2986 ns
raw detector frame to ALPAO completion: n=2000 mean=3185220.7 ns p50=3178020 ns p90=3258992 ns p99=3416768 ns p99.9=3691974 ns max=6599627 ns
benchmark-stderr:
perf-stdout:
perf-stderr:
Events disabled
Events enabled
Events disabled


$ GLIBC_TUNABLES=glibc.malloc.hugetlb=1 PW_BENCHMARK_MEMORY=prefault chrt -f 88 taskset -c 14 /home/dgamroth/workspaces/codex/pipewire/pipewireao-spa-plugins-profiling/build-profile/spa/plugins/calculon/spa-calculon-full-system-test /home/dgamroth/workspaces/codex/pipewire/pipewireao-spa-plugins-profiling/build-profile/spa/plugins/calculon/libspa-calculon.so /home/dgamroth/workspaces/codex/pipewire/pipewireao-spa-plugins-profiling/build-profile/spa/plugins/alpao/libspa-alpao-mock.so mock 2000 468  512 512 8 8
$ perf stat --no-big-num -x ; --output /home/dgamroth/workspaces/codex/pipewire/pipewireao-spa-plugins-profiling/docs/benchmark-data/calculon-system-memory-pmu-2026-08-25-record/stat-oxiblas-thp-prefault-l2-rep2.csv --delay=-1 --control=fd:4,9 -e {cycles:u,instructions:u,l2_request_g1.all_no_prefetch:u,l2_cache_req_stat.ic_dc_miss_in_l2:u} -t 1302419
benchmark-stdout:
workload: detector=512x512 region=8x8 regions=4096 slopes=8192 actuators=468 matrix-bytes=15335424 memory=prefault warmup=256
first-cycle: algorithms=1355833 ns sink=862 ns minor-faults=0 major-faults=0
pixel+controller+normalizer SPA callbacks: n=2000 mean=1107268.6 ns p50=1091137 ns p90=1169774 ns p99=1335014 ns p99.9=1625378 ns max=1715437 ns
scheduled submit+ALPAO sink+ASDK: n=2000 mean=571.7 ns p50=551 ns p90=731 ns p99=982 ns p99.9=1513 ns max=1833 ns
raw detector frame to ALPAO completion: n=2000 mean=1107840.3 ns p50=1091688 ns p90=1170335 ns p99=1335645 ns p99.9=1625869 ns max=1716559 ns
benchmark-stderr:
perf-stdout:
perf-stderr:
Events disabled
Events enabled
Events disabled


$ GLIBC_TUNABLES=glibc.malloc.hugetlb=0 PW_BENCHMARK_MEMORY=prefault chrt -f 88 taskset -c 14 /home/dgamroth/workspaces/codex/pipewire/pipewireao-spa-plugins-profiling/build-profile/spa/plugins/calculon/spa-calculon-full-system-test /home/dgamroth/workspaces/codex/pipewire/pipewireao-spa-plugins-profiling/build-profile/spa/plugins/calculon/libspa-calculon.so /home/dgamroth/workspaces/codex/pipewire/pipewireao-spa-plugins-profiling/build-profile/spa/plugins/alpao/libspa-alpao-mock.so mock 2000 468  512 512 8 8
$ perf stat --no-big-num -x ; --output /home/dgamroth/workspaces/codex/pipewire/pipewireao-spa-plugins-profiling/docs/benchmark-data/calculon-system-memory-pmu-2026-08-25-record/stat-oxiblas-base-prefault-l2-rep3.csv --delay=-1 --control=fd:4,9 -e {cycles:u,instructions:u,l2_request_g1.all_no_prefetch:u,l2_cache_req_stat.ic_dc_miss_in_l2:u} -t 1302476
benchmark-stdout:
workload: detector=512x512 region=8x8 regions=4096 slopes=8192 actuators=468 matrix-bytes=15335424 memory=prefault warmup=256
first-cycle: algorithms=1255625 ns sink=821 ns minor-faults=0 major-faults=0
pixel+controller+normalizer SPA callbacks: n=2000 mean=1106284.4 ns p50=1088912 ns p90=1172840 ns p99=1347547 ns p99.9=1610981 ns max=1863965 ns
scheduled submit+ALPAO sink+ASDK: n=2000 mean=540.4 ns p50=521 ns p90=651 ns p99=1032 ns p99.9=1643 ns max=1683 ns
raw detector frame to ALPAO completion: n=2000 mean=1106824.8 ns p50=1089433 ns p90=1173371 ns p99=1348479 ns p99.9=1611723 ns max=1865629 ns
benchmark-stderr:
perf-stdout:
perf-stderr:
Events disabled
Events enabled
Events disabled


$ GLIBC_TUNABLES=glibc.malloc.hugetlb=0 PW_BENCHMARK_MEMORY=prefault chrt -f 88 taskset -c 14 /home/dgamroth/workspaces/codex/pipewire/pipewireao-spa-plugins-profiling/build-profile/spa/plugins/calculon/spa-calculon-full-system-test /home/dgamroth/workspaces/codex/pipewire/pipewireao-spa-plugins-profiling/build-profile/spa/plugins/calculon/libspa-calculon.so /home/dgamroth/workspaces/codex/pipewire/pipewireao-spa-plugins-profiling/build-profile/spa/plugins/alpao/libspa-alpao-mock.so mock 2000 468  512 512 8 8
$ perf stat --no-big-num -x ; --output /home/dgamroth/workspaces/codex/pipewire/pipewireao-spa-plugins-profiling/docs/benchmark-data/calculon-system-memory-pmu-2026-08-25-record/stat-oxiblas-base-prefault-l1d-rep3.csv --delay=-1 --control=fd:4,9 -e {cycles:u,instructions:u,L1-dcache-loads:u,L1-dcache-load-misses:u} -t 1302537
benchmark-stdout:
workload: detector=512x512 region=8x8 regions=4096 slopes=8192 actuators=468 matrix-bytes=15335424 memory=prefault warmup=256
first-cycle: algorithms=1439469 ns sink=822 ns minor-faults=0 major-faults=0
pixel+controller+normalizer SPA callbacks: n=2000 mean=1108536.4 ns p50=1090766 ns p90=1175484 ns p99=1331357 ns p99.9=1675422 ns max=1855440 ns
scheduled submit+ALPAO sink+ASDK: n=2000 mean=542.4 ns p50=491 ns p90=711 ns p99=1072 ns p99.9=1373 ns max=1723 ns
raw detector frame to ALPAO completion: n=2000 mean=1109078.8 ns p50=1091357 ns p90=1176135 ns p99=1331938 ns p99.9=1676093 ns max=1857103 ns
benchmark-stderr:
perf-stdout:
perf-stderr:
Events disabled
Events enabled
Events disabled


$ GLIBC_TUNABLES=glibc.malloc.hugetlb=0 PW_BENCHMARK_MEMORY=default chrt -f 88 taskset -c 14 /home/dgamroth/workspaces/codex/pipewire/pipewireao-spa-plugins-profiling/build-profile/spa/plugins/calculon/spa-calculon-full-system-test /home/dgamroth/workspaces/codex/pipewire/pipewireao-spa-plugins-profiling/build-profile-scalar/spa/plugins/calculon/libspa-calculon.so /home/dgamroth/workspaces/codex/pipewire/pipewireao-spa-plugins-profiling/build-profile/spa/plugins/alpao/libspa-alpao-mock.so mock 2000 468  512 512 8 8
$ perf stat --no-big-num -x ; --output /home/dgamroth/workspaces/codex/pipewire/pipewireao-spa-plugins-profiling/docs/benchmark-data/calculon-system-memory-pmu-2026-08-25-record/stat-scalar-base-default-core-rep3.csv --delay=-1 --control=fd:4,9 -e {cycles:u,instructions:u,branches:u,branch-misses:u} -t 1302582
benchmark-stdout:
workload: detector=512x512 region=8x8 regions=4096 slopes=8192 actuators=468 matrix-bytes=15335424 memory=default warmup=256
first-cycle: algorithms=3170827 ns sink=1022 ns minor-faults=1 major-faults=0
pixel+controller+normalizer SPA callbacks: n=2000 mean=3191495.7 ns p50=3185665 ns p90=3256777 ns p99=3422168 ns p99.9=3662088 ns max=4209114 ns
scheduled submit+ALPAO sink+ASDK: n=2000 mean=557.2 ns p50=521 ns p90=741 ns p99=1142 ns p99.9=1984 ns max=2024 ns
raw detector frame to ALPAO completion: n=2000 mean=3192052.9 ns p50=3186185 ns p90=3257258 ns p99=3422850 ns p99.9=3662679 ns max=4209856 ns
benchmark-stderr:
perf-stdout:
perf-stderr:
Events disabled
Events enabled
Events disabled


$ GLIBC_TUNABLES=glibc.malloc.hugetlb=2 PW_BENCHMARK_MEMORY=default chrt -f 88 taskset -c 14 /home/dgamroth/workspaces/codex/pipewire/pipewireao-spa-plugins-profiling/build-profile/spa/plugins/calculon/spa-calculon-full-system-test /home/dgamroth/workspaces/codex/pipewire/pipewireao-spa-plugins-profiling/build-profile/spa/plugins/calculon/libspa-calculon.so /home/dgamroth/workspaces/codex/pipewire/pipewireao-spa-plugins-profiling/build-profile/spa/plugins/alpao/libspa-alpao-mock.so mock 2000 468  512 512 8 8
$ perf stat --no-big-num -x ; --output /home/dgamroth/workspaces/codex/pipewire/pipewireao-spa-plugins-profiling/docs/benchmark-data/calculon-system-memory-pmu-2026-08-25-record/stat-oxiblas-hugetlb-default-dtlb-rep3.csv --delay=-1 --control=fd:4,9 -e {cycles:u,instructions:u,l1_dtlb_misses:u,l2_dtlb_misses:u} -t 1302698
benchmark-stdout:
workload: detector=512x512 region=8x8 regions=4096 slopes=8192 actuators=468 matrix-bytes=15335424 memory=default warmup=256
first-cycle: algorithms=1361263 ns sink=701 ns minor-faults=1 major-faults=0
pixel+controller+normalizer SPA callbacks: n=2000 mean=1109499.8 ns p50=1096727 ns p90=1161959 ns p99=1323492 ns p99.9=1631680 ns max=1697022 ns
scheduled submit+ALPAO sink+ASDK: n=2000 mean=483.1 ns p50=451 ns p90=541 ns p99=902 ns p99.9=1533 ns max=1683 ns
raw detector frame to ALPAO completion: n=2000 mean=1109982.9 ns p50=1097248 ns p90=1162570 ns p99=1323943 ns p99.9=1632492 ns max=1698555 ns
benchmark-stderr:
perf-stdout:
perf-stderr:
Events disabled
Events enabled
Events disabled


$ GLIBC_TUNABLES=glibc.malloc.hugetlb=1 PW_BENCHMARK_MEMORY=default chrt -f 88 taskset -c 14 /home/dgamroth/workspaces/codex/pipewire/pipewireao-spa-plugins-profiling/build-profile/spa/plugins/calculon/spa-calculon-full-system-test /home/dgamroth/workspaces/codex/pipewire/pipewireao-spa-plugins-profiling/build-profile-scalar/spa/plugins/calculon/libspa-calculon.so /home/dgamroth/workspaces/codex/pipewire/pipewireao-spa-plugins-profiling/build-profile/spa/plugins/alpao/libspa-alpao-mock.so mock 2000 468  512 512 8 8
$ perf stat --no-big-num -x ; --output /home/dgamroth/workspaces/codex/pipewire/pipewireao-spa-plugins-profiling/docs/benchmark-data/calculon-system-memory-pmu-2026-08-25-record/stat-scalar-thp-default-l1d-rep3.csv --delay=-1 --control=fd:4,9 -e {cycles:u,instructions:u,L1-dcache-loads:u,L1-dcache-load-misses:u} -t 1302748
benchmark-stdout:
workload: detector=512x512 region=8x8 regions=4096 slopes=8192 actuators=468 matrix-bytes=15335424 memory=default warmup=256
first-cycle: algorithms=3374017 ns sink=1322 ns minor-faults=1 major-faults=0
pixel+controller+normalizer SPA callbacks: n=2000 mean=3186253.7 ns p50=3177028 ns p90=3253792 ns p99=3398524 ns p99.9=3758379 ns max=3904773 ns
scheduled submit+ALPAO sink+ASDK: n=2000 mean=531.8 ns p50=471 ns p90=711 ns p99=1103 ns p99.9=1673 ns max=1753 ns
raw detector frame to ALPAO completion: n=2000 mean=3186785.6 ns p50=3177479 ns p90=3254504 ns p99=3399496 ns p99.9=3759230 ns max=3906526 ns
benchmark-stderr:
perf-stdout:
perf-stderr:
Events disabled
Events enabled
Events disabled


$ GLIBC_TUNABLES=glibc.malloc.hugetlb=0 PW_BENCHMARK_MEMORY=locked chrt -f 88 taskset -c 14 /home/dgamroth/workspaces/codex/pipewire/pipewireao-spa-plugins-profiling/build-profile/spa/plugins/calculon/spa-calculon-full-system-test /home/dgamroth/workspaces/codex/pipewire/pipewireao-spa-plugins-profiling/build-profile-scalar/spa/plugins/calculon/libspa-calculon.so /home/dgamroth/workspaces/codex/pipewire/pipewireao-spa-plugins-profiling/build-profile/spa/plugins/alpao/libspa-alpao-mock.so mock 2000 468  512 512 8 8
$ perf stat --no-big-num -x ; --output /home/dgamroth/workspaces/codex/pipewire/pipewireao-spa-plugins-profiling/docs/benchmark-data/calculon-system-memory-pmu-2026-08-25-record/stat-scalar-base-locked-core-rep3.csv --delay=-1 --control=fd:4,9 -e {cycles:u,instructions:u,branches:u,branch-misses:u} -t 1302853
benchmark-stdout:
workload: detector=512x512 region=8x8 regions=4096 slopes=8192 actuators=468 matrix-bytes=15335424 memory=locked warmup=256
first-cycle: algorithms=3142864 ns sink=821 ns minor-faults=0 major-faults=0
pixel+controller+normalizer SPA callbacks: n=2000 mean=3198629.0 ns p50=3188730 ns p90=3279370 ns p99=3433529 ns p99.9=3683809 ns max=3791701 ns
scheduled submit+ALPAO sink+ASDK: n=2000 mean=556.5 ns p50=521 ns p90=772 ns p99=1142 ns p99.9=1413 ns max=1633 ns
raw detector frame to ALPAO completion: n=2000 mean=3199185.5 ns p50=3189191 ns p90=3280282 ns p99=3434351 ns p99.9=3684841 ns max=3792552 ns
benchmark-stderr:
perf-stdout:
perf-stderr:
Events disabled
Events enabled
Events disabled


$ GLIBC_TUNABLES=glibc.malloc.hugetlb=1 PW_BENCHMARK_MEMORY=locked chrt -f 88 taskset -c 14 /home/dgamroth/workspaces/codex/pipewire/pipewireao-spa-plugins-profiling/build-profile/spa/plugins/calculon/spa-calculon-full-system-test /home/dgamroth/workspaces/codex/pipewire/pipewireao-spa-plugins-profiling/build-profile/spa/plugins/calculon/libspa-calculon.so /home/dgamroth/workspaces/codex/pipewire/pipewireao-spa-plugins-profiling/build-profile/spa/plugins/alpao/libspa-alpao-mock.so mock 2000 468  512 512 8 8
$ perf stat --no-big-num -x ; --output /home/dgamroth/workspaces/codex/pipewire/pipewireao-spa-plugins-profiling/docs/benchmark-data/calculon-system-memory-pmu-2026-08-25-record/stat-oxiblas-thp-locked-core-rep3.csv --delay=-1 --control=fd:4,9 -e {cycles:u,instructions:u,branches:u,branch-misses:u} -t 1302969
benchmark-stdout:
workload: detector=512x512 region=8x8 regions=4096 slopes=8192 actuators=468 matrix-bytes=15335424 memory=locked warmup=256
first-cycle: algorithms=1139557 ns sink=732 ns minor-faults=0 major-faults=0
pixel+controller+normalizer SPA callbacks: n=2000 mean=1100399.3 ns p50=1086758 ns p90=1161287 ns p99=1279670 ns p99.9=1519059 ns max=1926994 ns
scheduled submit+ALPAO sink+ASDK: n=2000 mean=552.8 ns p50=511 ns p90=731 ns p99=1022 ns p99.9=1513 ns max=9578 ns
raw detector frame to ALPAO completion: n=2000 mean=1100952.1 ns p50=1087279 ns p90=1161959 ns p99=1280501 ns p99.9=1519830 ns max=1928296 ns
benchmark-stderr:
perf-stdout:
perf-stderr:
Events disabled
Events enabled
Events disabled


$ GLIBC_TUNABLES=glibc.malloc.hugetlb=0 PW_BENCHMARK_MEMORY=locked chrt -f 88 taskset -c 14 /home/dgamroth/workspaces/codex/pipewire/pipewireao-spa-plugins-profiling/build-profile/spa/plugins/calculon/spa-calculon-full-system-test /home/dgamroth/workspaces/codex/pipewire/pipewireao-spa-plugins-profiling/build-profile-scalar/spa/plugins/calculon/libspa-calculon.so /home/dgamroth/workspaces/codex/pipewire/pipewireao-spa-plugins-profiling/build-profile/spa/plugins/alpao/libspa-alpao-mock.so mock 2000 468  512 512 8 8
$ perf stat --no-big-num -x ; --output /home/dgamroth/workspaces/codex/pipewire/pipewireao-spa-plugins-profiling/docs/benchmark-data/calculon-system-memory-pmu-2026-08-25-record/stat-scalar-base-locked-faults-rep3.csv --delay=-1 --control=fd:4,9 -e {page-faults,minor-faults,major-faults,context-switches,cpu-migrations} -t 1303035
benchmark-stdout:
workload: detector=512x512 region=8x8 regions=4096 slopes=8192 actuators=468 matrix-bytes=15335424 memory=locked warmup=256
first-cycle: algorithms=3152562 ns sink=911 ns minor-faults=0 major-faults=0
pixel+controller+normalizer SPA callbacks: n=2000 mean=3193408.3 ns p50=3187147 ns p90=3265404 ns p99=3463516 ns p99.9=3605321 ns max=4052971 ns
scheduled submit+ALPAO sink+ASDK: n=2000 mean=627.9 ns p50=571 ns p90=882 ns p99=1393 ns p99.9=1773 ns max=1913 ns
raw detector frame to ALPAO completion: n=2000 mean=3194036.2 ns p50=3187848 ns p90=3266065 ns p99=3464367 ns p99.9=3606814 ns max=4054444 ns
benchmark-stderr:
perf-stdout:
perf-stderr:
Events disabled
Events enabled
Events disabled


$ GLIBC_TUNABLES=glibc.malloc.hugetlb=1 PW_BENCHMARK_MEMORY=prefault chrt -f 88 taskset -c 14 /home/dgamroth/workspaces/codex/pipewire/pipewireao-spa-plugins-profiling/build-profile/spa/plugins/calculon/spa-calculon-full-system-test /home/dgamroth/workspaces/codex/pipewire/pipewireao-spa-plugins-profiling/build-profile-scalar/spa/plugins/calculon/libspa-calculon.so /home/dgamroth/workspaces/codex/pipewire/pipewireao-spa-plugins-profiling/build-profile/spa/plugins/alpao/libspa-alpao-mock.so mock 2000 468  512 512 8 8
$ perf stat --no-big-num -x ; --output /home/dgamroth/workspaces/codex/pipewire/pipewireao-spa-plugins-profiling/docs/benchmark-data/calculon-system-memory-pmu-2026-08-25-record/stat-scalar-thp-prefault-l2-rep3.csv --delay=-1 --control=fd:4,9 -e {cycles:u,instructions:u,l2_request_g1.all_no_prefetch:u,l2_cache_req_stat.ic_dc_miss_in_l2:u} -t 1303167
benchmark-stdout:
workload: detector=512x512 region=8x8 regions=4096 slopes=8192 actuators=468 matrix-bytes=15335424 memory=prefault warmup=256
first-cycle: algorithms=3205853 ns sink=751 ns minor-faults=0 major-faults=0
pixel+controller+normalizer SPA callbacks: n=2000 mean=3187464.6 ns p50=3176678 ns p90=3265203 ns p99=3420044 ns p99.9=3640347 ns max=3849449 ns
scheduled submit+ALPAO sink+ASDK: n=2000 mean=579.9 ns p50=531 ns p90=831 ns p99=1142 ns p99.9=1573 ns max=1844 ns
raw detector frame to ALPAO completion: n=2000 mean=3188044.5 ns p50=3177178 ns p90=3265765 ns p99=3420916 ns p99.9=3641339 ns max=3850862 ns
benchmark-stderr:
perf-stdout:
perf-stderr:
Events disabled
Events enabled
Events disabled


$ GLIBC_TUNABLES=glibc.malloc.hugetlb=1 PW_BENCHMARK_MEMORY=default chrt -f 88 taskset -c 14 /home/dgamroth/workspaces/codex/pipewire/pipewireao-spa-plugins-profiling/build-profile/spa/plugins/calculon/spa-calculon-full-system-test /home/dgamroth/workspaces/codex/pipewire/pipewireao-spa-plugins-profiling/build-profile-scalar/spa/plugins/calculon/libspa-calculon.so /home/dgamroth/workspaces/codex/pipewire/pipewireao-spa-plugins-profiling/build-profile/spa/plugins/alpao/libspa-alpao-mock.so mock 2000 468  512 512 8 8
$ perf stat --no-big-num -x ; --output /home/dgamroth/workspaces/codex/pipewire/pipewireao-spa-plugins-profiling/docs/benchmark-data/calculon-system-memory-pmu-2026-08-25-record/stat-scalar-thp-default-dtlb-rep3.csv --delay=-1 --control=fd:4,9 -e {cycles:u,instructions:u,l1_dtlb_misses:u,l2_dtlb_misses:u} -t 1303276
benchmark-stdout:
workload: detector=512x512 region=8x8 regions=4096 slopes=8192 actuators=468 matrix-bytes=15335424 memory=default warmup=256
first-cycle: algorithms=3208197 ns sink=702 ns minor-faults=1 major-faults=0
pixel+controller+normalizer SPA callbacks: n=2000 mean=3187662.0 ns p50=3174854 ns p90=3261146 ns p99=3466441 ns p99.9=3778977 ns max=3947984 ns
scheduled submit+ALPAO sink+ASDK: n=2000 mean=575.0 ns p50=521 ns p90=792 ns p99=1232 ns p99.9=1833 ns max=5731 ns
raw detector frame to ALPAO completion: n=2000 mean=3188237.0 ns p50=3175545 ns p90=3261717 ns p99=3467333 ns p99.9=3779548 ns max=3948565 ns
benchmark-stderr:
perf-stdout:
perf-stderr:
Events disabled
Events enabled
Events disabled


$ GLIBC_TUNABLES=glibc.malloc.hugetlb=1 PW_BENCHMARK_MEMORY=locked chrt -f 88 taskset -c 14 /home/dgamroth/workspaces/codex/pipewire/pipewireao-spa-plugins-profiling/build-profile/spa/plugins/calculon/spa-calculon-full-system-test /home/dgamroth/workspaces/codex/pipewire/pipewireao-spa-plugins-profiling/build-profile/spa/plugins/calculon/libspa-calculon.so /home/dgamroth/workspaces/codex/pipewire/pipewireao-spa-plugins-profiling/build-profile/spa/plugins/alpao/libspa-alpao-mock.so mock 2000 468  512 512 8 8
$ perf stat --no-big-num -x ; --output /home/dgamroth/workspaces/codex/pipewire/pipewireao-spa-plugins-profiling/docs/benchmark-data/calculon-system-memory-pmu-2026-08-25-record/stat-oxiblas-thp-locked-l1d-rep3.csv --delay=-1 --control=fd:4,9 -e {cycles:u,instructions:u,L1-dcache-loads:u,L1-dcache-load-misses:u} -t 1303415
benchmark-stdout:
workload: detector=512x512 region=8x8 regions=4096 slopes=8192 actuators=468 matrix-bytes=15335424 memory=locked warmup=256
first-cycle: algorithms=1267177 ns sink=751 ns minor-faults=0 major-faults=0
pixel+controller+normalizer SPA callbacks: n=2000 mean=1107240.2 ns p50=1091107 ns p90=1167480 ns p99=1315056 ns p99.9=1603107 ns max=1722661 ns
scheduled submit+ALPAO sink+ASDK: n=2000 mean=533.6 ns p50=471 ns p90=712 ns p99=1052 ns p99.9=1433 ns max=9849 ns
raw detector frame to ALPAO completion: n=2000 mean=1107773.7 ns p50=1091548 ns p90=1168291 ns p99=1316048 ns p99.9=1603838 ns max=1724134 ns
benchmark-stderr:
perf-stdout:
perf-stderr:
Events disabled
Events enabled
Events disabled


$ GLIBC_TUNABLES=glibc.malloc.hugetlb=2 PW_BENCHMARK_MEMORY=locked chrt -f 88 taskset -c 14 /home/dgamroth/workspaces/codex/pipewire/pipewireao-spa-plugins-profiling/build-profile/spa/plugins/calculon/spa-calculon-full-system-test /home/dgamroth/workspaces/codex/pipewire/pipewireao-spa-plugins-profiling/build-profile/spa/plugins/calculon/libspa-calculon.so /home/dgamroth/workspaces/codex/pipewire/pipewireao-spa-plugins-profiling/build-profile/spa/plugins/alpao/libspa-alpao-mock.so mock 2000 468  512 512 8 8
$ perf stat --no-big-num -x ; --output /home/dgamroth/workspaces/codex/pipewire/pipewireao-spa-plugins-profiling/docs/benchmark-data/calculon-system-memory-pmu-2026-08-25-record/stat-oxiblas-hugetlb-locked-core-rep3.csv --delay=-1 --control=fd:4,9 -e {cycles:u,instructions:u,branches:u,branch-misses:u} -t 1303475
benchmark-stdout:
workload: detector=512x512 region=8x8 regions=4096 slopes=8192 actuators=468 matrix-bytes=15335424 memory=locked warmup=256
first-cycle: algorithms=1278167 ns sink=631 ns minor-faults=0 major-faults=0
pixel+controller+normalizer SPA callbacks: n=2000 mean=1123972.1 ns p50=1105995 ns p90=1187087 ns p99=1394064 ns p99.9=1763999 ns max=1894984 ns
scheduled submit+ALPAO sink+ASDK: n=2000 mean=499.4 ns p50=460 ns p90=611 ns p99=1022 ns p99.9=1393 ns max=5000 ns
raw detector frame to ALPAO completion: n=2000 mean=1124471.5 ns p50=1106505 ns p90=1187728 ns p99=1394645 ns p99.9=1765201 ns max=1896186 ns
benchmark-stderr:
perf-stdout:
perf-stderr:
Events disabled
Events enabled
Events disabled


$ GLIBC_TUNABLES=glibc.malloc.hugetlb=0 PW_BENCHMARK_MEMORY=default chrt -f 88 taskset -c 14 /home/dgamroth/workspaces/codex/pipewire/pipewireao-spa-plugins-profiling/build-profile/spa/plugins/calculon/spa-calculon-full-system-test /home/dgamroth/workspaces/codex/pipewire/pipewireao-spa-plugins-profiling/build-profile/spa/plugins/calculon/libspa-calculon.so /home/dgamroth/workspaces/codex/pipewire/pipewireao-spa-plugins-profiling/build-profile/spa/plugins/alpao/libspa-alpao-mock.so mock 2000 468  512 512 8 8
$ perf stat --no-big-num -x ; --output /home/dgamroth/workspaces/codex/pipewire/pipewireao-spa-plugins-profiling/docs/benchmark-data/calculon-system-memory-pmu-2026-08-25-record/stat-oxiblas-base-default-dtlb-rep3.csv --delay=-1 --control=fd:4,9 -e {cycles:u,instructions:u,l1_dtlb_misses:u,l2_dtlb_misses:u} -t 1303544
benchmark-stdout:
workload: detector=512x512 region=8x8 regions=4096 slopes=8192 actuators=468 matrix-bytes=15335424 memory=default warmup=256
first-cycle: algorithms=1278318 ns sink=902 ns minor-faults=1 major-faults=0
pixel+controller+normalizer SPA callbacks: n=2000 mean=1113908.7 ns p50=1096507 ns p90=1184542 ns p99=1308795 ns p99.9=1766733 ns max=1803312 ns
scheduled submit+ALPAO sink+ASDK: n=2000 mean=563.8 ns p50=531 ns p90=671 ns p99=1172 ns p99.9=1823 ns max=7574 ns
raw detector frame to ALPAO completion: n=2000 mean=1114472.5 ns p50=1097048 ns p90=1185093 ns p99=1309446 ns p99.9=1768086 ns max=1805135 ns
benchmark-stderr:
perf-stdout:
perf-stderr:
Events disabled
Events enabled
Events disabled


$ GLIBC_TUNABLES=glibc.malloc.hugetlb=1 PW_BENCHMARK_MEMORY=prefault chrt -f 88 taskset -c 14 /home/dgamroth/workspaces/codex/pipewire/pipewireao-spa-plugins-profiling/build-profile/spa/plugins/calculon/spa-calculon-full-system-test /home/dgamroth/workspaces/codex/pipewire/pipewireao-spa-plugins-profiling/build-profile/spa/plugins/calculon/libspa-calculon.so /home/dgamroth/workspaces/codex/pipewire/pipewireao-spa-plugins-profiling/build-profile/spa/plugins/alpao/libspa-alpao-mock.so mock 2000 468  512 512 8 8
$ perf stat --no-big-num -x ; --output /home/dgamroth/workspaces/codex/pipewire/pipewireao-spa-plugins-profiling/docs/benchmark-data/calculon-system-memory-pmu-2026-08-25-record/stat-oxiblas-thp-prefault-l2-rep3.csv --delay=-1 --control=fd:4,9 -e {cycles:u,instructions:u,l2_request_g1.all_no_prefetch:u,l2_cache_req_stat.ic_dc_miss_in_l2:u} -t 1303605
benchmark-stdout:
workload: detector=512x512 region=8x8 regions=4096 slopes=8192 actuators=468 matrix-bytes=15335424 memory=prefault warmup=256
first-cycle: algorithms=1236358 ns sink=811 ns minor-faults=0 major-faults=0
pixel+controller+normalizer SPA callbacks: n=2000 mean=1101255.9 ns p50=1085395 ns p90=1159224 ns p99=1315036 ns p99.9=1598578 ns max=1887449 ns
scheduled submit+ALPAO sink+ASDK: n=2000 mean=553.8 ns p50=541 ns p90=691 ns p99=1042 ns p99.9=1423 ns max=1723 ns
raw detector frame to ALPAO completion: n=2000 mean=1101809.7 ns p50=1085986 ns p90=1159765 ns p99=1315557 ns p99.9=1599249 ns max=1888872 ns
benchmark-stderr:
perf-stdout:
perf-stderr:
Events disabled
Events enabled
Events disabled


$ GLIBC_TUNABLES=glibc.malloc.hugetlb=1 PW_BENCHMARK_MEMORY=prefault chrt -f 88 taskset -c 14 /home/dgamroth/workspaces/codex/pipewire/pipewireao-spa-plugins-profiling/build-profile/spa/plugins/calculon/spa-calculon-full-system-test /home/dgamroth/workspaces/codex/pipewire/pipewireao-spa-plugins-profiling/build-profile/spa/plugins/calculon/libspa-calculon.so /home/dgamroth/workspaces/codex/pipewire/pipewireao-spa-plugins-profiling/build-profile/spa/plugins/alpao/libspa-alpao-mock.so mock 2000 468  512 512 8 8
$ perf stat --no-big-num -x ; --output /home/dgamroth/workspaces/codex/pipewire/pipewireao-spa-plugins-profiling/docs/benchmark-data/calculon-system-memory-pmu-2026-08-25-record/stat-oxiblas-thp-prefault-l1d-rep3.csv --delay=-1 --control=fd:4,9 -e {cycles:u,instructions:u,L1-dcache-loads:u,L1-dcache-load-misses:u} -t 1303665
benchmark-stdout:
workload: detector=512x512 region=8x8 regions=4096 slopes=8192 actuators=468 matrix-bytes=15335424 memory=prefault warmup=256
first-cycle: algorithms=1244203 ns sink=601 ns minor-faults=0 major-faults=0
pixel+controller+normalizer SPA callbacks: n=2000 mean=1104942.3 ns p50=1087800 ns p90=1162250 ns p99=1453325 ns p99.9=1664872 ns max=1936722 ns
scheduled submit+ALPAO sink+ASDK: n=2000 mean=572.9 ns p50=541 ns p90=781 ns p99=1052 ns p99.9=1443 ns max=1703 ns
raw detector frame to ALPAO completion: n=2000 mean=1105515.2 ns p50=1088351 ns p90=1162711 ns p99=1454046 ns p99.9=1665513 ns max=1938045 ns
benchmark-stderr:
perf-stdout:
perf-stderr:
Events disabled
Events enabled
Events disabled


$ GLIBC_TUNABLES=glibc.malloc.hugetlb=1 PW_BENCHMARK_MEMORY=default chrt -f 88 taskset -c 14 /home/dgamroth/workspaces/codex/pipewire/pipewireao-spa-plugins-profiling/build-profile/spa/plugins/calculon/spa-calculon-full-system-test /home/dgamroth/workspaces/codex/pipewire/pipewireao-spa-plugins-profiling/build-profile-scalar/spa/plugins/calculon/libspa-calculon.so /home/dgamroth/workspaces/codex/pipewire/pipewireao-spa-plugins-profiling/build-profile/spa/plugins/alpao/libspa-alpao-mock.so mock 2000 468  512 512 8 8
$ perf stat --no-big-num -x ; --output /home/dgamroth/workspaces/codex/pipewire/pipewireao-spa-plugins-profiling/docs/benchmark-data/calculon-system-memory-pmu-2026-08-25-record/stat-scalar-thp-default-l2-rep3.csv --delay=-1 --control=fd:4,9 -e {cycles:u,instructions:u,l2_request_g1.all_no_prefetch:u,l2_cache_req_stat.ic_dc_miss_in_l2:u} -t 1303710
benchmark-stdout:
workload: detector=512x512 region=8x8 regions=4096 slopes=8192 actuators=468 matrix-bytes=15335424 memory=default warmup=256
first-cycle: algorithms=3249314 ns sink=1302 ns minor-faults=1 major-faults=0
pixel+controller+normalizer SPA callbacks: n=2000 mean=3182608.9 ns p50=3168743 ns p90=3259803 ns p99=3504933 ns p99.9=3632632 ns max=3728212 ns
scheduled submit+ALPAO sink+ASDK: n=2000 mean=557.2 ns p50=491 ns p90=781 ns p99=1383 ns p99.9=2344 ns max=2806 ns
raw detector frame to ALPAO completion: n=2000 mean=3183166.1 ns p50=3169213 ns p90=3260284 ns p99=3505895 ns p99.9=3634015 ns max=3729014 ns
benchmark-stderr:
perf-stdout:
perf-stderr:
Events disabled
Events enabled
Events disabled


$ GLIBC_TUNABLES=glibc.malloc.hugetlb=2 PW_BENCHMARK_MEMORY=locked chrt -f 88 taskset -c 14 /home/dgamroth/workspaces/codex/pipewire/pipewireao-spa-plugins-profiling/build-profile/spa/plugins/calculon/spa-calculon-full-system-test /home/dgamroth/workspaces/codex/pipewire/pipewireao-spa-plugins-profiling/build-profile/spa/plugins/calculon/libspa-calculon.so /home/dgamroth/workspaces/codex/pipewire/pipewireao-spa-plugins-profiling/build-profile/spa/plugins/alpao/libspa-alpao-mock.so mock 2000 468  512 512 8 8
$ perf stat --no-big-num -x ; --output /home/dgamroth/workspaces/codex/pipewire/pipewireao-spa-plugins-profiling/docs/benchmark-data/calculon-system-memory-pmu-2026-08-25-record/stat-oxiblas-hugetlb-locked-dtlb-rep3.csv --delay=-1 --control=fd:4,9 -e {cycles:u,instructions:u,l1_dtlb_misses:u,l2_dtlb_misses:u} -t 1303818
benchmark-stdout:
workload: detector=512x512 region=8x8 regions=4096 slopes=8192 actuators=468 matrix-bytes=15335424 memory=locked warmup=256
first-cycle: algorithms=1400296 ns sink=801 ns minor-faults=0 major-faults=0
pixel+controller+normalizer SPA callbacks: n=2000 mean=1119475.7 ns p50=1108118 ns p90=1173541 ns p99=1265613 ns p99.9=1396690 ns max=2011051 ns
scheduled submit+ALPAO sink+ASDK: n=2000 mean=493.7 ns p50=460 ns p90=581 ns p99=871 ns p99.9=1333 ns max=1423 ns
raw detector frame to ALPAO completion: n=2000 mean=1119969.4 ns p50=1108589 ns p90=1174062 ns p99=1266064 ns p99.9=1397241 ns max=2012274 ns
benchmark-stderr:
perf-stdout:
perf-stderr:
Events disabled
Events enabled
Events disabled


$ GLIBC_TUNABLES=glibc.malloc.hugetlb=2 PW_BENCHMARK_MEMORY=prefault chrt -f 88 taskset -c 14 /home/dgamroth/workspaces/codex/pipewire/pipewireao-spa-plugins-profiling/build-profile/spa/plugins/calculon/spa-calculon-full-system-test /home/dgamroth/workspaces/codex/pipewire/pipewireao-spa-plugins-profiling/build-profile-scalar/spa/plugins/calculon/libspa-calculon.so /home/dgamroth/workspaces/codex/pipewire/pipewireao-spa-plugins-profiling/build-profile/spa/plugins/alpao/libspa-alpao-mock.so mock 2000 468  512 512 8 8
$ perf stat --no-big-num -x ; --output /home/dgamroth/workspaces/codex/pipewire/pipewireao-spa-plugins-profiling/docs/benchmark-data/calculon-system-memory-pmu-2026-08-25-record/stat-scalar-hugetlb-prefault-dtlb-rep3.csv --delay=-1 --control=fd:4,9 -e {cycles:u,instructions:u,l1_dtlb_misses:u,l2_dtlb_misses:u} -t 1303861
benchmark-stdout:
workload: detector=512x512 region=8x8 regions=4096 slopes=8192 actuators=468 matrix-bytes=15335424 memory=prefault warmup=256
first-cycle: algorithms=3212706 ns sink=741 ns minor-faults=0 major-faults=0
pixel+controller+normalizer SPA callbacks: n=2000 mean=3230924.2 ns p50=3220379 ns p90=3300259 ns p99=3469086 ns p99.9=3957633 ns max=4006864 ns
scheduled submit+ALPAO sink+ASDK: n=2000 mean=524.1 ns p50=461 ns p90=682 ns p99=1102 ns p99.9=1392 ns max=1773 ns
raw detector frame to ALPAO completion: n=2000 mean=3231448.3 ns p50=3220851 ns p90=3300740 ns p99=3469587 ns p99.9=3958464 ns max=4008107 ns
benchmark-stderr:
perf-stdout:
perf-stderr:
Events disabled
Events enabled
Events disabled


$ GLIBC_TUNABLES=glibc.malloc.hugetlb=0 PW_BENCHMARK_MEMORY=default chrt -f 88 taskset -c 14 /home/dgamroth/workspaces/codex/pipewire/pipewireao-spa-plugins-profiling/build-profile/spa/plugins/calculon/spa-calculon-full-system-test /home/dgamroth/workspaces/codex/pipewire/pipewireao-spa-plugins-profiling/build-profile/spa/plugins/calculon/libspa-calculon.so /home/dgamroth/workspaces/codex/pipewire/pipewireao-spa-plugins-profiling/build-profile/spa/plugins/alpao/libspa-alpao-mock.so mock 2000 468  512 512 8 8
$ perf stat --no-big-num -x ; --output /home/dgamroth/workspaces/codex/pipewire/pipewireao-spa-plugins-profiling/docs/benchmark-data/calculon-system-memory-pmu-2026-08-25-record/stat-oxiblas-base-default-core-rep3.csv --delay=-1 --control=fd:4,9 -e {cycles:u,instructions:u,branches:u,branch-misses:u} -t 1304011
benchmark-stdout:
workload: detector=512x512 region=8x8 regions=4096 slopes=8192 actuators=468 matrix-bytes=15335424 memory=default warmup=256
first-cycle: algorithms=1232111 ns sink=631 ns minor-faults=1 major-faults=0
pixel+controller+normalizer SPA callbacks: n=2000 mean=1108369.6 ns p50=1095163 ns p90=1167339 ns p99=1349170 ns p99.9=1544346 ns max=1901897 ns
scheduled submit+ALPAO sink+ASDK: n=2000 mean=569.9 ns p50=551 ns p90=691 ns p99=1122 ns p99.9=1643 ns max=7835 ns
raw detector frame to ALPAO completion: n=2000 mean=1108939.5 ns p50=1095724 ns p90=1168031 ns p99=1349892 ns p99.9=1544978 ns max=1903530 ns
benchmark-stderr:
perf-stdout:
perf-stderr:
Events disabled
Events enabled
Events disabled


$ GLIBC_TUNABLES=glibc.malloc.hugetlb=1 PW_BENCHMARK_MEMORY=prefault chrt -f 88 taskset -c 14 /home/dgamroth/workspaces/codex/pipewire/pipewireao-spa-plugins-profiling/build-profile/spa/plugins/calculon/spa-calculon-full-system-test /home/dgamroth/workspaces/codex/pipewire/pipewireao-spa-plugins-profiling/build-profile-scalar/spa/plugins/calculon/libspa-calculon.so /home/dgamroth/workspaces/codex/pipewire/pipewireao-spa-plugins-profiling/build-profile/spa/plugins/alpao/libspa-alpao-mock.so mock 2000 468  512 512 8 8
$ perf stat --no-big-num -x ; --output /home/dgamroth/workspaces/codex/pipewire/pipewireao-spa-plugins-profiling/docs/benchmark-data/calculon-system-memory-pmu-2026-08-25-record/stat-scalar-thp-prefault-faults-rep3.csv --delay=-1 --control=fd:4,9 -e {page-faults,minor-faults,major-faults,context-switches,cpu-migrations} -t 1304075
benchmark-stdout:
workload: detector=512x512 region=8x8 regions=4096 slopes=8192 actuators=468 matrix-bytes=15335424 memory=prefault warmup=256
first-cycle: algorithms=3227693 ns sink=1152 ns minor-faults=0 major-faults=0
pixel+controller+normalizer SPA callbacks: n=2000 mean=3193752.0 ns p50=3187117 ns p90=3258892 ns p99=3411017 ns p99.9=3659563 ns max=4041189 ns
scheduled submit+ALPAO sink+ASDK: n=2000 mean=592.8 ns p50=541 ns p90=781 ns p99=1162 ns p99.9=1493 ns max=2204 ns
raw detector frame to ALPAO completion: n=2000 mean=3194344.8 ns p50=3187708 ns p90=3259623 ns p99=3411718 ns p99.9=3660245 ns max=4042631 ns
benchmark-stderr:
perf-stdout:
perf-stderr:
Events disabled
Events enabled
Events disabled


$ GLIBC_TUNABLES=glibc.malloc.hugetlb=1 PW_BENCHMARK_MEMORY=default chrt -f 88 taskset -c 14 /home/dgamroth/workspaces/codex/pipewire/pipewireao-spa-plugins-profiling/build-profile/spa/plugins/calculon/spa-calculon-full-system-test /home/dgamroth/workspaces/codex/pipewire/pipewireao-spa-plugins-profiling/build-profile/spa/plugins/calculon/libspa-calculon.so /home/dgamroth/workspaces/codex/pipewire/pipewireao-spa-plugins-profiling/build-profile/spa/plugins/alpao/libspa-alpao-mock.so mock 2000 468  512 512 8 8
$ perf stat --no-big-num -x ; --output /home/dgamroth/workspaces/codex/pipewire/pipewireao-spa-plugins-profiling/docs/benchmark-data/calculon-system-memory-pmu-2026-08-25-record/stat-oxiblas-thp-default-faults-rep3.csv --delay=-1 --control=fd:4,9 -e {page-faults,minor-faults,major-faults,context-switches,cpu-migrations} -t 1304202
benchmark-stdout:
workload: detector=512x512 region=8x8 regions=4096 slopes=8192 actuators=468 matrix-bytes=15335424 memory=default warmup=256
first-cycle: algorithms=1307442 ns sink=951 ns minor-faults=1 major-faults=0
pixel+controller+normalizer SPA callbacks: n=2000 mean=1108505.7 ns p50=1089613 ns p90=1181576 ns p99=1335384 ns p99.9=1693506 ns max=1871340 ns
scheduled submit+ALPAO sink+ASDK: n=2000 mean=539.7 ns p50=501 ns p90=661 ns p99=1002 ns p99.9=1383 ns max=1864 ns
raw detector frame to ALPAO completion: n=2000 mean=1109045.4 ns p50=1090114 ns p90=1182307 ns p99=1336296 ns p99.9=1694879 ns max=1872762 ns
benchmark-stderr:
perf-stdout:
perf-stderr:
Events disabled
Events enabled
Events disabled


$ GLIBC_TUNABLES=glibc.malloc.hugetlb=0 PW_BENCHMARK_MEMORY=default chrt -f 88 taskset -c 14 /home/dgamroth/workspaces/codex/pipewire/pipewireao-spa-plugins-profiling/build-profile/spa/plugins/calculon/spa-calculon-full-system-test /home/dgamroth/workspaces/codex/pipewire/pipewireao-spa-plugins-profiling/build-profile-scalar/spa/plugins/calculon/libspa-calculon.so /home/dgamroth/workspaces/codex/pipewire/pipewireao-spa-plugins-profiling/build-profile/spa/plugins/alpao/libspa-alpao-mock.so mock 2000 468  512 512 8 8
$ perf stat --no-big-num -x ; --output /home/dgamroth/workspaces/codex/pipewire/pipewireao-spa-plugins-profiling/docs/benchmark-data/calculon-system-memory-pmu-2026-08-25-record/stat-scalar-base-default-faults-rep3.csv --delay=-1 --control=fd:4,9 -e {page-faults,minor-faults,major-faults,context-switches,cpu-migrations} -t 1304251
benchmark-stdout:
workload: detector=512x512 region=8x8 regions=4096 slopes=8192 actuators=468 matrix-bytes=15335424 memory=default warmup=256
first-cycle: algorithms=3193670 ns sink=742 ns minor-faults=1 major-faults=0
pixel+controller+normalizer SPA callbacks: n=2000 mean=3186925.3 ns p50=3179202 ns p90=3254984 ns p99=3396590 ns p99.9=3640347 ns max=6576113 ns
scheduled submit+ALPAO sink+ASDK: n=2000 mean=546.1 ns p50=521 ns p90=702 ns p99=1032 ns p99.9=1422 ns max=1533 ns
raw detector frame to ALPAO completion: n=2000 mean=3187471.4 ns p50=3179703 ns p90=3255566 ns p99=3397171 ns p99.9=3640988 ns max=6576885 ns
benchmark-stderr:
perf-stdout:
perf-stderr:
Events disabled
Events enabled
Events disabled


$ GLIBC_TUNABLES=glibc.malloc.hugetlb=2 PW_BENCHMARK_MEMORY=locked chrt -f 88 taskset -c 14 /home/dgamroth/workspaces/codex/pipewire/pipewireao-spa-plugins-profiling/build-profile/spa/plugins/calculon/spa-calculon-full-system-test /home/dgamroth/workspaces/codex/pipewire/pipewireao-spa-plugins-profiling/build-profile/spa/plugins/calculon/libspa-calculon.so /home/dgamroth/workspaces/codex/pipewire/pipewireao-spa-plugins-profiling/build-profile/spa/plugins/alpao/libspa-alpao-mock.so mock 2000 468  512 512 8 8
$ perf stat --no-big-num -x ; --output /home/dgamroth/workspaces/codex/pipewire/pipewireao-spa-plugins-profiling/docs/benchmark-data/calculon-system-memory-pmu-2026-08-25-record/stat-oxiblas-hugetlb-locked-l2-rep3.csv --delay=-1 --control=fd:4,9 -e {cycles:u,instructions:u,l2_request_g1.all_no_prefetch:u,l2_cache_req_stat.ic_dc_miss_in_l2:u} -t 1304361
benchmark-stdout:
workload: detector=512x512 region=8x8 regions=4096 slopes=8192 actuators=468 matrix-bytes=15335424 memory=locked warmup=256
first-cycle: algorithms=1402110 ns sink=802 ns minor-faults=0 major-faults=0
pixel+controller+normalizer SPA callbacks: n=2000 mean=1109777.7 ns p50=1092960 ns p90=1170445 ns p99=1343440 ns p99.9=1632251 ns max=2222658 ns
scheduled submit+ALPAO sink+ASDK: n=2000 mean=518.9 ns p50=511 ns p90=612 ns p99=982 ns p99.9=1593 ns max=2124 ns
raw detector frame to ALPAO completion: n=2000 mean=1110296.6 ns p50=1093411 ns p90=1170946 ns p99=1344141 ns p99.9=1632882 ns max=2223990 ns
benchmark-stderr:
perf-stdout:
perf-stderr:
Events disabled
Events enabled
Events disabled


$ GLIBC_TUNABLES=glibc.malloc.hugetlb=0 PW_BENCHMARK_MEMORY=prefault chrt -f 88 taskset -c 14 /home/dgamroth/workspaces/codex/pipewire/pipewireao-spa-plugins-profiling/build-profile/spa/plugins/calculon/spa-calculon-full-system-test /home/dgamroth/workspaces/codex/pipewire/pipewireao-spa-plugins-profiling/build-profile/spa/plugins/calculon/libspa-calculon.so /home/dgamroth/workspaces/codex/pipewire/pipewireao-spa-plugins-profiling/build-profile/spa/plugins/alpao/libspa-alpao-mock.so mock 2000 468  512 512 8 8
$ perf stat --no-big-num -x ; --output /home/dgamroth/workspaces/codex/pipewire/pipewireao-spa-plugins-profiling/docs/benchmark-data/calculon-system-memory-pmu-2026-08-25-record/stat-oxiblas-base-prefault-faults-rep3.csv --delay=-1 --control=fd:4,9 -e {page-faults,minor-faults,major-faults,context-switches,cpu-migrations} -t 1304440
benchmark-stdout:
workload: detector=512x512 region=8x8 regions=4096 slopes=8192 actuators=468 matrix-bytes=15335424 memory=prefault warmup=256
first-cycle: algorithms=1546120 ns sink=1122 ns minor-faults=0 major-faults=0
pixel+controller+normalizer SPA callbacks: n=2000 mean=1100125.8 ns p50=1086287 ns p90=1162090 ns p99=1276113 ns p99.9=1365481 ns max=1665052 ns
scheduled submit+ALPAO sink+ASDK: n=2000 mean=526.3 ns p50=491 ns p90=651 ns p99=1012 ns p99.9=1382 ns max=1934 ns
raw detector frame to ALPAO completion: n=2000 mean=1100652.0 ns p50=1086818 ns p90=1162650 ns p99=1276734 ns p99.9=1366263 ns max=1666585 ns
benchmark-stderr:
perf-stdout:
perf-stderr:
Events disabled
Events enabled
Events disabled


$ GLIBC_TUNABLES=glibc.malloc.hugetlb=0 PW_BENCHMARK_MEMORY=prefault chrt -f 88 taskset -c 14 /home/dgamroth/workspaces/codex/pipewire/pipewireao-spa-plugins-profiling/build-profile/spa/plugins/calculon/spa-calculon-full-system-test /home/dgamroth/workspaces/codex/pipewire/pipewireao-spa-plugins-profiling/build-profile-scalar/spa/plugins/calculon/libspa-calculon.so /home/dgamroth/workspaces/codex/pipewire/pipewireao-spa-plugins-profiling/build-profile/spa/plugins/alpao/libspa-alpao-mock.so mock 2000 468  512 512 8 8
$ perf stat --no-big-num -x ; --output /home/dgamroth/workspaces/codex/pipewire/pipewireao-spa-plugins-profiling/docs/benchmark-data/calculon-system-memory-pmu-2026-08-25-record/stat-scalar-base-prefault-faults-rep3.csv --delay=-1 --control=fd:4,9 -e {page-faults,minor-faults,major-faults,context-switches,cpu-migrations} -t 1304479
benchmark-stdout:
workload: detector=512x512 region=8x8 regions=4096 slopes=8192 actuators=468 matrix-bytes=15335424 memory=prefault warmup=256
first-cycle: algorithms=3234416 ns sink=1422 ns minor-faults=0 major-faults=0
pixel+controller+normalizer SPA callbacks: n=2000 mean=3196208.4 ns p50=3184071 ns p90=3271265 ns p99=3493492 ns p99.9=3877151 ns max=4007645 ns
scheduled submit+ALPAO sink+ASDK: n=2000 mean=608.0 ns p50=551 ns p90=852 ns p99=1273 ns p99.9=1733 ns max=2104 ns
raw detector frame to ALPAO completion: n=2000 mean=3196816.4 ns p50=3184672 ns p90=3272437 ns p99=3494624 ns p99.9=3878454 ns max=4009749 ns
benchmark-stderr:
perf-stdout:
perf-stderr:
Events disabled
Events enabled
Events disabled


$ GLIBC_TUNABLES=glibc.malloc.hugetlb=2 PW_BENCHMARK_MEMORY=prefault chrt -f 88 taskset -c 14 /home/dgamroth/workspaces/codex/pipewire/pipewireao-spa-plugins-profiling/build-profile/spa/plugins/calculon/spa-calculon-full-system-test /home/dgamroth/workspaces/codex/pipewire/pipewireao-spa-plugins-profiling/build-profile/spa/plugins/calculon/libspa-calculon.so /home/dgamroth/workspaces/codex/pipewire/pipewireao-spa-plugins-profiling/build-profile/spa/plugins/alpao/libspa-alpao-mock.so mock 2000 468  512 512 8 8
$ perf stat --no-big-num -x ; --output /home/dgamroth/workspaces/codex/pipewire/pipewireao-spa-plugins-profiling/docs/benchmark-data/calculon-system-memory-pmu-2026-08-25-record/stat-oxiblas-hugetlb-prefault-dtlb-rep3.csv --delay=-1 --control=fd:4,9 -e {cycles:u,instructions:u,l1_dtlb_misses:u,l2_dtlb_misses:u} -t 1304629
benchmark-stdout:
workload: detector=512x512 region=8x8 regions=4096 slopes=8192 actuators=468 matrix-bytes=15335424 memory=prefault warmup=256
first-cycle: algorithms=1333090 ns sink=752 ns minor-faults=0 major-faults=0
pixel+controller+normalizer SPA callbacks: n=2000 mean=1104846.6 ns p50=1093942 ns p90=1157641 ns p99=1287435 ns p99.9=1618916 ns max=1675682 ns
scheduled submit+ALPAO sink+ASDK: n=2000 mean=495.7 ns p50=461 ns p90=601 ns p99=932 ns p99.9=1252 ns max=1783 ns
raw detector frame to ALPAO completion: n=2000 mean=1105342.4 ns p50=1094392 ns p90=1158162 ns p99=1288126 ns p99.9=1620219 ns max=1676484 ns
benchmark-stderr:
perf-stdout:
perf-stderr:
Events disabled
Events enabled
Events disabled


$ GLIBC_TUNABLES=glibc.malloc.hugetlb=1 PW_BENCHMARK_MEMORY=prefault chrt -f 88 taskset -c 14 /home/dgamroth/workspaces/codex/pipewire/pipewireao-spa-plugins-profiling/build-profile/spa/plugins/calculon/spa-calculon-full-system-test /home/dgamroth/workspaces/codex/pipewire/pipewireao-spa-plugins-profiling/build-profile/spa/plugins/calculon/libspa-calculon.so /home/dgamroth/workspaces/codex/pipewire/pipewireao-spa-plugins-profiling/build-profile/spa/plugins/alpao/libspa-alpao-mock.so mock 2000 468  512 512 8 8
$ perf stat --no-big-num -x ; --output /home/dgamroth/workspaces/codex/pipewire/pipewireao-spa-plugins-profiling/docs/benchmark-data/calculon-system-memory-pmu-2026-08-25-record/stat-oxiblas-thp-prefault-core-rep3.csv --delay=-1 --control=fd:4,9 -e {cycles:u,instructions:u,branches:u,branch-misses:u} -t 1304680
benchmark-stdout:
workload: detector=512x512 region=8x8 regions=4096 slopes=8192 actuators=468 matrix-bytes=15335424 memory=prefault warmup=256
first-cycle: algorithms=1545749 ns sink=1132 ns minor-faults=0 major-faults=0
pixel+controller+normalizer SPA callbacks: n=2000 mean=1104546.4 ns p50=1089153 ns p90=1164725 ns p99=1306730 ns p99.9=1664682 ns max=1744000 ns
scheduled submit+ALPAO sink+ASDK: n=2000 mean=595.1 ns p50=551 ns p90=841 ns p99=1072 ns p99.9=1423 ns max=1713 ns
raw detector frame to ALPAO completion: n=2000 mean=1105141.4 ns p50=1089723 ns p90=1165276 ns p99=1307311 ns p99.9=1665374 ns max=1745643 ns
benchmark-stderr:
perf-stdout:
perf-stderr:
Events disabled
Events enabled
Events disabled


$ GLIBC_TUNABLES=glibc.malloc.hugetlb=2 PW_BENCHMARK_MEMORY=locked chrt -f 88 taskset -c 14 /home/dgamroth/workspaces/codex/pipewire/pipewireao-spa-plugins-profiling/build-profile/spa/plugins/calculon/spa-calculon-full-system-test /home/dgamroth/workspaces/codex/pipewire/pipewireao-spa-plugins-profiling/build-profile-scalar/spa/plugins/calculon/libspa-calculon.so /home/dgamroth/workspaces/codex/pipewire/pipewireao-spa-plugins-profiling/build-profile/spa/plugins/alpao/libspa-alpao-mock.so mock 2000 468  512 512 8 8
$ perf stat --no-big-num -x ; --output /home/dgamroth/workspaces/codex/pipewire/pipewireao-spa-plugins-profiling/docs/benchmark-data/calculon-system-memory-pmu-2026-08-25-record/stat-scalar-hugetlb-locked-faults-rep3.csv --delay=-1 --control=fd:4,9 -e {page-faults,minor-faults,major-faults,context-switches,cpu-migrations} -t 1304748
benchmark-stdout:
workload: detector=512x512 region=8x8 regions=4096 slopes=8192 actuators=468 matrix-bytes=15335424 memory=locked warmup=256
first-cycle: algorithms=3291222 ns sink=702 ns minor-faults=0 major-faults=0
pixel+controller+normalizer SPA callbacks: n=2000 mean=3221743.1 ns p50=3211923 ns p90=3292615 ns p99=3437066 ns p99.9=3625560 ns max=3691483 ns
scheduled submit+ALPAO sink+ASDK: n=2000 mean=480.7 ns p50=450 ns p90=581 ns p99=902 ns p99.9=1563 ns max=5280 ns
raw detector frame to ALPAO completion: n=2000 mean=3222223.8 ns p50=3212294 ns p90=3293106 ns p99=3437737 ns p99.9=3626381 ns max=3692134 ns
benchmark-stderr:
perf-stdout:
perf-stderr:
Events disabled
Events enabled
Events disabled


$ GLIBC_TUNABLES=glibc.malloc.hugetlb=1 PW_BENCHMARK_MEMORY=locked chrt -f 88 taskset -c 14 /home/dgamroth/workspaces/codex/pipewire/pipewireao-spa-plugins-profiling/build-profile/spa/plugins/calculon/spa-calculon-full-system-test /home/dgamroth/workspaces/codex/pipewire/pipewireao-spa-plugins-profiling/build-profile-scalar/spa/plugins/calculon/libspa-calculon.so /home/dgamroth/workspaces/codex/pipewire/pipewireao-spa-plugins-profiling/build-profile/spa/plugins/alpao/libspa-alpao-mock.so mock 2000 468  512 512 8 8
$ perf stat --no-big-num -x ; --output /home/dgamroth/workspaces/codex/pipewire/pipewireao-spa-plugins-profiling/docs/benchmark-data/calculon-system-memory-pmu-2026-08-25-record/stat-scalar-thp-locked-core-rep3.csv --delay=-1 --control=fd:4,9 -e {cycles:u,instructions:u,branches:u,branch-misses:u} -t 1304848
benchmark-stdout:
workload: detector=512x512 region=8x8 regions=4096 slopes=8192 actuators=468 matrix-bytes=15335424 memory=locked warmup=256
first-cycle: algorithms=3194671 ns sink=872 ns minor-faults=0 major-faults=0
pixel+controller+normalizer SPA callbacks: n=2000 mean=3192294.9 ns p50=3187929 ns p90=3261256 ns p99=3381391 ns p99.9=3626330 ns max=3835613 ns
scheduled submit+ALPAO sink+ASDK: n=2000 mean=549.2 ns p50=500 ns p90=761 ns p99=1143 ns p99.9=1734 ns max=4900 ns
raw detector frame to ALPAO completion: n=2000 mean=3192844.1 ns p50=3188480 ns p90=3261717 ns p99=3382192 ns p99.9=3627022 ns max=3837347 ns
benchmark-stderr:
perf-stdout:
perf-stderr:
Events disabled
Events enabled
Events disabled


$ GLIBC_TUNABLES=glibc.malloc.hugetlb=2 PW_BENCHMARK_MEMORY=default chrt -f 88 taskset -c 14 /home/dgamroth/workspaces/codex/pipewire/pipewireao-spa-plugins-profiling/build-profile/spa/plugins/calculon/spa-calculon-full-system-test /home/dgamroth/workspaces/codex/pipewire/pipewireao-spa-plugins-profiling/build-profile-scalar/spa/plugins/calculon/libspa-calculon.so /home/dgamroth/workspaces/codex/pipewire/pipewireao-spa-plugins-profiling/build-profile/spa/plugins/alpao/libspa-alpao-mock.so mock 2000 468  512 512 8 8
$ perf stat --no-big-num -x ; --output /home/dgamroth/workspaces/codex/pipewire/pipewireao-spa-plugins-profiling/docs/benchmark-data/calculon-system-memory-pmu-2026-08-25-record/stat-scalar-hugetlb-default-dtlb-rep3.csv --delay=-1 --control=fd:4,9 -e {cycles:u,instructions:u,l1_dtlb_misses:u,l2_dtlb_misses:u} -t 1304997
benchmark-stdout:
workload: detector=512x512 region=8x8 regions=4096 slopes=8192 actuators=468 matrix-bytes=15335424 memory=default warmup=256
first-cycle: algorithms=3200692 ns sink=601 ns minor-faults=1 major-faults=0
pixel+controller+normalizer SPA callbacks: n=2000 mean=3232170.1 ns p50=3224708 ns p90=3295580 ns p99=3409033 ns p99.9=3817359 ns max=4012746 ns
scheduled submit+ALPAO sink+ASDK: n=2000 mean=524.9 ns p50=470 ns p90=691 ns p99=1042 ns p99.9=1413 ns max=4870 ns
raw detector frame to ALPAO completion: n=2000 mean=3232694.9 ns p50=3225239 ns p90=3296111 ns p99=3409795 ns p99.9=3818281 ns max=4014088 ns
benchmark-stderr:
perf-stdout:
perf-stderr:
Events disabled
Events enabled
Events disabled


$ GLIBC_TUNABLES=glibc.malloc.hugetlb=2 PW_BENCHMARK_MEMORY=locked chrt -f 88 taskset -c 14 /home/dgamroth/workspaces/codex/pipewire/pipewireao-spa-plugins-profiling/build-profile/spa/plugins/calculon/spa-calculon-full-system-test /home/dgamroth/workspaces/codex/pipewire/pipewireao-spa-plugins-profiling/build-profile-scalar/spa/plugins/calculon/libspa-calculon.so /home/dgamroth/workspaces/codex/pipewire/pipewireao-spa-plugins-profiling/build-profile/spa/plugins/alpao/libspa-alpao-mock.so mock 2000 468  512 512 8 8
$ perf stat --no-big-num -x ; --output /home/dgamroth/workspaces/codex/pipewire/pipewireao-spa-plugins-profiling/docs/benchmark-data/calculon-system-memory-pmu-2026-08-25-record/stat-scalar-hugetlb-locked-l1d-rep3.csv --delay=-1 --control=fd:4,9 -e {cycles:u,instructions:u,L1-dcache-loads:u,L1-dcache-load-misses:u} -t 1305117
benchmark-stdout:
workload: detector=512x512 region=8x8 regions=4096 slopes=8192 actuators=468 matrix-bytes=15335424 memory=locked warmup=256
first-cycle: algorithms=3272316 ns sink=912 ns minor-faults=0 major-faults=0
pixel+controller+normalizer SPA callbacks: n=2000 mean=3235693.5 ns p50=3224518 ns p90=3303826 ns p99=3463145 ns p99.9=3591486 ns max=4006915 ns
scheduled submit+ALPAO sink+ASDK: n=2000 mean=503.5 ns p50=451 ns p90=661 ns p99=1082 ns p99.9=1372 ns max=1713 ns
raw detector frame to ALPAO completion: n=2000 mean=3236197.0 ns p50=3225108 ns p90=3304447 ns p99=3464507 ns p99.9=3592117 ns max=4008107 ns
benchmark-stderr:
perf-stdout:
perf-stderr:
Events disabled
Events enabled
Events disabled


$ GLIBC_TUNABLES=glibc.malloc.hugetlb=0 PW_BENCHMARK_MEMORY=prefault chrt -f 88 taskset -c 14 /home/dgamroth/workspaces/codex/pipewire/pipewireao-spa-plugins-profiling/build-profile/spa/plugins/calculon/spa-calculon-full-system-test /home/dgamroth/workspaces/codex/pipewire/pipewireao-spa-plugins-profiling/build-profile-scalar/spa/plugins/calculon/libspa-calculon.so /home/dgamroth/workspaces/codex/pipewire/pipewireao-spa-plugins-profiling/build-profile/spa/plugins/alpao/libspa-alpao-mock.so mock 2000 468  512 512 8 8
$ perf stat --no-big-num -x ; --output /home/dgamroth/workspaces/codex/pipewire/pipewireao-spa-plugins-profiling/docs/benchmark-data/calculon-system-memory-pmu-2026-08-25-record/stat-scalar-base-prefault-l1d-rep3.csv --delay=-1 --control=fd:4,9 -e {cycles:u,instructions:u,L1-dcache-loads:u,L1-dcache-load-misses:u} -t 1305234
benchmark-stdout:
workload: detector=512x512 region=8x8 regions=4096 slopes=8192 actuators=468 matrix-bytes=15335424 memory=prefault warmup=256
first-cycle: algorithms=3195713 ns sink=871 ns minor-faults=0 major-faults=0
pixel+controller+normalizer SPA callbacks: n=2000 mean=3205376.0 ns p50=3197667 ns p90=3268520 ns p99=3585875 ns p99.9=3939889 ns max=6477017 ns
scheduled submit+ALPAO sink+ASDK: n=2000 mean=587.0 ns p50=541 ns p90=821 ns p99=1293 ns p99.9=1753 ns max=7023 ns
raw detector frame to ALPAO completion: n=2000 mean=3205963.0 ns p50=3198278 ns p90=3269312 ns p99=3587087 ns p99.9=3941622 ns max=6477679 ns
benchmark-stderr:
perf-stdout:
perf-stderr:
Events disabled
Events enabled
Events disabled


$ GLIBC_TUNABLES=glibc.malloc.hugetlb=2 PW_BENCHMARK_MEMORY=locked chrt -f 88 taskset -c 14 /home/dgamroth/workspaces/codex/pipewire/pipewireao-spa-plugins-profiling/build-profile/spa/plugins/calculon/spa-calculon-full-system-test /home/dgamroth/workspaces/codex/pipewire/pipewireao-spa-plugins-profiling/build-profile/spa/plugins/calculon/libspa-calculon.so /home/dgamroth/workspaces/codex/pipewire/pipewireao-spa-plugins-profiling/build-profile/spa/plugins/alpao/libspa-alpao-mock.so mock 2000 468  512 512 8 8
$ perf stat --no-big-num -x ; --output /home/dgamroth/workspaces/codex/pipewire/pipewireao-spa-plugins-profiling/docs/benchmark-data/calculon-system-memory-pmu-2026-08-25-record/stat-oxiblas-hugetlb-locked-faults-rep3.csv --delay=-1 --control=fd:4,9 -e {page-faults,minor-faults,major-faults,context-switches,cpu-migrations} -t 1305371
benchmark-stdout:
workload: detector=512x512 region=8x8 regions=4096 slopes=8192 actuators=468 matrix-bytes=15335424 memory=locked warmup=256
first-cycle: algorithms=1289939 ns sink=721 ns minor-faults=0 major-faults=0
pixel+controller+normalizer SPA callbacks: n=2000 mean=1107436.4 ns p50=1087960 ns p90=1184180 ns p99=1318774 ns p99.9=1620158 ns max=1875146 ns
scheduled submit+ALPAO sink+ASDK: n=2000 mean=502.5 ns p50=461 ns p90=601 ns p99=912 ns p99.9=1432 ns max=1904 ns
raw detector frame to ALPAO completion: n=2000 mean=1107938.9 ns p50=1088471 ns p90=1184711 ns p99=1319435 ns p99.9=1620739 ns max=1876579 ns
benchmark-stderr:
perf-stdout:
perf-stderr:
Events disabled
Events enabled
Events disabled


$ GLIBC_TUNABLES=glibc.malloc.hugetlb=2 PW_BENCHMARK_MEMORY=default chrt -f 88 taskset -c 14 /home/dgamroth/workspaces/codex/pipewire/pipewireao-spa-plugins-profiling/build-profile/spa/plugins/calculon/spa-calculon-full-system-test /home/dgamroth/workspaces/codex/pipewire/pipewireao-spa-plugins-profiling/build-profile/spa/plugins/calculon/libspa-calculon.so /home/dgamroth/workspaces/codex/pipewire/pipewireao-spa-plugins-profiling/build-profile/spa/plugins/alpao/libspa-alpao-mock.so mock 2000 468  512 512 8 8
$ perf stat --no-big-num -x ; --output /home/dgamroth/workspaces/codex/pipewire/pipewireao-spa-plugins-profiling/docs/benchmark-data/calculon-system-memory-pmu-2026-08-25-record/stat-oxiblas-hugetlb-default-faults-rep3.csv --delay=-1 --control=fd:4,9 -e {page-faults,minor-faults,major-faults,context-switches,cpu-migrations} -t 1305417
benchmark-stdout:
workload: detector=512x512 region=8x8 regions=4096 slopes=8192 actuators=468 matrix-bytes=15335424 memory=default warmup=256
first-cycle: algorithms=1345453 ns sink=752 ns minor-faults=1 major-faults=0
pixel+controller+normalizer SPA callbacks: n=2000 mean=1117580.2 ns p50=1098090 ns p90=1177558 ns p99=1470458 ns p99.9=1720947 ns max=1803652 ns
scheduled submit+ALPAO sink+ASDK: n=2000 mean=502.2 ns p50=461 ns p90=611 ns p99=992 ns p99.9=1422 ns max=1593 ns
raw detector frame to ALPAO completion: n=2000 mean=1118082.4 ns p50=1098581 ns p90=1177939 ns p99=1471199 ns p99.9=1722220 ns max=1804604 ns
benchmark-stderr:
perf-stdout:
perf-stderr:
Events disabled
Events enabled
Events disabled


$ GLIBC_TUNABLES=glibc.malloc.hugetlb=1 PW_BENCHMARK_MEMORY=locked chrt -f 88 taskset -c 14 /home/dgamroth/workspaces/codex/pipewire/pipewireao-spa-plugins-profiling/build-profile/spa/plugins/calculon/spa-calculon-full-system-test /home/dgamroth/workspaces/codex/pipewire/pipewireao-spa-plugins-profiling/build-profile-scalar/spa/plugins/calculon/libspa-calculon.so /home/dgamroth/workspaces/codex/pipewire/pipewireao-spa-plugins-profiling/build-profile/spa/plugins/alpao/libspa-alpao-mock.so mock 2000 468  512 512 8 8
$ perf stat --no-big-num -x ; --output /home/dgamroth/workspaces/codex/pipewire/pipewireao-spa-plugins-profiling/docs/benchmark-data/calculon-system-memory-pmu-2026-08-25-record/stat-scalar-thp-locked-faults-rep3.csv --delay=-1 --control=fd:4,9 -e {page-faults,minor-faults,major-faults,context-switches,cpu-migrations} -t 1305463
benchmark-stdout:
workload: detector=512x512 region=8x8 regions=4096 slopes=8192 actuators=468 matrix-bytes=15335424 memory=locked warmup=256
first-cycle: algorithms=3260445 ns sink=1363 ns minor-faults=0 major-faults=0
pixel+controller+normalizer SPA callbacks: n=2000 mean=3183138.0 ns p50=3173221 ns p90=3258311 ns p99=3388575 ns p99.9=3694970 ns max=3955117 ns
scheduled submit+ALPAO sink+ASDK: n=2000 mean=546.2 ns p50=491 ns p90=761 ns p99=1092 ns p99.9=1523 ns max=1804 ns
raw detector frame to ALPAO completion: n=2000 mean=3183684.2 ns p50=3173622 ns p90=3259092 ns p99=3389427 ns p99.9=3695962 ns max=3956921 ns
benchmark-stderr:
perf-stdout:
perf-stderr:
Events disabled
Events enabled
Events disabled


$ GLIBC_TUNABLES=glibc.malloc.hugetlb=0 PW_BENCHMARK_MEMORY=locked chrt -f 88 taskset -c 14 /home/dgamroth/workspaces/codex/pipewire/pipewireao-spa-plugins-profiling/build-profile/spa/plugins/calculon/spa-calculon-full-system-test /home/dgamroth/workspaces/codex/pipewire/pipewireao-spa-plugins-profiling/build-profile/spa/plugins/calculon/libspa-calculon.so /home/dgamroth/workspaces/codex/pipewire/pipewireao-spa-plugins-profiling/build-profile/spa/plugins/alpao/libspa-alpao-mock.so mock 2000 468  512 512 8 8
$ perf stat --no-big-num -x ; --output /home/dgamroth/workspaces/codex/pipewire/pipewireao-spa-plugins-profiling/docs/benchmark-data/calculon-system-memory-pmu-2026-08-25-record/stat-oxiblas-base-locked-faults-rep3.csv --delay=-1 --control=fd:4,9 -e {page-faults,minor-faults,major-faults,context-switches,cpu-migrations} -t 1305587
benchmark-stdout:
workload: detector=512x512 region=8x8 regions=4096 slopes=8192 actuators=468 matrix-bytes=15335424 memory=locked warmup=256
first-cycle: algorithms=1262057 ns sink=731 ns minor-faults=0 major-faults=0
pixel+controller+normalizer SPA callbacks: n=2000 mean=1120658.9 ns p50=1099872 ns p90=1186375 ns p99=1369709 ns p99.9=1681674 ns max=1916544 ns
scheduled submit+ALPAO sink+ASDK: n=2000 mean=528.5 ns p50=511 ns p90=641 ns p99=922 ns p99.9=1262 ns max=1503 ns
raw detector frame to ALPAO completion: n=2000 mean=1121187.4 ns p50=1100413 ns p90=1186826 ns p99=1370340 ns p99.9=1682455 ns max=1917867 ns
benchmark-stderr:
perf-stdout:
perf-stderr:
Events disabled
Events enabled
Events disabled


$ GLIBC_TUNABLES=glibc.malloc.hugetlb=0 PW_BENCHMARK_MEMORY=prefault chrt -f 88 taskset -c 14 /home/dgamroth/workspaces/codex/pipewire/pipewireao-spa-plugins-profiling/build-profile/spa/plugins/calculon/spa-calculon-full-system-test /home/dgamroth/workspaces/codex/pipewire/pipewireao-spa-plugins-profiling/build-profile-scalar/spa/plugins/calculon/libspa-calculon.so /home/dgamroth/workspaces/codex/pipewire/pipewireao-spa-plugins-profiling/build-profile/spa/plugins/alpao/libspa-alpao-mock.so mock 2000 468  512 512 8 8
$ perf stat --no-big-num -x ; --output /home/dgamroth/workspaces/codex/pipewire/pipewireao-spa-plugins-profiling/docs/benchmark-data/calculon-system-memory-pmu-2026-08-25-record/stat-scalar-base-prefault-dtlb-rep3.csv --delay=-1 --control=fd:4,9 -e {cycles:u,instructions:u,l1_dtlb_misses:u,l2_dtlb_misses:u} -t 1305630
benchmark-stdout:
workload: detector=512x512 region=8x8 regions=4096 slopes=8192 actuators=468 matrix-bytes=15335424 memory=prefault warmup=256
first-cycle: algorithms=3167210 ns sink=731 ns minor-faults=0 major-faults=0
pixel+controller+normalizer SPA callbacks: n=2000 mean=3172890.5 ns p50=3169203 ns p90=3244154 ns p99=3390489 ns p99.9=3563182 ns max=3611964 ns
scheduled submit+ALPAO sink+ASDK: n=2000 mean=507.8 ns p50=461 ns p90=641 ns p99=1042 ns p99.9=1413 ns max=1694 ns
raw detector frame to ALPAO completion: n=2000 mean=3173398.2 ns p50=3169624 ns p90=3244685 ns p99=3391170 ns p99.9=3563944 ns max=3612816 ns
benchmark-stderr:
perf-stdout:
perf-stderr:
Events disabled
Events enabled
Events disabled


$ GLIBC_TUNABLES=glibc.malloc.hugetlb=0 PW_BENCHMARK_MEMORY=locked chrt -f 88 taskset -c 14 /home/dgamroth/workspaces/codex/pipewire/pipewireao-spa-plugins-profiling/build-profile/spa/plugins/calculon/spa-calculon-full-system-test /home/dgamroth/workspaces/codex/pipewire/pipewireao-spa-plugins-profiling/build-profile/spa/plugins/calculon/libspa-calculon.so /home/dgamroth/workspaces/codex/pipewire/pipewireao-spa-plugins-profiling/build-profile/spa/plugins/alpao/libspa-alpao-mock.so mock 2000 468  512 512 8 8
$ perf stat --no-big-num -x ; --output /home/dgamroth/workspaces/codex/pipewire/pipewireao-spa-plugins-profiling/docs/benchmark-data/calculon-system-memory-pmu-2026-08-25-record/stat-oxiblas-base-locked-l2-rep3.csv --delay=-1 --control=fd:4,9 -e {cycles:u,instructions:u,l2_request_g1.all_no_prefetch:u,l2_cache_req_stat.ic_dc_miss_in_l2:u} -t 1305747
benchmark-stdout:
workload: detector=512x512 region=8x8 regions=4096 slopes=8192 actuators=468 matrix-bytes=15335424 memory=locked warmup=256
first-cycle: algorithms=1191174 ns sink=661 ns minor-faults=0 major-faults=0
pixel+controller+normalizer SPA callbacks: n=2000 mean=1107111.4 ns p50=1092038 ns p90=1166988 ns p99=1322580 ns p99.9=1570244 ns max=1833668 ns
scheduled submit+ALPAO sink+ASDK: n=2000 mean=570.6 ns p50=541 ns p90=692 ns p99=1052 ns p99.9=1503 ns max=7404 ns
raw detector frame to ALPAO completion: n=2000 mean=1107682.0 ns p50=1092579 ns p90=1167830 ns p99=1323201 ns p99.9=1571527 ns max=1835031 ns
benchmark-stderr:
perf-stdout:
perf-stderr:
Events disabled
Events enabled
Events disabled


$ GLIBC_TUNABLES=glibc.malloc.hugetlb=1 PW_BENCHMARK_MEMORY=prefault chrt -f 88 taskset -c 14 /home/dgamroth/workspaces/codex/pipewire/pipewireao-spa-plugins-profiling/build-profile/spa/plugins/calculon/spa-calculon-full-system-test /home/dgamroth/workspaces/codex/pipewire/pipewireao-spa-plugins-profiling/build-profile-scalar/spa/plugins/calculon/libspa-calculon.so /home/dgamroth/workspaces/codex/pipewire/pipewireao-spa-plugins-profiling/build-profile/spa/plugins/alpao/libspa-alpao-mock.so mock 2000 468  512 512 8 8
$ perf stat --no-big-num -x ; --output /home/dgamroth/workspaces/codex/pipewire/pipewireao-spa-plugins-profiling/docs/benchmark-data/calculon-system-memory-pmu-2026-08-25-record/stat-scalar-thp-prefault-dtlb-rep3.csv --delay=-1 --control=fd:4,9 -e {cycles:u,instructions:u,l1_dtlb_misses:u,l2_dtlb_misses:u} -t 1305793
benchmark-stdout:
workload: detector=512x512 region=8x8 regions=4096 slopes=8192 actuators=468 matrix-bytes=15335424 memory=prefault warmup=256
first-cycle: algorithms=3321960 ns sink=1052 ns minor-faults=0 major-faults=0
pixel+controller+normalizer SPA callbacks: n=2000 mean=3188511.0 ns p50=3175155 ns p90=3269833 ns p99=3425144 ns p99.9=3784387 ns max=3863335 ns
scheduled submit+ALPAO sink+ASDK: n=2000 mean=553.0 ns p50=481 ns p90=791 ns p99=1242 ns p99.9=1643 ns max=2786 ns
raw detector frame to ALPAO completion: n=2000 mean=3189064.0 ns p50=3175686 ns p90=3270484 ns p99=3425885 ns p99.9=3785048 ns max=3865138 ns
benchmark-stderr:
perf-stdout:
perf-stderr:
Events disabled
Events enabled
Events disabled


$ GLIBC_TUNABLES=glibc.malloc.hugetlb=2 PW_BENCHMARK_MEMORY=prefault chrt -f 88 taskset -c 14 /home/dgamroth/workspaces/codex/pipewire/pipewireao-spa-plugins-profiling/build-profile/spa/plugins/calculon/spa-calculon-full-system-test /home/dgamroth/workspaces/codex/pipewire/pipewireao-spa-plugins-profiling/build-profile/spa/plugins/calculon/libspa-calculon.so /home/dgamroth/workspaces/codex/pipewire/pipewireao-spa-plugins-profiling/build-profile/spa/plugins/alpao/libspa-alpao-mock.so mock 2000 468  512 512 8 8
$ perf stat --no-big-num -x ; --output /home/dgamroth/workspaces/codex/pipewire/pipewireao-spa-plugins-profiling/docs/benchmark-data/calculon-system-memory-pmu-2026-08-25-record/stat-oxiblas-hugetlb-prefault-l2-rep3.csv --delay=-1 --control=fd:4,9 -e {cycles:u,instructions:u,l2_request_g1.all_no_prefetch:u,l2_cache_req_stat.ic_dc_miss_in_l2:u} -t 1305934
benchmark-stdout:
workload: detector=512x512 region=8x8 regions=4096 slopes=8192 actuators=468 matrix-bytes=15335424 memory=prefault warmup=256
first-cycle: algorithms=1307903 ns sink=612 ns minor-faults=0 major-faults=0
pixel+controller+normalizer SPA callbacks: n=2000 mean=1121062.0 ns p50=1097438 ns p90=1206142 ns p99=1504051 ns p99.9=1741346 ns max=1887891 ns
scheduled submit+ALPAO sink+ASDK: n=2000 mean=501.3 ns p50=461 ns p90=592 ns p99=981 ns p99.9=1283 ns max=7384 ns
raw detector frame to ALPAO completion: n=2000 mean=1121563.3 ns p50=1097889 ns p90=1206673 ns p99=1504602 ns p99.9=1741907 ns max=1889033 ns
benchmark-stderr:
perf-stdout:
perf-stderr:
Events disabled
Events enabled
Events disabled


$ GLIBC_TUNABLES=glibc.malloc.hugetlb=1 PW_BENCHMARK_MEMORY=default chrt -f 88 taskset -c 14 /home/dgamroth/workspaces/codex/pipewire/pipewireao-spa-plugins-profiling/build-profile/spa/plugins/calculon/spa-calculon-full-system-test /home/dgamroth/workspaces/codex/pipewire/pipewireao-spa-plugins-profiling/build-profile/spa/plugins/calculon/libspa-calculon.so /home/dgamroth/workspaces/codex/pipewire/pipewireao-spa-plugins-profiling/build-profile/spa/plugins/alpao/libspa-alpao-mock.so mock 2000 468  512 512 8 8
$ perf stat --no-big-num -x ; --output /home/dgamroth/workspaces/codex/pipewire/pipewireao-spa-plugins-profiling/docs/benchmark-data/calculon-system-memory-pmu-2026-08-25-record/stat-oxiblas-thp-default-l1d-rep3.csv --delay=-1 --control=fd:4,9 -e {cycles:u,instructions:u,L1-dcache-loads:u,L1-dcache-load-misses:u} -t 1305995
benchmark-stdout:
workload: detector=512x512 region=8x8 regions=4096 slopes=8192 actuators=468 matrix-bytes=15335424 memory=default warmup=256
first-cycle: algorithms=1291783 ns sink=731 ns minor-faults=1 major-faults=0
pixel+controller+normalizer SPA callbacks: n=2000 mean=1101936.7 ns p50=1089743 ns p90=1150918 ns p99=1297163 ns p99.9=1511295 ns max=1720717 ns
scheduled submit+ALPAO sink+ASDK: n=2000 mean=557.3 ns p50=521 ns p90=721 ns p99=1052 ns p99.9=1453 ns max=6292 ns
raw detector frame to ALPAO completion: n=2000 mean=1102494.0 ns p50=1090325 ns p90=1151890 ns p99=1297964 ns p99.9=1511976 ns max=1722170 ns
benchmark-stderr:
perf-stdout:
perf-stderr:
Events disabled
Events enabled
Events disabled


$ GLIBC_TUNABLES=glibc.malloc.hugetlb=2 PW_BENCHMARK_MEMORY=default chrt -f 88 taskset -c 14 /home/dgamroth/workspaces/codex/pipewire/pipewireao-spa-plugins-profiling/build-profile/spa/plugins/calculon/spa-calculon-full-system-test /home/dgamroth/workspaces/codex/pipewire/pipewireao-spa-plugins-profiling/build-profile/spa/plugins/calculon/libspa-calculon.so /home/dgamroth/workspaces/codex/pipewire/pipewireao-spa-plugins-profiling/build-profile/spa/plugins/alpao/libspa-alpao-mock.so mock 2000 468  512 512 8 8
$ perf stat --no-big-num -x ; --output /home/dgamroth/workspaces/codex/pipewire/pipewireao-spa-plugins-profiling/docs/benchmark-data/calculon-system-memory-pmu-2026-08-25-record/stat-oxiblas-hugetlb-default-core-rep3.csv --delay=-1 --control=fd:4,9 -e {cycles:u,instructions:u,branches:u,branch-misses:u} -t 1306039
benchmark-stdout:
workload: detector=512x512 region=8x8 regions=4096 slopes=8192 actuators=468 matrix-bytes=15335424 memory=default warmup=256
first-cycle: algorithms=1363137 ns sink=822 ns minor-faults=1 major-faults=0
pixel+controller+normalizer SPA callbacks: n=2000 mean=1120437.6 ns p50=1111063 ns p90=1166879 ns p99=1293005 ns p99.9=1486247 ns max=1842155 ns
scheduled submit+ALPAO sink+ASDK: n=2000 mean=462.7 ns p50=441 ns p90=531 ns p99=852 ns p99.9=1152 ns max=7214 ns
raw detector frame to ALPAO completion: n=2000 mean=1120900.3 ns p50=1111564 ns p90=1167330 ns p99=1293436 ns p99.9=1486949 ns max=1843447 ns
benchmark-stderr:
perf-stdout:
perf-stderr:
Events disabled
Events enabled
Events disabled


$ GLIBC_TUNABLES=glibc.malloc.hugetlb=2 PW_BENCHMARK_MEMORY=locked chrt -f 88 taskset -c 14 /home/dgamroth/workspaces/codex/pipewire/pipewireao-spa-plugins-profiling/build-profile/spa/plugins/calculon/spa-calculon-full-system-test /home/dgamroth/workspaces/codex/pipewire/pipewireao-spa-plugins-profiling/build-profile/spa/plugins/calculon/libspa-calculon.so /home/dgamroth/workspaces/codex/pipewire/pipewireao-spa-plugins-profiling/build-profile/spa/plugins/alpao/libspa-alpao-mock.so mock 2000 468  512 512 8 8
$ perf stat --no-big-num -x ; --output /home/dgamroth/workspaces/codex/pipewire/pipewireao-spa-plugins-profiling/docs/benchmark-data/calculon-system-memory-pmu-2026-08-25-record/stat-oxiblas-hugetlb-locked-l1d-rep3.csv --delay=-1 --control=fd:4,9 -e {cycles:u,instructions:u,L1-dcache-loads:u,L1-dcache-load-misses:u} -t 1306090
benchmark-stdout:
workload: detector=512x512 region=8x8 regions=4096 slopes=8192 actuators=468 matrix-bytes=15335424 memory=locked warmup=256
first-cycle: algorithms=1315377 ns sink=621 ns minor-faults=0 major-faults=0
pixel+controller+normalizer SPA callbacks: n=2000 mean=1125023.0 ns p50=1106816 ns p90=1184241 ns p99=1541481 ns p99.9=1650856 ns max=1941061 ns
scheduled submit+ALPAO sink+ASDK: n=2000 mean=503.2 ns p50=461 ns p90=591 ns p99=931 ns p99.9=1252 ns max=1623 ns
raw detector frame to ALPAO completion: n=2000 mean=1125526.2 ns p50=1107277 ns p90=1184772 ns p99=1542252 ns p99.9=1651488 ns max=1942353 ns
benchmark-stderr:
perf-stdout:
perf-stderr:
Events disabled
Events enabled
Events disabled


$ GLIBC_TUNABLES=glibc.malloc.hugetlb=1 PW_BENCHMARK_MEMORY=default chrt -f 88 taskset -c 14 /home/dgamroth/workspaces/codex/pipewire/pipewireao-spa-plugins-profiling/build-profile/spa/plugins/calculon/spa-calculon-full-system-test /home/dgamroth/workspaces/codex/pipewire/pipewireao-spa-plugins-profiling/build-profile/spa/plugins/calculon/libspa-calculon.so /home/dgamroth/workspaces/codex/pipewire/pipewireao-spa-plugins-profiling/build-profile/spa/plugins/alpao/libspa-alpao-mock.so mock 2000 468  512 512 8 8
$ perf stat --no-big-num -x ; --output /home/dgamroth/workspaces/codex/pipewire/pipewireao-spa-plugins-profiling/docs/benchmark-data/calculon-system-memory-pmu-2026-08-25-record/stat-oxiblas-thp-default-core-rep3.csv --delay=-1 --control=fd:4,9 -e {cycles:u,instructions:u,branches:u,branch-misses:u} -t 1306134
benchmark-stdout:
workload: detector=512x512 region=8x8 regions=4096 slopes=8192 actuators=468 matrix-bytes=15335424 memory=default warmup=256
first-cycle: algorithms=1310798 ns sink=642 ns minor-faults=1 major-faults=0
pixel+controller+normalizer SPA callbacks: n=2000 mean=1097769.1 ns p50=1083582 ns p90=1162079 ns p99=1280332 ns p99.9=1418560 ns max=1907597 ns
scheduled submit+ALPAO sink+ASDK: n=2000 mean=532.7 ns p50=471 ns p90=731 ns p99=1042 ns p99.9=1412 ns max=2595 ns
raw detector frame to ALPAO completion: n=2000 mean=1098301.8 ns p50=1083973 ns p90=1162640 ns p99=1281614 ns p99.9=1419602 ns max=1908930 ns
benchmark-stderr:
perf-stdout:
perf-stderr:
Events disabled
Events enabled
Events disabled


$ GLIBC_TUNABLES=glibc.malloc.hugetlb=0 PW_BENCHMARK_MEMORY=prefault chrt -f 88 taskset -c 14 /home/dgamroth/workspaces/codex/pipewire/pipewireao-spa-plugins-profiling/build-profile/spa/plugins/calculon/spa-calculon-full-system-test /home/dgamroth/workspaces/codex/pipewire/pipewireao-spa-plugins-profiling/build-profile-scalar/spa/plugins/calculon/libspa-calculon.so /home/dgamroth/workspaces/codex/pipewire/pipewireao-spa-plugins-profiling/build-profile/spa/plugins/alpao/libspa-alpao-mock.so mock 2000 468  512 512 8 8
$ perf stat --no-big-num -x ; --output /home/dgamroth/workspaces/codex/pipewire/pipewireao-spa-plugins-profiling/docs/benchmark-data/calculon-system-memory-pmu-2026-08-25-record/stat-scalar-base-prefault-l2-rep3.csv --delay=-1 --control=fd:4,9 -e {cycles:u,instructions:u,l2_request_g1.all_no_prefetch:u,l2_cache_req_stat.ic_dc_miss_in_l2:u} -t 1306175
benchmark-stdout:
workload: detector=512x512 region=8x8 regions=4096 slopes=8192 actuators=468 matrix-bytes=15335424 memory=prefault warmup=256
first-cycle: algorithms=3307273 ns sink=1153 ns minor-faults=0 major-faults=0
pixel+controller+normalizer SPA callbacks: n=2000 mean=3175462.8 ns p50=3167320 ns p90=3238353 ns p99=3348439 ns p99.9=3849028 ns max=6477808 ns
scheduled submit+ALPAO sink+ASDK: n=2000 mean=539.1 ns p50=471 ns p90=751 ns p99=1132 ns p99.9=1713 ns max=2194 ns
raw detector frame to ALPAO completion: n=2000 mean=3176001.9 ns p50=3167831 ns p90=3238964 ns p99=3349441 ns p99.9=3849790 ns max=6480002 ns
benchmark-stderr:
perf-stdout:
perf-stderr:
Events disabled
Events enabled
Events disabled


$ GLIBC_TUNABLES=glibc.malloc.hugetlb=2 PW_BENCHMARK_MEMORY=locked chrt -f 88 taskset -c 14 /home/dgamroth/workspaces/codex/pipewire/pipewireao-spa-plugins-profiling/build-profile/spa/plugins/calculon/spa-calculon-full-system-test /home/dgamroth/workspaces/codex/pipewire/pipewireao-spa-plugins-profiling/build-profile-scalar/spa/plugins/calculon/libspa-calculon.so /home/dgamroth/workspaces/codex/pipewire/pipewireao-spa-plugins-profiling/build-profile/spa/plugins/alpao/libspa-alpao-mock.so mock 2000 468  512 512 8 8
$ perf stat --no-big-num -x ; --output /home/dgamroth/workspaces/codex/pipewire/pipewireao-spa-plugins-profiling/docs/benchmark-data/calculon-system-memory-pmu-2026-08-25-record/stat-scalar-hugetlb-locked-dtlb-rep3.csv --delay=-1 --control=fd:4,9 -e {cycles:u,instructions:u,l1_dtlb_misses:u,l2_dtlb_misses:u} -t 1306333
benchmark-stdout:
workload: detector=512x512 region=8x8 regions=4096 slopes=8192 actuators=468 matrix-bytes=15335424 memory=locked warmup=256
first-cycle: algorithms=3188970 ns sink=691 ns minor-faults=0 major-faults=0
pixel+controller+normalizer SPA callbacks: n=2000 mean=3228140.0 ns p50=3214589 ns p90=3305900 ns p99=3530792 ns p99.9=3750543 ns max=4090772 ns
scheduled submit+ALPAO sink+ASDK: n=2000 mean=534.9 ns p50=471 ns p90=711 ns p99=1163 ns p99.9=1713 ns max=1973 ns
raw detector frame to ALPAO completion: n=2000 mean=3228674.9 ns p50=3215040 ns p90=3306461 ns p99=3531383 ns p99.9=3751465 ns max=4092064 ns
benchmark-stderr:
perf-stdout:
perf-stderr:
Events disabled
Events enabled
Events disabled


$ GLIBC_TUNABLES=glibc.malloc.hugetlb=2 PW_BENCHMARK_MEMORY=prefault chrt -f 88 taskset -c 14 /home/dgamroth/workspaces/codex/pipewire/pipewireao-spa-plugins-profiling/build-profile/spa/plugins/calculon/spa-calculon-full-system-test /home/dgamroth/workspaces/codex/pipewire/pipewireao-spa-plugins-profiling/build-profile/spa/plugins/calculon/libspa-calculon.so /home/dgamroth/workspaces/codex/pipewire/pipewireao-spa-plugins-profiling/build-profile/spa/plugins/alpao/libspa-alpao-mock.so mock 2000 468  512 512 8 8
$ perf stat --no-big-num -x ; --output /home/dgamroth/workspaces/codex/pipewire/pipewireao-spa-plugins-profiling/docs/benchmark-data/calculon-system-memory-pmu-2026-08-25-record/stat-oxiblas-hugetlb-prefault-l1d-rep3.csv --delay=-1 --control=fd:4,9 -e {cycles:u,instructions:u,L1-dcache-loads:u,L1-dcache-load-misses:u} -t 1306473
benchmark-stdout:
workload: detector=512x512 region=8x8 regions=4096 slopes=8192 actuators=468 matrix-bytes=15335424 memory=prefault warmup=256
first-cycle: algorithms=1389857 ns sink=872 ns minor-faults=0 major-faults=0
pixel+controller+normalizer SPA callbacks: n=2000 mean=1109774.7 ns p50=1094582 ns p90=1164614 ns p99=1316449 ns p99.9=1647760 ns max=2009459 ns
scheduled submit+ALPAO sink+ASDK: n=2000 mean=515.1 ns p50=471 ns p90=612 ns p99=972 ns p99.9=1252 ns max=1523 ns
raw detector frame to ALPAO completion: n=2000 mean=1110289.8 ns p50=1095103 ns p90=1165225 ns p99=1317160 ns p99.9=1648752 ns max=2010711 ns
benchmark-stderr:
perf-stdout:
perf-stderr:
Events disabled
Events enabled
Events disabled


$ GLIBC_TUNABLES=glibc.malloc.hugetlb=0 PW_BENCHMARK_MEMORY=prefault chrt -f 88 taskset -c 14 /home/dgamroth/workspaces/codex/pipewire/pipewireao-spa-plugins-profiling/build-profile/spa/plugins/calculon/spa-calculon-full-system-test /home/dgamroth/workspaces/codex/pipewire/pipewireao-spa-plugins-profiling/build-profile/spa/plugins/calculon/libspa-calculon.so /home/dgamroth/workspaces/codex/pipewire/pipewireao-spa-plugins-profiling/build-profile/spa/plugins/alpao/libspa-alpao-mock.so mock 2000 468  512 512 8 8
$ perf stat --no-big-num -x ; --output /home/dgamroth/workspaces/codex/pipewire/pipewireao-spa-plugins-profiling/docs/benchmark-data/calculon-system-memory-pmu-2026-08-25-record/stat-oxiblas-base-prefault-dtlb-rep3.csv --delay=-1 --control=fd:4,9 -e {cycles:u,instructions:u,l1_dtlb_misses:u,l2_dtlb_misses:u} -t 1306532
benchmark-stdout:
workload: detector=512x512 region=8x8 regions=4096 slopes=8192 actuators=468 matrix-bytes=15335424 memory=prefault warmup=256
first-cycle: algorithms=1284539 ns sink=661 ns minor-faults=0 major-faults=0
pixel+controller+normalizer SPA callbacks: n=2000 mean=1119580.5 ns p50=1097218 ns p90=1191915 ns p99=1483031 ns p99.9=1645606 ns max=1690290 ns
scheduled submit+ALPAO sink+ASDK: n=2000 mean=582.5 ns p50=541 ns p90=832 ns p99=1032 ns p99.9=1503 ns max=2755 ns
raw detector frame to ALPAO completion: n=2000 mean=1120163.0 ns p50=1097849 ns p90=1192556 ns p99=1483742 ns p99.9=1647039 ns max=1691793 ns
benchmark-stderr:
perf-stdout:
perf-stderr:
Events disabled
Events enabled
Events disabled


$ GLIBC_TUNABLES=glibc.malloc.hugetlb=0 PW_BENCHMARK_MEMORY=default chrt -f 88 taskset -c 14 /home/dgamroth/workspaces/codex/pipewire/pipewireao-spa-plugins-profiling/build-profile/spa/plugins/calculon/spa-calculon-full-system-test /home/dgamroth/workspaces/codex/pipewire/pipewireao-spa-plugins-profiling/build-profile-scalar/spa/plugins/calculon/libspa-calculon.so /home/dgamroth/workspaces/codex/pipewire/pipewireao-spa-plugins-profiling/build-profile/spa/plugins/alpao/libspa-alpao-mock.so mock 2000 468  512 512 8 8
$ perf stat --no-big-num -x ; --output /home/dgamroth/workspaces/codex/pipewire/pipewireao-spa-plugins-profiling/docs/benchmark-data/calculon-system-memory-pmu-2026-08-25-record/stat-scalar-base-default-l2-rep3.csv --delay=-1 --control=fd:4,9 -e {cycles:u,instructions:u,l2_request_g1.all_no_prefetch:u,l2_cache_req_stat.ic_dc_miss_in_l2:u} -t 1306577
benchmark-stdout:
workload: detector=512x512 region=8x8 regions=4096 slopes=8192 actuators=468 matrix-bytes=15335424 memory=default warmup=256
first-cycle: algorithms=3210371 ns sink=882 ns minor-faults=1 major-faults=0
pixel+controller+normalizer SPA callbacks: n=2000 mean=3183933.2 ns p50=3174323 ns p90=3255325 ns p99=3406870 ns p99.9=3914992 ns max=4169710 ns
scheduled submit+ALPAO sink+ASDK: n=2000 mean=560.7 ns p50=531 ns p90=721 ns p99=1172 ns p99.9=1773 ns max=1813 ns
raw detector frame to ALPAO completion: n=2000 mean=3184493.9 ns p50=3174844 ns p90=3255996 ns p99=3408683 ns p99.9=3915773 ns max=4170261 ns
benchmark-stderr:
perf-stdout:
perf-stderr:
Events disabled
Events enabled
Events disabled


$ GLIBC_TUNABLES=glibc.malloc.hugetlb=2 PW_BENCHMARK_MEMORY=default chrt -f 88 taskset -c 14 /home/dgamroth/workspaces/codex/pipewire/pipewireao-spa-plugins-profiling/build-profile/spa/plugins/calculon/spa-calculon-full-system-test /home/dgamroth/workspaces/codex/pipewire/pipewireao-spa-plugins-profiling/build-profile/spa/plugins/calculon/libspa-calculon.so /home/dgamroth/workspaces/codex/pipewire/pipewireao-spa-plugins-profiling/build-profile/spa/plugins/alpao/libspa-alpao-mock.so mock 2000 468  512 512 8 8
$ perf stat --no-big-num -x ; --output /home/dgamroth/workspaces/codex/pipewire/pipewireao-spa-plugins-profiling/docs/benchmark-data/calculon-system-memory-pmu-2026-08-25-record/stat-oxiblas-hugetlb-default-l1d-rep3.csv --delay=-1 --control=fd:4,9 -e {cycles:u,instructions:u,L1-dcache-loads:u,L1-dcache-load-misses:u} -t 1306684
benchmark-stdout:
workload: detector=512x512 region=8x8 regions=4096 slopes=8192 actuators=468 matrix-bytes=15335424 memory=default warmup=256
first-cycle: algorithms=1320356 ns sink=841 ns minor-faults=1 major-faults=0
pixel+controller+normalizer SPA callbacks: n=2000 mean=1099092.8 ns p50=1087670 ns p90=1150518 ns p99=1256527 ns p99.9=1374688 ns max=1660524 ns
scheduled submit+ALPAO sink+ASDK: n=2000 mean=469.6 ns p50=450 ns p90=531 ns p99=852 ns p99.9=1183 ns max=1312 ns
raw detector frame to ALPAO completion: n=2000 mean=1099562.3 ns p50=1088120 ns p90=1151059 ns p99=1256998 ns p99.9=1375630 ns max=1661707 ns
benchmark-stderr:
perf-stdout:
perf-stderr:
Events disabled
Events enabled
Events disabled


$ GLIBC_TUNABLES=glibc.malloc.hugetlb=2 PW_BENCHMARK_MEMORY=prefault chrt -f 88 taskset -c 14 /home/dgamroth/workspaces/codex/pipewire/pipewireao-spa-plugins-profiling/build-profile/spa/plugins/calculon/spa-calculon-full-system-test /home/dgamroth/workspaces/codex/pipewire/pipewireao-spa-plugins-profiling/build-profile-scalar/spa/plugins/calculon/libspa-calculon.so /home/dgamroth/workspaces/codex/pipewire/pipewireao-spa-plugins-profiling/build-profile/spa/plugins/alpao/libspa-alpao-mock.so mock 2000 468  512 512 8 8
$ perf stat --no-big-num -x ; --output /home/dgamroth/workspaces/codex/pipewire/pipewireao-spa-plugins-profiling/docs/benchmark-data/calculon-system-memory-pmu-2026-08-25-record/stat-scalar-hugetlb-prefault-l1d-rep3.csv --delay=-1 --control=fd:4,9 -e {cycles:u,instructions:u,L1-dcache-loads:u,L1-dcache-load-misses:u} -t 1306749
benchmark-stdout:
workload: detector=512x512 region=8x8 regions=4096 slopes=8192 actuators=468 matrix-bytes=15335424 memory=prefault warmup=256
first-cycle: algorithms=3218586 ns sink=641 ns minor-faults=0 major-faults=0
pixel+controller+normalizer SPA callbacks: n=2000 mean=3249728.4 ns p50=3239676 ns p90=3325066 ns p99=3514021 ns p99.9=3813532 ns max=3946672 ns
scheduled submit+ALPAO sink+ASDK: n=2000 mean=524.6 ns p50=491 ns p90=671 ns p99=1082 ns p99.9=1543 ns max=1733 ns
raw detector frame to ALPAO completion: n=2000 mean=3250252.9 ns p50=3240126 ns p90=3325617 ns p99=3514802 ns p99.9=3814244 ns max=3947864 ns
benchmark-stderr:
perf-stdout:
perf-stderr:
Events disabled
Events enabled
Events disabled


$ GLIBC_TUNABLES=glibc.malloc.hugetlb=1 PW_BENCHMARK_MEMORY=prefault chrt -f 88 taskset -c 14 /home/dgamroth/workspaces/codex/pipewire/pipewireao-spa-plugins-profiling/build-profile/spa/plugins/calculon/spa-calculon-full-system-test /home/dgamroth/workspaces/codex/pipewire/pipewireao-spa-plugins-profiling/build-profile/spa/plugins/calculon/libspa-calculon.so /home/dgamroth/workspaces/codex/pipewire/pipewireao-spa-plugins-profiling/build-profile/spa/plugins/alpao/libspa-alpao-mock.so mock 2000 468  512 512 8 8
$ perf stat --no-big-num -x ; --output /home/dgamroth/workspaces/codex/pipewire/pipewireao-spa-plugins-profiling/docs/benchmark-data/calculon-system-memory-pmu-2026-08-25-record/stat-oxiblas-thp-prefault-faults-rep3.csv --delay=-1 --control=fd:4,9 -e {page-faults,minor-faults,major-faults,context-switches,cpu-migrations} -t 1306878
benchmark-stdout:
workload: detector=512x512 region=8x8 regions=4096 slopes=8192 actuators=468 matrix-bytes=15335424 memory=prefault warmup=256
first-cycle: algorithms=1566778 ns sink=992 ns minor-faults=0 major-faults=0
pixel+controller+normalizer SPA callbacks: n=2000 mean=1115791.2 ns p50=1096156 ns p90=1181326 ns p99=1420464 ns p99.9=1646348 ns max=1693016 ns
scheduled submit+ALPAO sink+ASDK: n=2000 mean=504.8 ns p50=471 ns p90=591 ns p99=962 ns p99.9=1403 ns max=1533 ns
raw detector frame to ALPAO completion: n=2000 mean=1116296.1 ns p50=1096647 ns p90=1181766 ns p99=1421166 ns p99.9=1647099 ns max=1694078 ns
benchmark-stderr:
perf-stdout:
perf-stderr:
Events disabled
Events enabled
Events disabled


$ GLIBC_TUNABLES=glibc.malloc.hugetlb=0 PW_BENCHMARK_MEMORY=prefault chrt -f 88 taskset -c 14 /home/dgamroth/workspaces/codex/pipewire/pipewireao-spa-plugins-profiling/build-profile/spa/plugins/calculon/spa-calculon-full-system-test /home/dgamroth/workspaces/codex/pipewire/pipewireao-spa-plugins-profiling/build-profile-scalar/spa/plugins/calculon/libspa-calculon.so /home/dgamroth/workspaces/codex/pipewire/pipewireao-spa-plugins-profiling/build-profile/spa/plugins/alpao/libspa-alpao-mock.so mock 2000 468  512 512 8 8
$ perf stat --no-big-num -x ; --output /home/dgamroth/workspaces/codex/pipewire/pipewireao-spa-plugins-profiling/docs/benchmark-data/calculon-system-memory-pmu-2026-08-25-record/stat-scalar-base-prefault-core-rep3.csv --delay=-1 --control=fd:4,9 -e {cycles:u,instructions:u,branches:u,branch-misses:u} -t 1306934
benchmark-stdout:
workload: detector=512x512 region=8x8 regions=4096 slopes=8192 actuators=468 matrix-bytes=15335424 memory=prefault warmup=256
first-cycle: algorithms=3302904 ns sink=1673 ns minor-faults=0 major-faults=0
pixel+controller+normalizer SPA callbacks: n=2000 mean=3186239.8 ns p50=3175065 ns p90=3259292 ns p99=3417779 ns p99.9=3627884 ns max=3658181 ns
scheduled submit+ALPAO sink+ASDK: n=2000 mean=524.9 ns p50=471 ns p90=721 ns p99=1112 ns p99.9=1573 ns max=1873 ns
raw detector frame to ALPAO completion: n=2000 mean=3186764.8 ns p50=3175515 ns p90=3259903 ns p99=3418741 ns p99.9=3628605 ns max=3659453 ns
benchmark-stderr:
perf-stdout:
perf-stderr:
Events disabled
Events enabled
Events disabled


$ GLIBC_TUNABLES=glibc.malloc.hugetlb=1 PW_BENCHMARK_MEMORY=default chrt -f 88 taskset -c 14 /home/dgamroth/workspaces/codex/pipewire/pipewireao-spa-plugins-profiling/build-profile/spa/plugins/calculon/spa-calculon-full-system-test /home/dgamroth/workspaces/codex/pipewire/pipewireao-spa-plugins-profiling/build-profile/spa/plugins/calculon/libspa-calculon.so /home/dgamroth/workspaces/codex/pipewire/pipewireao-spa-plugins-profiling/build-profile/spa/plugins/alpao/libspa-alpao-mock.so mock 2000 468  512 512 8 8
$ perf stat --no-big-num -x ; --output /home/dgamroth/workspaces/codex/pipewire/pipewireao-spa-plugins-profiling/docs/benchmark-data/calculon-system-memory-pmu-2026-08-25-record/stat-oxiblas-thp-default-l2-rep3.csv --delay=-1 --control=fd:4,9 -e {cycles:u,instructions:u,l2_request_g1.all_no_prefetch:u,l2_cache_req_stat.ic_dc_miss_in_l2:u} -t 1307075
benchmark-stdout:
workload: detector=512x512 region=8x8 regions=4096 slopes=8192 actuators=468 matrix-bytes=15335424 memory=default warmup=256
first-cycle: algorithms=1240697 ns sink=741 ns minor-faults=1 major-faults=0
pixel+controller+normalizer SPA callbacks: n=2000 mean=1094569.4 ns p50=1075547 ns p90=1150999 ns p99=1360532 ns p99.9=1731367 ns max=1798553 ns
scheduled submit+ALPAO sink+ASDK: n=2000 mean=548.2 ns p50=531 ns p90=642 ns p99=1022 ns p99.9=1523 ns max=1703 ns
raw detector frame to ALPAO completion: n=2000 mean=1095117.5 ns p50=1076018 ns p90=1151489 ns p99=1361323 ns p99.9=1732489 ns max=1799325 ns
benchmark-stderr:
perf-stdout:
perf-stderr:
Events disabled
Events enabled
Events disabled


$ GLIBC_TUNABLES=glibc.malloc.hugetlb=2 PW_BENCHMARK_MEMORY=prefault chrt -f 88 taskset -c 14 /home/dgamroth/workspaces/codex/pipewire/pipewireao-spa-plugins-profiling/build-profile/spa/plugins/calculon/spa-calculon-full-system-test /home/dgamroth/workspaces/codex/pipewire/pipewireao-spa-plugins-profiling/build-profile/spa/plugins/calculon/libspa-calculon.so /home/dgamroth/workspaces/codex/pipewire/pipewireao-spa-plugins-profiling/build-profile/spa/plugins/alpao/libspa-alpao-mock.so mock 2000 468  512 512 8 8
$ perf stat --no-big-num -x ; --output /home/dgamroth/workspaces/codex/pipewire/pipewireao-spa-plugins-profiling/docs/benchmark-data/calculon-system-memory-pmu-2026-08-25-record/stat-oxiblas-hugetlb-prefault-faults-rep3.csv --delay=-1 --control=fd:4,9 -e {page-faults,minor-faults,major-faults,context-switches,cpu-migrations} -t 1307118
benchmark-stdout:
workload: detector=512x512 region=8x8 regions=4096 slopes=8192 actuators=468 matrix-bytes=15335424 memory=prefault warmup=256
first-cycle: algorithms=1372914 ns sink=711 ns minor-faults=0 major-faults=0
pixel+controller+normalizer SPA callbacks: n=2000 mean=1115987.3 ns p50=1105834 ns p90=1166828 ns p99=1267447 ns p99.9=1414463 ns max=1709296 ns
scheduled submit+ALPAO sink+ASDK: n=2000 mean=510.7 ns p50=461 ns p90=571 ns p99=872 ns p99.9=1303 ns max=17372 ns
raw detector frame to ALPAO completion: n=2000 mean=1116497.9 ns p50=1106415 ns p90=1167319 ns p99=1267988 ns p99.9=1415224 ns max=1710478 ns
benchmark-stderr:
perf-stdout:
perf-stderr:
Events disabled
Events enabled
Events disabled


$ GLIBC_TUNABLES=glibc.malloc.hugetlb=2 PW_BENCHMARK_MEMORY=prefault chrt -f 88 taskset -c 14 /home/dgamroth/workspaces/codex/pipewire/pipewireao-spa-plugins-profiling/build-profile/spa/plugins/calculon/spa-calculon-full-system-test /home/dgamroth/workspaces/codex/pipewire/pipewireao-spa-plugins-profiling/build-profile-scalar/spa/plugins/calculon/libspa-calculon.so /home/dgamroth/workspaces/codex/pipewire/pipewireao-spa-plugins-profiling/build-profile/spa/plugins/alpao/libspa-alpao-mock.so mock 2000 468  512 512 8 8
$ perf stat --no-big-num -x ; --output /home/dgamroth/workspaces/codex/pipewire/pipewireao-spa-plugins-profiling/docs/benchmark-data/calculon-system-memory-pmu-2026-08-25-record/stat-scalar-hugetlb-prefault-faults-rep3.csv --delay=-1 --control=fd:4,9 -e {page-faults,minor-faults,major-faults,context-switches,cpu-migrations} -t 1307163
benchmark-stdout:
workload: detector=512x512 region=8x8 regions=4096 slopes=8192 actuators=468 matrix-bytes=15335424 memory=prefault warmup=256
first-cycle: algorithms=3188610 ns sink=712 ns minor-faults=0 major-faults=0
pixel+controller+normalizer SPA callbacks: n=2000 mean=3225423.6 ns p50=3214188 ns p90=3289990 ns p99=3429713 ns p99.9=3721309 ns max=6563118 ns
scheduled submit+ALPAO sink+ASDK: n=2000 mean=484.4 ns p50=451 ns p90=621 ns p99=942 ns p99.9=1573 ns max=1673 ns
raw detector frame to ALPAO completion: n=2000 mean=3225908.0 ns p50=3214719 ns p90=3290511 ns p99=3430344 ns p99.9=3722091 ns max=6563499 ns
benchmark-stderr:
perf-stdout:
perf-stderr:
Events disabled
Events enabled
Events disabled


$ GLIBC_TUNABLES=glibc.malloc.hugetlb=1 PW_BENCHMARK_MEMORY=default chrt -f 88 taskset -c 14 /home/dgamroth/workspaces/codex/pipewire/pipewireao-spa-plugins-profiling/build-profile/spa/plugins/calculon/spa-calculon-full-system-test /home/dgamroth/workspaces/codex/pipewire/pipewireao-spa-plugins-profiling/build-profile-scalar/spa/plugins/calculon/libspa-calculon.so /home/dgamroth/workspaces/codex/pipewire/pipewireao-spa-plugins-profiling/build-profile/spa/plugins/alpao/libspa-alpao-mock.so mock 2000 468  512 512 8 8
$ perf stat --no-big-num -x ; --output /home/dgamroth/workspaces/codex/pipewire/pipewireao-spa-plugins-profiling/docs/benchmark-data/calculon-system-memory-pmu-2026-08-25-record/stat-scalar-thp-default-faults-rep3.csv --delay=-1 --control=fd:4,9 -e {page-faults,minor-faults,major-faults,context-switches,cpu-migrations} -t 1307302
benchmark-stdout:
workload: detector=512x512 region=8x8 regions=4096 slopes=8192 actuators=468 matrix-bytes=15335424 memory=default warmup=256
first-cycle: algorithms=3198138 ns sink=851 ns minor-faults=1 major-faults=0
pixel+controller+normalizer SPA callbacks: n=2000 mean=3189314.3 ns p50=3188901 ns p90=3257810 ns p99=3398183 ns p99.9=3598459 ns max=3639967 ns
scheduled submit+ALPAO sink+ASDK: n=2000 mean=557.0 ns p50=521 ns p90=782 ns p99=1152 ns p99.9=1633 ns max=5781 ns
raw detector frame to ALPAO completion: n=2000 mean=3189871.3 ns p50=3189492 ns p90=3258641 ns p99=3398974 ns p99.9=3599451 ns max=3640748 ns
benchmark-stderr:
perf-stdout:
perf-stderr:
Events disabled
Events enabled
Events disabled


$ GLIBC_TUNABLES=glibc.malloc.hugetlb=1 PW_BENCHMARK_MEMORY=prefault chrt -f 88 taskset -c 14 /home/dgamroth/workspaces/codex/pipewire/pipewireao-spa-plugins-profiling/build-profile/spa/plugins/calculon/spa-calculon-full-system-test /home/dgamroth/workspaces/codex/pipewire/pipewireao-spa-plugins-profiling/build-profile-scalar/spa/plugins/calculon/libspa-calculon.so /home/dgamroth/workspaces/codex/pipewire/pipewireao-spa-plugins-profiling/build-profile/spa/plugins/alpao/libspa-alpao-mock.so mock 2000 468  512 512 8 8
$ perf stat --no-big-num -x ; --output /home/dgamroth/workspaces/codex/pipewire/pipewireao-spa-plugins-profiling/docs/benchmark-data/calculon-system-memory-pmu-2026-08-25-record/stat-scalar-thp-prefault-core-rep3.csv --delay=-1 --control=fd:4,9 -e {cycles:u,instructions:u,branches:u,branch-misses:u} -t 1307423
benchmark-stdout:
workload: detector=512x512 region=8x8 regions=4096 slopes=8192 actuators=468 matrix-bytes=15335424 memory=prefault warmup=256
first-cycle: algorithms=3222964 ns sink=761 ns minor-faults=0 major-faults=0
pixel+controller+normalizer SPA callbacks: n=2000 mean=3200220.7 ns p50=3191976 ns p90=3276014 ns p99=3465199 ns p99.9=3992918 ns max=4269627 ns
scheduled submit+ALPAO sink+ASDK: n=2000 mean=536.5 ns p50=481 ns p90=731 ns p99=1142 ns p99.9=1693 ns max=1803 ns
raw detector frame to ALPAO completion: n=2000 mean=3200757.1 ns p50=3192437 ns p90=3276675 ns p99=3465760 ns p99.9=3993650 ns max=4270519 ns
benchmark-stderr:
perf-stdout:
perf-stderr:
Events disabled
Events enabled
Events disabled


$ GLIBC_TUNABLES=glibc.malloc.hugetlb=2 PW_BENCHMARK_MEMORY=default chrt -f 88 taskset -c 14 /home/dgamroth/workspaces/codex/pipewire/pipewireao-spa-plugins-profiling/build-profile/spa/plugins/calculon/spa-calculon-full-system-test /home/dgamroth/workspaces/codex/pipewire/pipewireao-spa-plugins-profiling/build-profile-scalar/spa/plugins/calculon/libspa-calculon.so /home/dgamroth/workspaces/codex/pipewire/pipewireao-spa-plugins-profiling/build-profile/spa/plugins/alpao/libspa-alpao-mock.so mock 2000 468  512 512 8 8
$ perf stat --no-big-num -x ; --output /home/dgamroth/workspaces/codex/pipewire/pipewireao-spa-plugins-profiling/docs/benchmark-data/calculon-system-memory-pmu-2026-08-25-record/stat-scalar-hugetlb-default-core-rep3.csv --delay=-1 --control=fd:4,9 -e {cycles:u,instructions:u,branches:u,branch-misses:u} -t 1307576
benchmark-stdout:
workload: detector=512x512 region=8x8 regions=4096 slopes=8192 actuators=468 matrix-bytes=15335424 memory=default warmup=256
first-cycle: algorithms=3212895 ns sink=541 ns minor-faults=1 major-faults=0
pixel+controller+normalizer SPA callbacks: n=2000 mean=3225513.4 ns p50=3216192 ns p90=3291583 ns p99=3458496 ns p99.9=3721209 ns max=3760262 ns
scheduled submit+ALPAO sink+ASDK: n=2000 mean=501.1 ns p50=461 ns p90=621 ns p99=962 ns p99.9=1443 ns max=1684 ns
raw detector frame to ALPAO completion: n=2000 mean=3226014.5 ns p50=3216703 ns p90=3292053 ns p99=3459828 ns p99.9=3721840 ns max=3760843 ns
benchmark-stderr:
perf-stdout:
perf-stderr:
Events disabled
Events enabled
Events disabled


$ GLIBC_TUNABLES=glibc.malloc.hugetlb=0 PW_BENCHMARK_MEMORY=locked chrt -f 88 taskset -c 14 /home/dgamroth/workspaces/codex/pipewire/pipewireao-spa-plugins-profiling/build-profile/spa/plugins/calculon/spa-calculon-full-system-test /home/dgamroth/workspaces/codex/pipewire/pipewireao-spa-plugins-profiling/build-profile/spa/plugins/calculon/libspa-calculon.so /home/dgamroth/workspaces/codex/pipewire/pipewireao-spa-plugins-profiling/build-profile/spa/plugins/alpao/libspa-alpao-mock.so mock 2000 468  512 512 8 8
$ perf stat --no-big-num -x ; --output /home/dgamroth/workspaces/codex/pipewire/pipewireao-spa-plugins-profiling/docs/benchmark-data/calculon-system-memory-pmu-2026-08-25-record/stat-oxiblas-base-locked-l1d-rep3.csv --delay=-1 --control=fd:4,9 -e {cycles:u,instructions:u,L1-dcache-loads:u,L1-dcache-load-misses:u} -t 1307696
benchmark-stdout:
workload: detector=512x512 region=8x8 regions=4096 slopes=8192 actuators=468 matrix-bytes=15335424 memory=locked warmup=256
first-cycle: algorithms=1239725 ns sink=622 ns minor-faults=0 major-faults=0
pixel+controller+normalizer SPA callbacks: n=2000 mean=1112601.7 ns p50=1096166 ns p90=1191866 ns p99=1341446 ns p99.9=1624727 ns max=1686122 ns
scheduled submit+ALPAO sink+ASDK: n=2000 mean=524.2 ns p50=481 ns p90=632 ns p99=952 ns p99.9=1633 ns max=2093 ns
raw detector frame to ALPAO completion: n=2000 mean=1113125.9 ns p50=1096647 ns p90=1192417 ns p99=1342107 ns p99.9=1625358 ns max=1687775 ns
benchmark-stderr:
perf-stdout:
perf-stderr:
Events disabled
Events enabled
Events disabled


$ GLIBC_TUNABLES=glibc.malloc.hugetlb=2 PW_BENCHMARK_MEMORY=locked chrt -f 88 taskset -c 14 /home/dgamroth/workspaces/codex/pipewire/pipewireao-spa-plugins-profiling/build-profile/spa/plugins/calculon/spa-calculon-full-system-test /home/dgamroth/workspaces/codex/pipewire/pipewireao-spa-plugins-profiling/build-profile-scalar/spa/plugins/calculon/libspa-calculon.so /home/dgamroth/workspaces/codex/pipewire/pipewireao-spa-plugins-profiling/build-profile/spa/plugins/alpao/libspa-alpao-mock.so mock 2000 468  512 512 8 8
$ perf stat --no-big-num -x ; --output /home/dgamroth/workspaces/codex/pipewire/pipewireao-spa-plugins-profiling/docs/benchmark-data/calculon-system-memory-pmu-2026-08-25-record/stat-scalar-hugetlb-locked-core-rep3.csv --delay=-1 --control=fd:4,9 -e {cycles:u,instructions:u,branches:u,branch-misses:u} -t 1307760
benchmark-stdout:
workload: detector=512x512 region=8x8 regions=4096 slopes=8192 actuators=468 matrix-bytes=15335424 memory=locked warmup=256
first-cycle: algorithms=3347237 ns sink=1032 ns minor-faults=0 major-faults=0
pixel+controller+normalizer SPA callbacks: n=2000 mean=3220803.0 ns p50=3212825 ns p90=3287265 ns p99=3433650 ns p99.9=3928437 ns max=4066256 ns
scheduled submit+ALPAO sink+ASDK: n=2000 mean=468.5 ns p50=441 ns p90=571 ns p99=932 ns p99.9=1403 ns max=2996 ns
raw detector frame to ALPAO completion: n=2000 mean=3221271.5 ns p50=3213266 ns p90=3287776 ns p99=3434561 ns p99.9=3929098 ns max=4067227 ns
benchmark-stderr:
perf-stdout:
perf-stderr:
Events disabled
Events enabled
Events disabled


$ GLIBC_TUNABLES=glibc.malloc.hugetlb=0 PW_BENCHMARK_MEMORY=prefault chrt -f 88 taskset -c 14 /home/dgamroth/workspaces/codex/pipewire/pipewireao-spa-plugins-profiling/build-profile/spa/plugins/calculon/spa-calculon-full-system-test /home/dgamroth/workspaces/codex/pipewire/pipewireao-spa-plugins-profiling/build-profile/spa/plugins/calculon/libspa-calculon.so /home/dgamroth/workspaces/codex/pipewire/pipewireao-spa-plugins-profiling/build-profile/spa/plugins/alpao/libspa-alpao-mock.so mock 2000 468  512 512 8 8
$ perf stat --no-big-num -x ; --output /home/dgamroth/workspaces/codex/pipewire/pipewireao-spa-plugins-profiling/docs/benchmark-data/calculon-system-memory-pmu-2026-08-25-record/stat-oxiblas-base-prefault-core-rep3.csv --delay=-1 --control=fd:4,9 -e {cycles:u,instructions:u,branches:u,branch-misses:u} -t 1307899
benchmark-stdout:
workload: detector=512x512 region=8x8 regions=4096 slopes=8192 actuators=468 matrix-bytes=15335424 memory=prefault warmup=256
first-cycle: algorithms=1287264 ns sink=761 ns minor-faults=0 major-faults=0
pixel+controller+normalizer SPA callbacks: n=2000 mean=1117083.9 ns p50=1093531 ns p90=1198107 ns p99=1481960 ns p99.9=1662949 ns max=1950628 ns
scheduled submit+ALPAO sink+ASDK: n=2000 mean=534.1 ns p50=481 ns p90=672 ns p99=1042 ns p99.9=1403 ns max=1583 ns
raw detector frame to ALPAO completion: n=2000 mean=1117618.0 ns p50=1094002 ns p90=1198678 ns p99=1482461 ns p99.9=1664031 ns max=1952011 ns
benchmark-stderr:
perf-stdout:
perf-stderr:
Events disabled
Events enabled
Events disabled


$ GLIBC_TUNABLES=glibc.malloc.hugetlb=0 PW_BENCHMARK_MEMORY=default chrt -f 88 taskset -c 14 /home/dgamroth/workspaces/codex/pipewire/pipewireao-spa-plugins-profiling/build-profile/spa/plugins/calculon/spa-calculon-full-system-test /home/dgamroth/workspaces/codex/pipewire/pipewireao-spa-plugins-profiling/build-profile-scalar/spa/plugins/calculon/libspa-calculon.so /home/dgamroth/workspaces/codex/pipewire/pipewireao-spa-plugins-profiling/build-profile/spa/plugins/alpao/libspa-alpao-mock.so mock 2000 468  512 512 8 8
$ perf stat --no-big-num -x ; --output /home/dgamroth/workspaces/codex/pipewire/pipewireao-spa-plugins-profiling/docs/benchmark-data/calculon-system-memory-pmu-2026-08-25-record/stat-scalar-base-default-l1d-rep3.csv --delay=-1 --control=fd:4,9 -e {cycles:u,instructions:u,L1-dcache-loads:u,L1-dcache-load-misses:u} -t 1307951
benchmark-stdout:
workload: detector=512x512 region=8x8 regions=4096 slopes=8192 actuators=468 matrix-bytes=15335424 memory=default warmup=256
first-cycle: algorithms=3196925 ns sink=921 ns minor-faults=1 major-faults=0
pixel+controller+normalizer SPA callbacks: n=2000 mean=3185449.4 ns p50=3180415 ns p90=3253241 ns p99=3477572 ns p99.9=3877753 ns max=4138091 ns
scheduled submit+ALPAO sink+ASDK: n=2000 mean=546.5 ns p50=491 ns p90=732 ns p99=1162 ns p99.9=1543 ns max=2234 ns
raw detector frame to ALPAO completion: n=2000 mean=3185995.9 ns p50=3180926 ns p90=3253952 ns p99=3478193 ns p99.9=3879396 ns max=4139513 ns
benchmark-stderr:
perf-stdout:
perf-stderr:
Events disabled
Events enabled
Events disabled


$ GLIBC_TUNABLES=glibc.malloc.hugetlb=0 PW_BENCHMARK_MEMORY=locked chrt -f 88 taskset -c 14 /home/dgamroth/workspaces/codex/pipewire/pipewireao-spa-plugins-profiling/build-profile/spa/plugins/calculon/spa-calculon-full-system-test /home/dgamroth/workspaces/codex/pipewire/pipewireao-spa-plugins-profiling/build-profile-scalar/spa/plugins/calculon/libspa-calculon.so /home/dgamroth/workspaces/codex/pipewire/pipewireao-spa-plugins-profiling/build-profile/spa/plugins/alpao/libspa-alpao-mock.so mock 2000 468  512 512 8 8
$ perf stat --no-big-num -x ; --output /home/dgamroth/workspaces/codex/pipewire/pipewireao-spa-plugins-profiling/docs/benchmark-data/calculon-system-memory-pmu-2026-08-25-record/stat-scalar-base-locked-l2-rep3.csv --delay=-1 --control=fd:4,9 -e {cycles:u,instructions:u,l2_request_g1.all_no_prefetch:u,l2_cache_req_stat.ic_dc_miss_in_l2:u} -t 1308049
benchmark-stdout:
workload: detector=512x512 region=8x8 regions=4096 slopes=8192 actuators=468 matrix-bytes=15335424 memory=locked warmup=256
first-cycle: algorithms=3285352 ns sink=952 ns minor-faults=0 major-faults=0
pixel+controller+normalizer SPA callbacks: n=2000 mean=3199320.4 ns p50=3185033 ns p90=3277146 ns p99=3457664 ns p99.9=3838629 ns max=4122351 ns
scheduled submit+ALPAO sink+ASDK: n=2000 mean=569.5 ns p50=531 ns p90=792 ns p99=1173 ns p99.9=1934 ns max=5680 ns
raw detector frame to ALPAO completion: n=2000 mean=3199889.8 ns p50=3185494 ns p90=3277828 ns p99=3458396 ns p99.9=3839931 ns max=4124285 ns
benchmark-stderr:
perf-stdout:
perf-stderr:
Events disabled
Events enabled
Events disabled


$ GLIBC_TUNABLES=glibc.malloc.hugetlb=1 PW_BENCHMARK_MEMORY=prefault chrt -f 88 taskset -c 14 /home/dgamroth/workspaces/codex/pipewire/pipewireao-spa-plugins-profiling/build-profile/spa/plugins/calculon/spa-calculon-full-system-test /home/dgamroth/workspaces/codex/pipewire/pipewireao-spa-plugins-profiling/build-profile-scalar/spa/plugins/calculon/libspa-calculon.so /home/dgamroth/workspaces/codex/pipewire/pipewireao-spa-plugins-profiling/build-profile/spa/plugins/alpao/libspa-alpao-mock.so mock 2000 468  512 512 8 8
$ perf stat --no-big-num -x ; --output /home/dgamroth/workspaces/codex/pipewire/pipewireao-spa-plugins-profiling/docs/benchmark-data/calculon-system-memory-pmu-2026-08-25-record/stat-scalar-thp-prefault-l1d-rep3.csv --delay=-1 --control=fd:4,9 -e {cycles:u,instructions:u,L1-dcache-loads:u,L1-dcache-load-misses:u} -t 1308187
benchmark-stdout:
workload: detector=512x512 region=8x8 regions=4096 slopes=8192 actuators=468 matrix-bytes=15335424 memory=prefault warmup=256
first-cycle: algorithms=3192998 ns sink=691 ns minor-faults=0 major-faults=0
pixel+controller+normalizer SPA callbacks: n=2000 mean=3192982.3 ns p50=3174994 ns p90=3273109 ns p99=3522897 ns p99.9=3804315 ns max=6474052 ns
scheduled submit+ALPAO sink+ASDK: n=2000 mean=529.8 ns p50=471 ns p90=691 ns p99=1192 ns p99.9=1473 ns max=7644 ns
raw detector frame to ALPAO completion: n=2000 mean=3193512.1 ns p50=3175726 ns p90=3273560 ns p99=3524169 ns p99.9=3805677 ns max=6474603 ns
benchmark-stderr:
perf-stdout:
perf-stderr:
Events disabled
Events enabled
Events disabled


$ GLIBC_TUNABLES=glibc.malloc.hugetlb=2 PW_BENCHMARK_MEMORY=prefault chrt -f 88 taskset -c 14 /home/dgamroth/workspaces/codex/pipewire/pipewireao-spa-plugins-profiling/build-profile/spa/plugins/calculon/spa-calculon-full-system-test /home/dgamroth/workspaces/codex/pipewire/pipewireao-spa-plugins-profiling/build-profile-scalar/spa/plugins/calculon/libspa-calculon.so /home/dgamroth/workspaces/codex/pipewire/pipewireao-spa-plugins-profiling/build-profile/spa/plugins/alpao/libspa-alpao-mock.so mock 2000 468  512 512 8 8
$ perf stat --no-big-num -x ; --output /home/dgamroth/workspaces/codex/pipewire/pipewireao-spa-plugins-profiling/docs/benchmark-data/calculon-system-memory-pmu-2026-08-25-record/stat-scalar-hugetlb-prefault-l2-rep3.csv --delay=-1 --control=fd:4,9 -e {cycles:u,instructions:u,l2_request_g1.all_no_prefetch:u,l2_cache_req_stat.ic_dc_miss_in_l2:u} -t 1308304
benchmark-stdout:
workload: detector=512x512 region=8x8 regions=4096 slopes=8192 actuators=468 matrix-bytes=15335424 memory=prefault warmup=256
first-cycle: algorithms=3272517 ns sink=721 ns minor-faults=0 major-faults=0
pixel+controller+normalizer SPA callbacks: n=2000 mean=3231569.6 ns p50=3231220 ns p90=3287455 ns p99=3404305 ns p99.9=3617915 ns max=3648513 ns
scheduled submit+ALPAO sink+ASDK: n=2000 mean=490.7 ns p50=451 ns p90=601 ns p99=932 ns p99.9=1343 ns max=1483 ns
raw detector frame to ALPAO completion: n=2000 mean=3232060.3 ns p50=3231711 ns p90=3288077 ns p99=3404816 ns p99.9=3618536 ns max=3649084 ns
benchmark-stderr:
perf-stdout:
perf-stderr:
Events disabled
Events enabled
Events disabled


$ GLIBC_TUNABLES=glibc.malloc.hugetlb=2 PW_BENCHMARK_MEMORY=default chrt -f 88 taskset -c 14 /home/dgamroth/workspaces/codex/pipewire/pipewireao-spa-plugins-profiling/build-profile/spa/plugins/calculon/spa-calculon-full-system-test /home/dgamroth/workspaces/codex/pipewire/pipewireao-spa-plugins-profiling/build-profile-scalar/spa/plugins/calculon/libspa-calculon.so /home/dgamroth/workspaces/codex/pipewire/pipewireao-spa-plugins-profiling/build-profile/spa/plugins/alpao/libspa-alpao-mock.so mock 2000 468  512 512 8 8
$ perf stat --no-big-num -x ; --output /home/dgamroth/workspaces/codex/pipewire/pipewireao-spa-plugins-profiling/docs/benchmark-data/calculon-system-memory-pmu-2026-08-25-record/stat-scalar-hugetlb-default-l2-rep3.csv --delay=-1 --control=fd:4,9 -e {cycles:u,instructions:u,l2_request_g1.all_no_prefetch:u,l2_cache_req_stat.ic_dc_miss_in_l2:u} -t 1308419
benchmark-stdout:
workload: detector=512x512 region=8x8 regions=4096 slopes=8192 actuators=468 matrix-bytes=15335424 memory=default warmup=256
first-cycle: algorithms=3237141 ns sink=702 ns minor-faults=1 major-faults=0
pixel+controller+normalizer SPA callbacks: n=2000 mean=3256917.1 ns p50=3254333 ns p90=3328593 ns p99=3512167 ns p99.9=3660615 ns max=3777114 ns
scheduled submit+ALPAO sink+ASDK: n=2000 mean=530.1 ns p50=501 ns p90=701 ns p99=1012 ns p99.9=1433 ns max=5681 ns
raw detector frame to ALPAO completion: n=2000 mean=3257447.3 ns p50=3254794 ns p90=3329114 ns p99=3512858 ns p99.9=3661827 ns max=3778386 ns
benchmark-stderr:
perf-stdout:
perf-stderr:
Events disabled
Events enabled
Events disabled


$ GLIBC_TUNABLES=glibc.malloc.hugetlb=2 PW_BENCHMARK_MEMORY=default chrt -f 88 taskset -c 14 /home/dgamroth/workspaces/codex/pipewire/pipewireao-spa-plugins-profiling/build-profile/spa/plugins/calculon/spa-calculon-full-system-test /home/dgamroth/workspaces/codex/pipewire/pipewireao-spa-plugins-profiling/build-profile-scalar/spa/plugins/calculon/libspa-calculon.so /home/dgamroth/workspaces/codex/pipewire/pipewireao-spa-plugins-profiling/build-profile/spa/plugins/alpao/libspa-alpao-mock.so mock 2000 468  512 512 8 8
$ perf stat --no-big-num -x ; --output /home/dgamroth/workspaces/codex/pipewire/pipewireao-spa-plugins-profiling/docs/benchmark-data/calculon-system-memory-pmu-2026-08-25-record/stat-scalar-hugetlb-default-l1d-rep3.csv --delay=-1 --control=fd:4,9 -e {cycles:u,instructions:u,L1-dcache-loads:u,L1-dcache-load-misses:u} -t 1308557
benchmark-stdout:
workload: detector=512x512 region=8x8 regions=4096 slopes=8192 actuators=468 matrix-bytes=15335424 memory=default warmup=256
first-cycle: algorithms=3185114 ns sink=722 ns minor-faults=1 major-faults=0
pixel+controller+normalizer SPA callbacks: n=2000 mean=3257525.6 ns p50=3247300 ns p90=3327110 ns p99=3582208 ns p99.9=4128783 ns max=4172074 ns
scheduled submit+ALPAO sink+ASDK: n=2000 mean=531.2 ns p50=511 ns p90=682 ns p99=1152 ns p99.9=1583 ns max=1764 ns
raw detector frame to ALPAO completion: n=2000 mean=3258056.8 ns p50=3247811 ns p90=3328001 ns p99=3582829 ns p99.9=4129895 ns max=4173376 ns
benchmark-stderr:
perf-stdout:
perf-stderr:
Events disabled
Events enabled
Events disabled


$ GLIBC_TUNABLES=glibc.malloc.hugetlb=2 PW_BENCHMARK_MEMORY=default chrt -f 88 taskset -c 14 /home/dgamroth/workspaces/codex/pipewire/pipewireao-spa-plugins-profiling/build-profile/spa/plugins/calculon/spa-calculon-full-system-test /home/dgamroth/workspaces/codex/pipewire/pipewireao-spa-plugins-profiling/build-profile/spa/plugins/calculon/libspa-calculon.so /home/dgamroth/workspaces/codex/pipewire/pipewireao-spa-plugins-profiling/build-profile/spa/plugins/alpao/libspa-alpao-mock.so mock 2000 468  512 512 8 8
$ perf stat --no-big-num -x ; --output /home/dgamroth/workspaces/codex/pipewire/pipewireao-spa-plugins-profiling/docs/benchmark-data/calculon-system-memory-pmu-2026-08-25-record/stat-oxiblas-hugetlb-default-l2-rep3.csv --delay=-1 --control=fd:4,9 -e {cycles:u,instructions:u,l2_request_g1.all_no_prefetch:u,l2_cache_req_stat.ic_dc_miss_in_l2:u} -t 1308688
benchmark-stdout:
workload: detector=512x512 region=8x8 regions=4096 slopes=8192 actuators=468 matrix-bytes=15335424 memory=default warmup=256
first-cycle: algorithms=1304336 ns sink=711 ns minor-faults=1 major-faults=0
pixel+controller+normalizer SPA callbacks: n=2000 mean=1108073.7 ns p50=1089944 ns p90=1172299 ns p99=1413391 ns p99.9=1606643 ns max=1746085 ns
scheduled submit+ALPAO sink+ASDK: n=2000 mean=472.1 ns p50=450 ns p90=551 ns p99=871 ns p99.9=1302 ns max=1362 ns
raw detector frame to ALPAO completion: n=2000 mean=1108545.8 ns p50=1090375 ns p90=1172760 ns p99=1413862 ns p99.9=1608005 ns max=1747387 ns
benchmark-stderr:
perf-stdout:
perf-stderr:
Events disabled
Events enabled
Events disabled


$ GLIBC_TUNABLES=glibc.malloc.hugetlb=0 PW_BENCHMARK_MEMORY=locked chrt -f 88 taskset -c 14 /home/dgamroth/workspaces/codex/pipewire/pipewireao-spa-plugins-profiling/build-profile/spa/plugins/calculon/spa-calculon-full-system-test /home/dgamroth/workspaces/codex/pipewire/pipewireao-spa-plugins-profiling/build-profile/spa/plugins/calculon/libspa-calculon.so /home/dgamroth/workspaces/codex/pipewire/pipewireao-spa-plugins-profiling/build-profile/spa/plugins/alpao/libspa-alpao-mock.so mock 2000 468  512 512 8 8
$ perf stat --no-big-num -x ; --output /home/dgamroth/workspaces/codex/pipewire/pipewireao-spa-plugins-profiling/docs/benchmark-data/calculon-system-memory-pmu-2026-08-25-record/stat-oxiblas-base-locked-core-rep3.csv --delay=-1 --control=fd:4,9 -e {cycles:u,instructions:u,branches:u,branch-misses:u} -t 1308738
benchmark-stdout:
workload: detector=512x512 region=8x8 regions=4096 slopes=8192 actuators=468 matrix-bytes=15335424 memory=locked warmup=256
first-cycle: algorithms=1118448 ns sink=832 ns minor-faults=0 major-faults=0
pixel+controller+normalizer SPA callbacks: n=2000 mean=1127476.7 ns p50=1108408 ns p90=1206884 ns p99=1344421 ns p99.9=1714576 ns max=1980504 ns
scheduled submit+ALPAO sink+ASDK: n=2000 mean=529.7 ns p50=491 ns p90=641 ns p99=1012 ns p99.9=1673 ns max=2324 ns
raw detector frame to ALPAO completion: n=2000 mean=1128006.4 ns p50=1108990 ns p90=1207615 ns p99=1345072 ns p99.9=1715437 ns max=1982197 ns
benchmark-stderr:
perf-stdout:
perf-stderr:
Events disabled
Events enabled
Events disabled


$ GLIBC_TUNABLES=glibc.malloc.hugetlb=0 PW_BENCHMARK_MEMORY=locked chrt -f 88 taskset -c 14 /home/dgamroth/workspaces/codex/pipewire/pipewireao-spa-plugins-profiling/build-profile/spa/plugins/calculon/spa-calculon-full-system-test /home/dgamroth/workspaces/codex/pipewire/pipewireao-spa-plugins-profiling/build-profile-scalar/spa/plugins/calculon/libspa-calculon.so /home/dgamroth/workspaces/codex/pipewire/pipewireao-spa-plugins-profiling/build-profile/spa/plugins/alpao/libspa-alpao-mock.so mock 2000 468  512 512 8 8
$ perf stat --no-big-num -x ; --output /home/dgamroth/workspaces/codex/pipewire/pipewireao-spa-plugins-profiling/docs/benchmark-data/calculon-system-memory-pmu-2026-08-25-record/stat-scalar-base-locked-dtlb-rep3.csv --delay=-1 --control=fd:4,9 -e {cycles:u,instructions:u,l1_dtlb_misses:u,l2_dtlb_misses:u} -t 1308788
benchmark-stdout:
workload: detector=512x512 region=8x8 regions=4096 slopes=8192 actuators=468 matrix-bytes=15335424 memory=locked warmup=256
first-cycle: algorithms=3164184 ns sink=741 ns minor-faults=0 major-faults=0
pixel+controller+normalizer SPA callbacks: n=2000 mean=3190606.5 ns p50=3184893 ns p90=3261135 ns p99=3404014 ns p99.9=3590704 ns max=3757076 ns
scheduled submit+ALPAO sink+ASDK: n=2000 mean=547.3 ns p50=521 ns p90=692 ns p99=1092 ns p99.9=1562 ns max=2425 ns
raw detector frame to ALPAO completion: n=2000 mean=3191153.8 ns p50=3185384 ns p90=3261666 ns p99=3405076 ns p99.9=3591396 ns max=3758438 ns
benchmark-stderr:
perf-stdout:
perf-stderr:
Events disabled
Events enabled
Events disabled


$ GLIBC_TUNABLES=glibc.malloc.hugetlb=1 PW_BENCHMARK_MEMORY=locked chrt -f 88 taskset -c 14 /home/dgamroth/workspaces/codex/pipewire/pipewireao-spa-plugins-profiling/build-profile/spa/plugins/calculon/spa-calculon-full-system-test /home/dgamroth/workspaces/codex/pipewire/pipewireao-spa-plugins-profiling/build-profile-scalar/spa/plugins/calculon/libspa-calculon.so /home/dgamroth/workspaces/codex/pipewire/pipewireao-spa-plugins-profiling/build-profile/spa/plugins/alpao/libspa-alpao-mock.so mock 2000 468  512 512 8 8
$ perf stat --no-big-num -x ; --output /home/dgamroth/workspaces/codex/pipewire/pipewireao-spa-plugins-profiling/docs/benchmark-data/calculon-system-memory-pmu-2026-08-25-record/stat-scalar-thp-locked-l2-rep3.csv --delay=-1 --control=fd:4,9 -e {cycles:u,instructions:u,l2_request_g1.all_no_prefetch:u,l2_cache_req_stat.ic_dc_miss_in_l2:u} -t 1308905
benchmark-stdout:
workload: detector=512x512 region=8x8 regions=4096 slopes=8192 actuators=468 matrix-bytes=15335424 memory=locked warmup=256
first-cycle: algorithms=3176787 ns sink=982 ns minor-faults=0 major-faults=0
pixel+controller+normalizer SPA callbacks: n=2000 mean=3197672.4 ns p50=3187338 ns p90=3266776 ns p99=3471641 ns p99.9=3750183 ns max=4049605 ns
scheduled submit+ALPAO sink+ASDK: n=2000 mean=600.4 ns p50=561 ns p90=831 ns p99=1293 ns p99.9=1744 ns max=2505 ns
raw detector frame to ALPAO completion: n=2000 mean=3198272.8 ns p50=3187769 ns p90=3267538 ns p99=3472923 ns p99.9=3751866 ns max=4050647 ns
benchmark-stderr:
perf-stdout:
perf-stderr:
Events disabled
Events enabled
Events disabled


$ GLIBC_TUNABLES=glibc.malloc.hugetlb=0 PW_BENCHMARK_MEMORY=locked chrt -f 88 taskset -c 14 /home/dgamroth/workspaces/codex/pipewire/pipewireao-spa-plugins-profiling/build-profile/spa/plugins/calculon/spa-calculon-full-system-test /home/dgamroth/workspaces/codex/pipewire/pipewireao-spa-plugins-profiling/build-profile-scalar/spa/plugins/calculon/libspa-calculon.so /home/dgamroth/workspaces/codex/pipewire/pipewireao-spa-plugins-profiling/build-profile/spa/plugins/alpao/libspa-alpao-mock.so mock 2000 468  512 512 8 8
$ perf stat --no-big-num -x ; --output /home/dgamroth/workspaces/codex/pipewire/pipewireao-spa-plugins-profiling/docs/benchmark-data/calculon-system-memory-pmu-2026-08-25-record/stat-scalar-base-locked-l1d-rep3.csv --delay=-1 --control=fd:4,9 -e {cycles:u,instructions:u,L1-dcache-loads:u,L1-dcache-load-misses:u} -t 1309019
benchmark-stdout:
workload: detector=512x512 region=8x8 regions=4096 slopes=8192 actuators=468 matrix-bytes=15335424 memory=locked warmup=256
first-cycle: algorithms=3132705 ns sink=751 ns minor-faults=0 major-faults=0
pixel+controller+normalizer SPA callbacks: n=2000 mean=3191430.6 ns p50=3181276 ns p90=3270804 ns p99=3452755 ns p99.9=3608748 ns max=3651959 ns
scheduled submit+ALPAO sink+ASDK: n=2000 mean=567.5 ns p50=480 ns p90=832 ns p99=1393 ns p99.9=1854 ns max=7023 ns
raw detector frame to ALPAO completion: n=2000 mean=3191998.1 ns p50=3181777 ns p90=3271285 ns p99=3453927 ns p99.9=3609379 ns max=3653111 ns
benchmark-stderr:
perf-stdout:
perf-stderr:
Events disabled
Events enabled
Events disabled


$ GLIBC_TUNABLES=glibc.malloc.hugetlb=1 PW_BENCHMARK_MEMORY=prefault chrt -f 88 taskset -c 14 /home/dgamroth/workspaces/codex/pipewire/pipewireao-spa-plugins-profiling/build-profile/spa/plugins/calculon/spa-calculon-full-system-test /home/dgamroth/workspaces/codex/pipewire/pipewireao-spa-plugins-profiling/build-profile/spa/plugins/calculon/libspa-calculon.so /home/dgamroth/workspaces/codex/pipewire/pipewireao-spa-plugins-profiling/build-profile/spa/plugins/alpao/libspa-alpao-mock.so mock 2000 468  512 512 8 8
$ perf stat --no-big-num -x ; --output /home/dgamroth/workspaces/codex/pipewire/pipewireao-spa-plugins-profiling/docs/benchmark-data/calculon-system-memory-pmu-2026-08-25-record/stat-oxiblas-thp-prefault-dtlb-rep3.csv --delay=-1 --control=fd:4,9 -e {cycles:u,instructions:u,l1_dtlb_misses:u,l2_dtlb_misses:u} -t 1309174
benchmark-stdout:
workload: detector=512x512 region=8x8 regions=4096 slopes=8192 actuators=468 matrix-bytes=15335424 memory=prefault warmup=256
first-cycle: algorithms=1261576 ns sink=831 ns minor-faults=0 major-faults=0
pixel+controller+normalizer SPA callbacks: n=2000 mean=1104799.5 ns p50=1089413 ns p90=1169434 ns p99=1302122 ns p99.9=1527585 ns max=4454484 ns
scheduled submit+ALPAO sink+ASDK: n=2000 mean=592.9 ns p50=551 ns p90=811 ns p99=1072 ns p99.9=1363 ns max=1503 ns
raw detector frame to ALPAO completion: n=2000 mean=1105392.5 ns p50=1090004 ns p90=1170084 ns p99=1302663 ns p99.9=1528166 ns max=4455085 ns
benchmark-stderr:
perf-stdout:
perf-stderr:
Events disabled
Events enabled
Events disabled


$ GLIBC_TUNABLES=glibc.malloc.hugetlb=1 PW_BENCHMARK_MEMORY=locked chrt -f 88 taskset -c 14 /home/dgamroth/workspaces/codex/pipewire/pipewireao-spa-plugins-profiling/build-profile/spa/plugins/calculon/spa-calculon-full-system-test /home/dgamroth/workspaces/codex/pipewire/pipewireao-spa-plugins-profiling/build-profile/spa/plugins/calculon/libspa-calculon.so /home/dgamroth/workspaces/codex/pipewire/pipewireao-spa-plugins-profiling/build-profile/spa/plugins/alpao/libspa-alpao-mock.so mock 2000 468  512 512 8 8
$ perf stat --no-big-num -x ; --output /home/dgamroth/workspaces/codex/pipewire/pipewireao-spa-plugins-profiling/docs/benchmark-data/calculon-system-memory-pmu-2026-08-25-record/stat-oxiblas-thp-locked-faults-rep3.csv --delay=-1 --control=fd:4,9 -e {page-faults,minor-faults,major-faults,context-switches,cpu-migrations} -t 1309240
benchmark-stdout:
workload: detector=512x512 region=8x8 regions=4096 slopes=8192 actuators=468 matrix-bytes=15335424 memory=locked warmup=256
first-cycle: algorithms=1165065 ns sink=682 ns minor-faults=0 major-faults=0
pixel+controller+normalizer SPA callbacks: n=2000 mean=1118766.5 ns p50=1101195 ns p90=1176006 ns p99=1497549 ns p99.9=1819773 ns max=2288031 ns
scheduled submit+ALPAO sink+ASDK: n=2000 mean=500.6 ns p50=461 ns p90=641 ns p99=992 ns p99.9=1763 ns max=8276 ns
raw detector frame to ALPAO completion: n=2000 mean=1119267.1 ns p50=1101666 ns p90=1176517 ns p99=1498180 ns p99.9=1820505 ns max=2289794 ns
benchmark-stderr:
perf-stdout:
perf-stderr:
Events disabled
Events enabled
Events disabled


$ GLIBC_TUNABLES=glibc.malloc.hugetlb=1 PW_BENCHMARK_MEMORY=default chrt -f 88 taskset -c 14 /home/dgamroth/workspaces/codex/pipewire/pipewireao-spa-plugins-profiling/build-profile/spa/plugins/calculon/spa-calculon-full-system-test /home/dgamroth/workspaces/codex/pipewire/pipewireao-spa-plugins-profiling/build-profile-scalar/spa/plugins/calculon/libspa-calculon.so /home/dgamroth/workspaces/codex/pipewire/pipewireao-spa-plugins-profiling/build-profile/spa/plugins/alpao/libspa-alpao-mock.so mock 2000 468  512 512 8 8
$ perf stat --no-big-num -x ; --output /home/dgamroth/workspaces/codex/pipewire/pipewireao-spa-plugins-profiling/docs/benchmark-data/calculon-system-memory-pmu-2026-08-25-record/stat-scalar-thp-default-core-rep3.csv --delay=-1 --control=fd:4,9 -e {cycles:u,instructions:u,branches:u,branch-misses:u} -t 1309308
benchmark-stdout:
workload: detector=512x512 region=8x8 regions=4096 slopes=8192 actuators=468 matrix-bytes=15335424 memory=default warmup=256
first-cycle: algorithms=3235678 ns sink=1293 ns minor-faults=1 major-faults=0
pixel+controller+normalizer SPA callbacks: n=2000 mean=3194336.2 ns p50=3185344 ns p90=3272377 ns p99=3487981 ns p99.9=3711931 ns max=3902368 ns
scheduled submit+ALPAO sink+ASDK: n=2000 mean=565.4 ns p50=521 ns p90=791 ns p99=1323 ns p99.9=1803 ns max=6883 ns
raw detector frame to ALPAO completion: n=2000 mean=3194901.6 ns p50=3185875 ns p90=3273008 ns p99=3490055 ns p99.9=3713614 ns max=3904051 ns
benchmark-stderr:
perf-stdout:
perf-stderr:
Events disabled
Events enabled
Events disabled


$ GLIBC_TUNABLES=glibc.malloc.hugetlb=1 PW_BENCHMARK_MEMORY=locked chrt -f 88 taskset -c 14 /home/dgamroth/workspaces/codex/pipewire/pipewireao-spa-plugins-profiling/build-profile/spa/plugins/calculon/spa-calculon-full-system-test /home/dgamroth/workspaces/codex/pipewire/pipewireao-spa-plugins-profiling/build-profile/spa/plugins/calculon/libspa-calculon.so /home/dgamroth/workspaces/codex/pipewire/pipewireao-spa-plugins-profiling/build-profile/spa/plugins/alpao/libspa-alpao-mock.so mock 2000 468  512 512 8 8
$ perf stat --no-big-num -x ; --output /home/dgamroth/workspaces/codex/pipewire/pipewireao-spa-plugins-profiling/docs/benchmark-data/calculon-system-memory-pmu-2026-08-25-record/stat-oxiblas-thp-locked-l2-rep3.csv --delay=-1 --control=fd:4,9 -e {cycles:u,instructions:u,l2_request_g1.all_no_prefetch:u,l2_cache_req_stat.ic_dc_miss_in_l2:u} -t 1309420
benchmark-stdout:
workload: detector=512x512 region=8x8 regions=4096 slopes=8192 actuators=468 matrix-bytes=15335424 memory=locked warmup=256
first-cycle: algorithms=1217924 ns sink=731 ns minor-faults=0 major-faults=0
pixel+controller+normalizer SPA callbacks: n=2000 mean=1108038.6 ns p50=1090826 ns p90=1176015 ns p99=1403963 ns p99.9=1615389 ns max=1863504 ns
scheduled submit+ALPAO sink+ASDK: n=2000 mean=579.0 ns p50=541 ns p90=751 ns p99=1082 ns p99.9=1363 ns max=1704 ns
raw detector frame to ALPAO completion: n=2000 mean=1108617.5 ns p50=1091446 ns p90=1176536 ns p99=1405136 ns p99.9=1616311 ns max=1864867 ns
benchmark-stderr:
perf-stdout:
perf-stderr:
Events disabled
Events enabled
Events disabled


$ GLIBC_TUNABLES=glibc.malloc.hugetlb=0 PW_BENCHMARK_MEMORY=default chrt -f 88 taskset -c 14 /home/dgamroth/workspaces/codex/pipewire/pipewireao-spa-plugins-profiling/build-profile/spa/plugins/calculon/spa-calculon-full-system-test /home/dgamroth/workspaces/codex/pipewire/pipewireao-spa-plugins-profiling/build-profile/spa/plugins/calculon/libspa-calculon.so /home/dgamroth/workspaces/codex/pipewire/pipewireao-spa-plugins-profiling/build-profile/spa/plugins/alpao/libspa-alpao-mock.so mock 2000 468  512 512 8 8
$ perf stat --no-big-num -x ; --output /home/dgamroth/workspaces/codex/pipewire/pipewireao-spa-plugins-profiling/docs/benchmark-data/calculon-system-memory-pmu-2026-08-25-record/stat-oxiblas-base-default-l2-rep3.csv --delay=-1 --control=fd:4,9 -e {cycles:u,instructions:u,l2_request_g1.all_no_prefetch:u,l2_cache_req_stat.ic_dc_miss_in_l2:u} -t 1309471
benchmark-stdout:
workload: detector=512x512 region=8x8 regions=4096 slopes=8192 actuators=468 matrix-bytes=15335424 memory=default warmup=256
first-cycle: algorithms=1420865 ns sink=1332 ns minor-faults=1 major-faults=0
pixel+controller+normalizer SPA callbacks: n=2000 mean=1106339.0 ns p50=1093440 ns p90=1157591 ns p99=1301140 ns p99.9=1724214 ns max=1740845 ns
scheduled submit+ALPAO sink+ASDK: n=2000 mean=563.5 ns p50=531 ns p90=702 ns p99=1032 ns p99.9=1683 ns max=11101 ns
raw detector frame to ALPAO completion: n=2000 mean=1106902.6 ns p50=1094002 ns p90=1158193 ns p99=1302102 ns p99.9=1725897 ns max=1741726 ns
benchmark-stderr:
perf-stdout:
perf-stderr:
Events disabled
Events enabled
Events disabled


$ GLIBC_TUNABLES=glibc.malloc.hugetlb=0 PW_BENCHMARK_MEMORY=default chrt -f 88 taskset -c 14 /home/dgamroth/workspaces/codex/pipewire/pipewireao-spa-plugins-profiling/build-profile/spa/plugins/calculon/spa-calculon-full-system-test /home/dgamroth/workspaces/codex/pipewire/pipewireao-spa-plugins-profiling/build-profile/spa/plugins/calculon/libspa-calculon.so /home/dgamroth/workspaces/codex/pipewire/pipewireao-spa-plugins-profiling/build-profile/spa/plugins/alpao/libspa-alpao-mock.so mock 2000 468  512 512 8 8
$ perf stat --no-big-num -x ; --output /home/dgamroth/workspaces/codex/pipewire/pipewireao-spa-plugins-profiling/docs/benchmark-data/calculon-system-memory-pmu-2026-08-25-record/stat-oxiblas-base-default-faults-rep3.csv --delay=-1 --control=fd:4,9 -e {page-faults,minor-faults,major-faults,context-switches,cpu-migrations} -t 1309524
benchmark-stdout:
workload: detector=512x512 region=8x8 regions=4096 slopes=8192 actuators=468 matrix-bytes=15335424 memory=default warmup=256
first-cycle: algorithms=1330746 ns sink=642 ns minor-faults=1 major-faults=0
pixel+controller+normalizer SPA callbacks: n=2000 mean=1115352.2 ns p50=1102077 ns p90=1172328 ns p99=1291332 ns p99.9=1352576 ns max=1654002 ns
scheduled submit+ALPAO sink+ASDK: n=2000 mean=542.9 ns p50=521 ns p90=692 ns p99=1041 ns p99.9=1202 ns max=1523 ns
raw detector frame to ALPAO completion: n=2000 mean=1115895.1 ns p50=1102617 ns p90=1172830 ns p99=1292153 ns p99.9=1353127 ns max=1655154 ns
benchmark-stderr:
perf-stdout:
perf-stderr:
Events disabled
Events enabled
Events disabled


$ GLIBC_TUNABLES=glibc.malloc.hugetlb=2 PW_BENCHMARK_MEMORY=default chrt -f 88 taskset -c 14 /home/dgamroth/workspaces/codex/pipewire/pipewireao-spa-plugins-profiling/build-profile/spa/plugins/calculon/spa-calculon-full-system-test /home/dgamroth/workspaces/codex/pipewire/pipewireao-spa-plugins-profiling/build-profile-scalar/spa/plugins/calculon/libspa-calculon.so /home/dgamroth/workspaces/codex/pipewire/pipewireao-spa-plugins-profiling/build-profile/spa/plugins/alpao/libspa-alpao-mock.so mock 2000 468  512 512 8 8
$ perf stat --no-big-num -x ; --output /home/dgamroth/workspaces/codex/pipewire/pipewireao-spa-plugins-profiling/docs/benchmark-data/calculon-system-memory-pmu-2026-08-25-record/stat-scalar-hugetlb-default-faults-rep3.csv --delay=-1 --control=fd:4,9 -e {page-faults,minor-faults,major-faults,context-switches,cpu-migrations} -t 1309564
benchmark-stdout:
workload: detector=512x512 region=8x8 regions=4096 slopes=8192 actuators=468 matrix-bytes=15335424 memory=default warmup=256
first-cycle: algorithms=3207275 ns sink=641 ns minor-faults=1 major-faults=0
pixel+controller+normalizer SPA callbacks: n=2000 mean=3225102.4 ns p50=3216001 ns p90=3297233 ns p99=3424091 ns p99.9=3635048 ns max=3907628 ns
scheduled submit+ALPAO sink+ASDK: n=2000 mean=503.1 ns p50=461 ns p90=632 ns p99=1032 ns p99.9=1573 ns max=2004 ns
raw detector frame to ALPAO completion: n=2000 mean=3225605.5 ns p50=3216442 ns p90=3297704 ns p99=3424883 ns p99.9=3635679 ns max=3909201 ns
benchmark-stderr:
perf-stdout:
perf-stderr:
Events disabled
Events enabled
Events disabled


$ GLIBC_TUNABLES=glibc.malloc.hugetlb=1 PW_BENCHMARK_MEMORY=default chrt -f 88 taskset -c 14 /home/dgamroth/workspaces/codex/pipewire/pipewireao-spa-plugins-profiling/build-profile/spa/plugins/calculon/spa-calculon-full-system-test /home/dgamroth/workspaces/codex/pipewire/pipewireao-spa-plugins-profiling/build-profile/spa/plugins/calculon/libspa-calculon.so /home/dgamroth/workspaces/codex/pipewire/pipewireao-spa-plugins-profiling/build-profile/spa/plugins/alpao/libspa-alpao-mock.so mock 2000 468  512 512 8 8
$ perf stat --no-big-num -x ; --output /home/dgamroth/workspaces/codex/pipewire/pipewireao-spa-plugins-profiling/docs/benchmark-data/calculon-system-memory-pmu-2026-08-25-record/stat-oxiblas-thp-default-dtlb-rep3.csv --delay=-1 --control=fd:4,9 -e {cycles:u,instructions:u,l1_dtlb_misses:u,l2_dtlb_misses:u} -t 1309732
benchmark-stdout:
workload: detector=512x512 region=8x8 regions=4096 slopes=8192 actuators=468 matrix-bytes=15335424 memory=default warmup=256
first-cycle: algorithms=1339723 ns sink=622 ns minor-faults=1 major-faults=0
pixel+controller+normalizer SPA callbacks: n=2000 mean=1104882.7 ns p50=1090946 ns p90=1165376 ns p99=1331828 ns p99.9=1597436 ns max=1686583 ns
scheduled submit+ALPAO sink+ASDK: n=2000 mean=571.5 ns p50=541 ns p90=721 ns p99=1032 ns p99.9=1833 ns max=26460 ns
raw detector frame to ALPAO completion: n=2000 mean=1105454.3 ns p50=1091607 ns p90=1166547 ns p99=1332419 ns p99.9=1598318 ns max=1687365 ns
benchmark-stderr:
perf-stdout:
perf-stderr:
Events disabled
Events enabled
Events disabled


$ GLIBC_TUNABLES=glibc.malloc.hugetlb=0 PW_BENCHMARK_MEMORY=default chrt -f 88 taskset -c 14 /home/dgamroth/workspaces/codex/pipewire/pipewireao-spa-plugins-profiling/build-profile/spa/plugins/calculon/spa-calculon-full-system-test /home/dgamroth/workspaces/codex/pipewire/pipewireao-spa-plugins-profiling/build-profile-scalar/spa/plugins/calculon/libspa-calculon.so /home/dgamroth/workspaces/codex/pipewire/pipewireao-spa-plugins-profiling/build-profile/spa/plugins/alpao/libspa-alpao-mock.so mock 2000 468  512 512 8 8
$ perf stat --no-big-num -x ; --output /home/dgamroth/workspaces/codex/pipewire/pipewireao-spa-plugins-profiling/docs/benchmark-data/calculon-system-memory-pmu-2026-08-25-record/stat-scalar-base-default-dtlb-rep3.csv --delay=-1 --control=fd:4,9 -e {cycles:u,instructions:u,l1_dtlb_misses:u,l2_dtlb_misses:u} -t 1309782
benchmark-stdout:
workload: detector=512x512 region=8x8 regions=4096 slopes=8192 actuators=468 matrix-bytes=15335424 memory=default warmup=256
first-cycle: algorithms=3224307 ns sink=952 ns minor-faults=1 major-faults=0
pixel+controller+normalizer SPA callbacks: n=2000 mean=3181243.5 ns p50=3166960 ns p90=3262469 ns p99=3500134 ns p99.9=3746636 ns max=3858907 ns
scheduled submit+ALPAO sink+ASDK: n=2000 mean=564.1 ns p50=511 ns p90=821 ns p99=1383 ns p99.9=2214 ns max=2355 ns
raw detector frame to ALPAO completion: n=2000 mean=3181807.6 ns p50=3167610 ns p90=3263360 ns p99=3500745 ns p99.9=3748600 ns max=3859929 ns
benchmark-stderr:
perf-stdout:
perf-stderr:
Events disabled
Events enabled
Events disabled


$ GLIBC_TUNABLES=glibc.malloc.hugetlb=1 PW_BENCHMARK_MEMORY=locked chrt -f 88 taskset -c 14 /home/dgamroth/workspaces/codex/pipewire/pipewireao-spa-plugins-profiling/build-profile/spa/plugins/calculon/spa-calculon-full-system-test /home/dgamroth/workspaces/codex/pipewire/pipewireao-spa-plugins-profiling/build-profile-scalar/spa/plugins/calculon/libspa-calculon.so /home/dgamroth/workspaces/codex/pipewire/pipewireao-spa-plugins-profiling/build-profile/spa/plugins/alpao/libspa-alpao-mock.so mock 2000 468  512 512 8 8
$ perf stat --no-big-num -x ; --output /home/dgamroth/workspaces/codex/pipewire/pipewireao-spa-plugins-profiling/docs/benchmark-data/calculon-system-memory-pmu-2026-08-25-record/stat-scalar-thp-locked-dtlb-rep3.csv --delay=-1 --control=fd:4,9 -e {cycles:u,instructions:u,l1_dtlb_misses:u,l2_dtlb_misses:u} -t 1309903
benchmark-stdout:
workload: detector=512x512 region=8x8 regions=4096 slopes=8192 actuators=468 matrix-bytes=15335424 memory=locked warmup=256
first-cycle: algorithms=3202787 ns sink=852 ns minor-faults=0 major-faults=0
pixel+controller+normalizer SPA callbacks: n=2000 mean=3207076.4 ns p50=3200893 ns p90=3276325 ns p99=3550228 ns p99.9=3880257 ns max=4077287 ns
scheduled submit+ALPAO sink+ASDK: n=2000 mean=605.4 ns p50=561 ns p90=842 ns p99=1212 ns p99.9=1763 ns max=2144 ns
raw detector frame to ALPAO completion: n=2000 mean=3207681.8 ns p50=3201464 ns p90=3276876 ns p99=3550959 ns p99.9=3881630 ns max=4078038 ns
benchmark-stderr:
perf-stdout:
perf-stderr:
Events disabled
Events enabled
Events disabled


$ GLIBC_TUNABLES=glibc.malloc.hugetlb=2 PW_BENCHMARK_MEMORY=prefault chrt -f 88 taskset -c 14 /home/dgamroth/workspaces/codex/pipewire/pipewireao-spa-plugins-profiling/build-profile/spa/plugins/calculon/spa-calculon-full-system-test /home/dgamroth/workspaces/codex/pipewire/pipewireao-spa-plugins-profiling/build-profile/spa/plugins/calculon/libspa-calculon.so /home/dgamroth/workspaces/codex/pipewire/pipewireao-spa-plugins-profiling/build-profile/spa/plugins/alpao/libspa-alpao-mock.so mock 2000 468  512 512 8 8
$ perf stat --no-big-num -x ; --output /home/dgamroth/workspaces/codex/pipewire/pipewireao-spa-plugins-profiling/docs/benchmark-data/calculon-system-memory-pmu-2026-08-25-record/stat-oxiblas-hugetlb-prefault-core-rep3.csv --delay=-1 --control=fd:4,9 -e {cycles:u,instructions:u,branches:u,branch-misses:u} -t 1310004
benchmark-stdout:
workload: detector=512x512 region=8x8 regions=4096 slopes=8192 actuators=468 matrix-bytes=15335424 memory=prefault warmup=256
first-cycle: algorithms=1317491 ns sink=691 ns minor-faults=0 major-faults=0
pixel+controller+normalizer SPA callbacks: n=2000 mean=1106432.0 ns p50=1091467 ns p90=1172710 ns p99=1312762 ns p99.9=1596344 ns max=1625569 ns
scheduled submit+ALPAO sink+ASDK: n=2000 mean=500.5 ns p50=461 ns p90=591 ns p99=942 ns p99.9=1353 ns max=1613 ns
raw detector frame to ALPAO completion: n=2000 mean=1106932.6 ns p50=1091978 ns p90=1173160 ns p99=1313283 ns p99.9=1597647 ns max=1625950 ns
benchmark-stderr:
perf-stdout:
perf-stderr:
Events disabled
Events enabled
Events disabled


$ GLIBC_TUNABLES=glibc.malloc.hugetlb=1 PW_BENCHMARK_MEMORY=locked chrt -f 88 taskset -c 14 /home/dgamroth/workspaces/codex/pipewire/pipewireao-spa-plugins-profiling/build-profile/spa/plugins/calculon/spa-calculon-full-system-test /home/dgamroth/workspaces/codex/pipewire/pipewireao-spa-plugins-profiling/build-profile/spa/plugins/calculon/libspa-calculon.so /home/dgamroth/workspaces/codex/pipewire/pipewireao-spa-plugins-profiling/build-profile/spa/plugins/alpao/libspa-alpao-mock.so mock 2000 468  512 512 8 8
$ perf stat --no-big-num -x ; --output /home/dgamroth/workspaces/codex/pipewire/pipewireao-spa-plugins-profiling/docs/benchmark-data/calculon-system-memory-pmu-2026-08-25-record/stat-oxiblas-thp-locked-dtlb-rep3.csv --delay=-1 --control=fd:4,9 -e {cycles:u,instructions:u,l1_dtlb_misses:u,l2_dtlb_misses:u} -t 1310053
benchmark-stdout:
workload: detector=512x512 region=8x8 regions=4096 slopes=8192 actuators=468 matrix-bytes=15335424 memory=locked warmup=256
first-cycle: algorithms=1262167 ns sink=652 ns minor-faults=0 major-faults=0
pixel+controller+normalizer SPA callbacks: n=2000 mean=1117042.0 ns p50=1104462 ns p90=1170796 ns p99=1338420 ns p99.9=1568421 ns max=1643803 ns
scheduled submit+ALPAO sink+ASDK: n=2000 mean=603.0 ns p50=561 ns p90=802 ns p99=1082 ns p99.9=1402 ns max=1603 ns
raw detector frame to ALPAO completion: n=2000 mean=1117645.0 ns p50=1104962 ns p90=1171417 ns p99=1339141 ns p99.9=1569062 ns max=1645075 ns
benchmark-stderr:
perf-stdout:
perf-stderr:
Events disabled
Events enabled
Events disabled


$ GLIBC_TUNABLES=glibc.malloc.hugetlb=0 PW_BENCHMARK_MEMORY=locked chrt -f 88 taskset -c 14 /home/dgamroth/workspaces/codex/pipewire/pipewireao-spa-plugins-profiling/build-profile/spa/plugins/calculon/spa-calculon-full-system-test /home/dgamroth/workspaces/codex/pipewire/pipewireao-spa-plugins-profiling/build-profile/spa/plugins/calculon/libspa-calculon.so /home/dgamroth/workspaces/codex/pipewire/pipewireao-spa-plugins-profiling/build-profile/spa/plugins/alpao/libspa-alpao-mock.so mock 2000 468  512 512 8 8
$ perf stat --no-big-num -x ; --output /home/dgamroth/workspaces/codex/pipewire/pipewireao-spa-plugins-profiling/docs/benchmark-data/calculon-system-memory-pmu-2026-08-25-record/stat-oxiblas-base-locked-dtlb-rep3.csv --delay=-1 --control=fd:4,9 -e {cycles:u,instructions:u,l1_dtlb_misses:u,l2_dtlb_misses:u} -t 1310101
benchmark-stdout:
workload: detector=512x512 region=8x8 regions=4096 slopes=8192 actuators=468 matrix-bytes=15335424 memory=locked warmup=256
first-cycle: algorithms=1331838 ns sink=781 ns minor-faults=0 major-faults=0
pixel+controller+normalizer SPA callbacks: n=2000 mean=1113041.5 ns p50=1095956 ns p90=1178460 ns p99=1331297 ns p99.9=1556188 ns max=1927885 ns
scheduled submit+ALPAO sink+ASDK: n=2000 mean=596.4 ns p50=541 ns p90=731 ns p99=1092 ns p99.9=7634 ns max=25037 ns
raw detector frame to ALPAO completion: n=2000 mean=1113637.9 ns p50=1096497 ns p90=1179021 ns p99=1332208 ns p99.9=1557050 ns max=1929268 ns
benchmark-stderr:
perf-stdout:
perf-stderr:
Events disabled
Events enabled
Events disabled


$ GLIBC_TUNABLES=glibc.malloc.hugetlb=2 PW_BENCHMARK_MEMORY=prefault chrt -f 88 taskset -c 14 /home/dgamroth/workspaces/codex/pipewire/pipewireao-spa-plugins-profiling/build-profile/spa/plugins/calculon/spa-calculon-full-system-test /home/dgamroth/workspaces/codex/pipewire/pipewireao-spa-plugins-profiling/build-profile-scalar/spa/plugins/calculon/libspa-calculon.so /home/dgamroth/workspaces/codex/pipewire/pipewireao-spa-plugins-profiling/build-profile/spa/plugins/alpao/libspa-alpao-mock.so mock 2000 468  512 512 8 8
$ perf stat --no-big-num -x ; --output /home/dgamroth/workspaces/codex/pipewire/pipewireao-spa-plugins-profiling/docs/benchmark-data/calculon-system-memory-pmu-2026-08-25-record/stat-scalar-hugetlb-prefault-core-rep3.csv --delay=-1 --control=fd:4,9 -e {cycles:u,instructions:u,branches:u,branch-misses:u} -t 1310165
benchmark-stdout:
workload: detector=512x512 region=8x8 regions=4096 slopes=8192 actuators=468 matrix-bytes=15335424 memory=prefault warmup=256
first-cycle: algorithms=3261296 ns sink=952 ns minor-faults=0 major-faults=0
pixel+controller+normalizer SPA callbacks: n=2000 mean=3242953.2 ns p50=3228444 ns p90=3314215 ns p99=3486208 ns p99.9=3636831 ns max=6560503 ns
scheduled submit+ALPAO sink+ASDK: n=2000 mean=489.7 ns p50=451 ns p90=621 ns p99=932 ns p99.9=1243 ns max=1443 ns
raw detector frame to ALPAO completion: n=2000 mean=3243442.9 ns p50=3228955 ns p90=3314717 ns p99=3486919 ns p99.9=3637652 ns max=6561365 ns
benchmark-stderr:
perf-stdout:
perf-stderr:
Events disabled
Events enabled
Events disabled


$ GLIBC_TUNABLES=glibc.malloc.hugetlb=1 PW_BENCHMARK_MEMORY=locked chrt -f 88 taskset -c 14 /home/dgamroth/workspaces/codex/pipewire/pipewireao-spa-plugins-profiling/build-profile/spa/plugins/calculon/spa-calculon-full-system-test /home/dgamroth/workspaces/codex/pipewire/pipewireao-spa-plugins-profiling/build-profile-scalar/spa/plugins/calculon/libspa-calculon.so /home/dgamroth/workspaces/codex/pipewire/pipewireao-spa-plugins-profiling/build-profile/spa/plugins/alpao/libspa-alpao-mock.so mock 2000 468  512 512 8 8
$ perf stat --no-big-num -x ; --output /home/dgamroth/workspaces/codex/pipewire/pipewireao-spa-plugins-profiling/docs/benchmark-data/calculon-system-memory-pmu-2026-08-25-record/stat-scalar-thp-locked-l1d-rep3.csv --delay=-1 --control=fd:4,9 -e {cycles:u,instructions:u,L1-dcache-loads:u,L1-dcache-load-misses:u} -t 1310302
benchmark-stdout:
workload: detector=512x512 region=8x8 regions=4096 slopes=8192 actuators=468 matrix-bytes=15335424 memory=locked warmup=256
first-cycle: algorithms=3172480 ns sink=782 ns minor-faults=0 major-faults=0
pixel+controller+normalizer SPA callbacks: n=2000 mean=3213861.4 ns p50=3208247 ns p90=3282967 ns p99=3541341 ns p99.9=3804264 ns max=4344618 ns
scheduled submit+ALPAO sink+ASDK: n=2000 mean=602.2 ns p50=551 ns p90=852 ns p99=1312 ns p99.9=2043 ns max=6803 ns
raw detector frame to ALPAO completion: n=2000 mean=3214463.7 ns p50=3208738 ns p90=3283538 ns p99=3542103 ns p99.9=3805246 ns max=4345299 ns
benchmark-stderr:
perf-stdout:
perf-stderr:
Events disabled
Events enabled
Events disabled


$ GLIBC_TUNABLES=glibc.malloc.hugetlb=2 PW_BENCHMARK_MEMORY=locked chrt -f 88 taskset -c 14 /home/dgamroth/workspaces/codex/pipewire/pipewireao-spa-plugins-profiling/build-profile/spa/plugins/calculon/spa-calculon-full-system-test /home/dgamroth/workspaces/codex/pipewire/pipewireao-spa-plugins-profiling/build-profile-scalar/spa/plugins/calculon/libspa-calculon.so /home/dgamroth/workspaces/codex/pipewire/pipewireao-spa-plugins-profiling/build-profile/spa/plugins/alpao/libspa-alpao-mock.so mock 2000 468  512 512 8 8
$ perf stat --no-big-num -x ; --output /home/dgamroth/workspaces/codex/pipewire/pipewireao-spa-plugins-profiling/docs/benchmark-data/calculon-system-memory-pmu-2026-08-25-record/stat-scalar-hugetlb-locked-l2-rep3.csv --delay=-1 --control=fd:4,9 -e {cycles:u,instructions:u,l2_request_g1.all_no_prefetch:u,l2_cache_req_stat.ic_dc_miss_in_l2:u} -t 1310454
benchmark-stdout:
workload: detector=512x512 region=8x8 regions=4096 slopes=8192 actuators=468 matrix-bytes=15335424 memory=locked warmup=256
first-cycle: algorithms=3236600 ns sink=1252 ns minor-faults=0 major-faults=0
pixel+controller+normalizer SPA callbacks: n=2000 mean=3237202.4 ns p50=3224057 ns p90=3314175 ns p99=3477261 ns p99.9=3855220 ns max=4171573 ns
scheduled submit+ALPAO sink+ASDK: n=2000 mean=485.6 ns p50=441 ns p90=632 ns p99=1162 ns p99.9=1663 ns max=1743 ns
raw detector frame to ALPAO completion: n=2000 mean=3237688.0 ns p50=3224547 ns p90=3314777 ns p99=3478434 ns p99.9=3855942 ns max=4172735 ns
benchmark-stderr:
perf-stdout:
perf-stderr:
Events disabled
Events enabled
Events disabled


$ GLIBC_TUNABLES=glibc.malloc.hugetlb=0 PW_BENCHMARK_MEMORY=default chrt -f 88 taskset -c 14 /home/dgamroth/workspaces/codex/pipewire/pipewireao-spa-plugins-profiling/build-profile/spa/plugins/calculon/spa-calculon-full-system-test /home/dgamroth/workspaces/codex/pipewire/pipewireao-spa-plugins-profiling/build-profile/spa/plugins/calculon/libspa-calculon.so /home/dgamroth/workspaces/codex/pipewire/pipewireao-spa-plugins-profiling/build-profile/spa/plugins/alpao/libspa-alpao-mock.so mock 2000 468  512 512 8 8
$ perf stat --no-big-num -x ; --output /home/dgamroth/workspaces/codex/pipewire/pipewireao-spa-plugins-profiling/docs/benchmark-data/calculon-system-memory-pmu-2026-08-25-record/stat-oxiblas-base-default-l1d-rep3.csv --delay=-1 --control=fd:4,9 -e {cycles:u,instructions:u,L1-dcache-loads:u,L1-dcache-load-misses:u} -t 1310578
benchmark-stdout:
workload: detector=512x512 region=8x8 regions=4096 slopes=8192 actuators=468 matrix-bytes=15335424 memory=default warmup=256
first-cycle: algorithms=1243893 ns sink=641 ns minor-faults=1 major-faults=0
pixel+controller+normalizer SPA callbacks: n=2000 mean=1119643.9 ns p50=1102217 ns p90=1182488 ns p99=1434300 ns p99.9=1697994 ns max=1722481 ns
scheduled submit+ALPAO sink+ASDK: n=2000 mean=546.2 ns p50=521 ns p90=661 ns p99=1032 ns p99.9=1623 ns max=7915 ns
raw detector frame to ALPAO completion: n=2000 mean=1120190.1 ns p50=1102658 ns p90=1182979 ns p99=1435232 ns p99.9=1698786 ns max=1723352 ns
benchmark-stderr:
perf-stdout:
perf-stderr:
Events disabled
Events enabled
Events disabled

