repetition,implementation,page_policy,memory_policy,group,samples,warmup,cpu,rt_priority,measurement_seconds,first_algorithm_ns,first_sink_ns,first_minor_faults,first_major_faults,algorithm_mean_ns,algorithm_p50_ns,algorithm_p90_ns,algorithm_p99_ns,algorithm_p99_9_ns,algorithm_max_ns,sink_mean_ns,sink_p50_ns,sink_p90_ns,sink_p99_ns,sink_p99_9_ns,sink_max_ns,total_mean_ns,total_p50_ns,total_p90_ns,total_p99_ns,total_p99_9_ns,total_max_ns,rss_kb,anon_huge_kb,private_hugetlb_kb,shared_hugetlb_kb,locked_kb,vm_lck_kb,cycles_per_frame,instructions_per_frame,ipc,branches_per_frame,branch_miss_rate,l1d_loads_per_frame,l1d_misses_per_frame,l1d_miss_rate,l2_requests_per_frame,l2_misses_per_frame,l2_miss_rate,l1_dtlb_misses_per_frame,l2_dtlb_misses_per_frame,page_faults,minor_faults,major_faults,context_switches,cpu_migrations,minimum_counter_coverage_percent,latency_csv,raw_perf_stat
1,scalar,base,default,l1d,2000,256,14,88,6.326024802401662,3437286,1262,1,0,3162394.1,3152893,3235848,3394025,3744953,3768327,543.7,481,722,1263,2034,6282,3162937.8,3153494,3236340,3395107,3745765,3769128,56912,38912,0,0,0,0,14003726.6105,25242098.413,1.8025272211522227,,,9689681.1925,643736.6905,0.06643528076014148,,,,,,,,,,,100.0,latency-scalar-base-default-l1d-rep1.csv,stat-scalar-base-default-l1d-rep1.csv
1,oxiblas,base,locked,faults,2000,256,14,88,2.2347617652267218,1389356,1132,0,0,1116698.3,1095896,1191554,1413671,1815916,1997697,595.6,561,752,1082,1653,8416,1117293.9,1096396,1192186,1415324,1816978,1998578,57872,36864,0,0,55748,57864,,,,,,,,,,,,,,0,0,0,13,0,100.0,latency-oxiblas-base-locked-faults-rep1.csv,stat-oxiblas-base-locked-faults-rep1.csv
1,oxiblas,hugetlb,prefault,l2,2000,256,14,88,2.19352731667459,1304276,691,0,0,1096187.6,1083381,1147302,1276544,1497057,1644655,499.7,470,571,942,1112,1222,1096687.4,1083843,1147933,1276995,1497959,1645877,3412,0,38912,0,0,0,4796209.1915,12379968.3705,2.5811985833395648,,,,,,645894.414,34544.7475,0.0534835829993724,,,,,,,,100.0,latency-oxiblas-hugetlb-prefault-l2-rep1.csv,stat-oxiblas-hugetlb-prefault-l2-rep1.csv
1,scalar,hugetlb,prefault,core,2000,256,14,88,6.396123645827174,3258050,701,0,0,3197497.4,3190824,3263651,3394837,3539828,3571839,478.8,441,601,931,1222,1944,3197976.1,3191275,3264122,3395618,3540710,3572380,3400,0,38912,0,0,0,14119361.5285,25241073.927,1.7876923029451983,3277251.8555,0.00030849765125718454,,,,,,,,,,,,,,100.0,latency-scalar-hugetlb-prefault-core-rep1.csv,stat-scalar-hugetlb-prefault-core-rep1.csv
1,scalar,thp,locked,core,2000,256,14,88,6.340114800259471,3161188,671,0,0,3169411.2,3160948,3242711,3397602,3614348,3689159,571.6,531,812,1202,1723,1793,3169982.8,3161489,3243443,3398363,3614829,3690161,57860,38912,0,0,55736,57852,13954973.9005,25242097.908,1.8088244440998624,3277251.8485,0.0003094489062426415,,,,,,,,,,,,,,100.0,latency-scalar-thp-locked-core-rep1.csv,stat-scalar-thp-locked-core-rep1.csv
1,scalar,thp,prefault,core,2000,256,14,88,6.357994619756937,3218035,1683,0,0,3178243.6,3170396,3256828,3369990,3577800,4302970,639.6,611,872,1263,1603,1793,3178883.1,3171157,3257439,3371002,3578671,4303851,57860,38912,0,0,0,0,13991509.4045,25242097.928,1.804101130066892,3277251.8565,0.0003099708366890355,,,,,,,,,,,,,,100.0,latency-scalar-thp-prefault-core-rep1.csv,stat-scalar-thp-prefault-core-rep1.csv
1,scalar,base,locked,core,2000,256,14,88,6.344127852469683,3150719,761,0,0,3171451.4,3164886,3239966,3418200,3554386,3599250,536.0,481,761,1163,1583,1844,3171987.4,3165307,3240547,3419413,3555968,3600142,57860,38912,0,0,55736,57852,13955722.721,25242097.946,1.8087273909517223,3277251.8565,0.0003092954232338231,,,,,,,,,,,,,,100.0,latency-scalar-base-locked-core-rep1.csv,stat-scalar-base-locked-core-rep1.csv
1,oxiblas,base,locked,l2,2000,256,14,88,2.1921313423663378,1278838,811,0,0,1095392.9,1083943,1150848,1259121,1344612,1987237,546.9,521,711,1052,1413,2014,1095939.8,1084383,1151330,1259672,1345624,1988640,57872,38912,0,0,55748,57864,4766269.9655,12380992.372,2.5976271721111344,,,,,,646649.5295,21769.896,0.03366567979541072,,,,,,,,100.0,latency-oxiblas-base-locked-l2-rep1.csv,stat-oxiblas-base-locked-l2-rep1.csv
1,scalar,base,default,core,2000,256,14,88,6.3613926358520985,3254443,1292,1,0,3180045.7,3175816,3249785,3363729,3510504,4045557,537.6,481,742,1152,1593,2174,3180583.3,3176287,3250336,3364400,3511556,4047240,56904,38912,0,0,0,0,13976673.1885,25242097.9145,1.8060161795347112,3277251.849,0.0003099891454207247,,,,,,,,,,,,,,100.0,latency-scalar-base-default-core-rep1.csv,stat-scalar-base-default-core-rep1.csv
1,scalar,base,prefault,dtlb,2000,256,14,88,6.381626576185226,3291303,1183,0,0,3190114.6,3180464,3265834,3602977,3709757,4173076,603.2,541,881,1283,1913,2274,3190717.8,3180905,3266426,3604270,3710749,4174659,57860,40960,0,0,0,0,14007233.366,25242097.924,1.8020759178090502,,,,,,,,,1991.303,183.1925,,,,,,100.0,latency-scalar-base-prefault-dtlb-rep1.csv,stat-scalar-base-prefault-dtlb-rep1.csv
1,oxiblas,hugetlb,prefault,faults,2000,256,14,88,2.244055461138487,1322410,822,0,0,1121415.2,1094763,1199579,1545659,2006694,2054473,527.4,461,671,1022,1603,13475,1121942.6,1095224,1200120,1546370,2008156,2055485,3412,0,38912,0,0,0,,,,,,,,,,,,,,0,0,0,16,0,100.0,latency-oxiblas-hugetlb-prefault-faults-rep1.csv,stat-oxiblas-hugetlb-prefault-faults-rep1.csv
1,scalar,hugetlb,prefault,dtlb,2000,256,14,88,6.472670434042811,3282556,841,0,0,3235753.8,3225279,3309276,3473384,3639876,3910003,508.2,451,671,1082,1603,1753,3236262.0,3225780,3309987,3474306,3640527,3911355,3400,0,38912,0,0,0,14214696.4185,25241073.9575,1.7757026400261,,,,,,,,,26.437,1.697,,,,,,100.0,latency-scalar-hugetlb-prefault-dtlb-rep1.csv,stat-scalar-hugetlb-prefault-dtlb-rep1.csv
1,scalar,hugetlb,locked,faults,2000,256,14,88,6.451233910396695,3174454,732,0,0,3225080.7,3220299,3294017,3419242,3654323,4020771,489.3,451,621,942,1263,1413,3225570.0,3220710,3294468,3419853,3654844,4021993,3400,0,38912,0,1276,3392,,,,,,,,,,,,,,0,0,0,70,0,100.0,latency-scalar-hugetlb-locked-faults-rep1.csv,stat-scalar-hugetlb-locked-faults-rep1.csv
1,scalar,thp,prefault,l1d,2000,256,14,88,6.384354755282402,3257790,1012,0,0,3191484.2,3181877,3266265,3441234,3688898,4130677,604.0,551,842,1193,2575,5360,3192088.2,3182338,3266936,3442326,3689900,4132420,57860,40960,0,0,0,0,14000020.8205,25242097.933,1.803004313824906,,,9688424.309,643344.8185,0.066403451993981,,,,,,,,,,,100.0,latency-scalar-thp-prefault-l1d-rep1.csv,stat-scalar-thp-prefault-l1d-rep1.csv
1,oxiblas,thp,locked,l2,2000,256,14,88,2.236711023375392,1146040,822,0,0,1117720.4,1098189,1179733,1513698,1698396,2088858,552.7,531,642,1011,1774,9278,1118273.1,1098761,1180444,1514370,1699037,2090551,57872,38912,0,0,55748,57864,4850073.8845,12380992.3835,2.552743046465234,,,,,,646372.018,21894.8535,0.03387345505417594,,,,,,,,100.0,latency-oxiblas-thp-locked-l2-rep1.csv,stat-oxiblas-thp-locked-l2-rep1.csv
1,oxiblas,hugetlb,locked,dtlb,2000,256,14,88,2.2032510843127966,1309977,712,0,0,1101063.6,1090075,1152601,1274821,1447545,1626871,500.8,461,561,961,1182,6913,1101564.3,1090526,1153092,1275312,1448397,1628033,3412,0,38912,0,1288,3404,4782397.6505,12379968.37,2.588653072106138,,,,,,,,,6.359,0.4535,,,,,,100.0,latency-oxiblas-hugetlb-locked-dtlb-rep1.csv,stat-oxiblas-hugetlb-locked-dtlb-rep1.csv
1,scalar,base,default,l2,2000,256,14,88,6.355145296081901,3236550,752,1,0,3176921.0,3169534,3248913,3441333,3630088,4055004,566.6,491,812,1352,1994,7745,3177487.6,3170015,3249655,3442085,3631431,4056998,56880,38912,0,0,0,0,13938288.133,25242098.172,1.8109898382884864,,,,,,644406.918,22655.126,0.035156553052399106,,,,,,,,100.0,latency-scalar-base-default-l2-rep1.csv,stat-scalar-base-default-l2-rep1.csv
1,scalar,base,locked,l2,2000,256,14,88,6.368550445884466,3258171,902,0,0,3183636.8,3177759,3257079,3420014,3672848,3826907,555.3,511,771,1212,1673,4929,3184192.0,3178291,3257990,3420866,3674061,3828259,57860,38912,0,0,55736,57852,13963981.3135,25242097.9225,1.8076576698148845,,,,,,643274.4675,22454.838,0.03490708730795382,,,,,,,,100.0,latency-scalar-base-locked-l2-rep1.csv,stat-scalar-base-locked-l2-rep1.csv
1,oxiblas,base,prefault,faults,2000,256,14,88,2.225452736020088,1422247,1112,0,0,1112073.4,1094592,1182428,1354380,1667447,1927625,581.8,551,741,1112,1673,6983,1112655.1,1095153,1183029,1355302,1668619,1928927,57872,38912,0,0,0,0,,,,,,,,,,,,,,0,0,0,17,0,100.0,latency-oxiblas-base-prefault-faults-rep1.csv,stat-oxiblas-base-prefault-faults-rep1.csv
1,scalar,hugetlb,prefault,l1d,2000,256,14,88,6.492377854883671,3244695,841,0,0,3245592.0,3238173,3313424,3556871,3745254,3808653,531.6,461,752,1192,1623,1823,3246123.6,3238613,3314045,3557341,3746336,3810116,3400,0,38912,0,0,0,14179630.1435,25241073.948,1.7800939582031772,,,9718721.959,643485.4745,0.0662109150991918,,,,,,,,,,,100.0,latency-scalar-hugetlb-prefault-l1d-rep1.csv,stat-scalar-hugetlb-prefault-l1d-rep1.csv
1,oxiblas,thp,prefault,l2,2000,256,14,88,2.2226800695061684,1318402,731,0,0,1110710.1,1095064,1178500,1317331,1635768,1765311,548.2,531,701,1032,1432,2004,1111258.3,1095625,1179152,1318303,1636860,1766142,57872,38912,0,0,0,0,4816466.0025,12380992.373,2.5705553338430316,,,,,,647186.224,21176.577,0.0327209946916299,,,,,,,,100.0,latency-oxiblas-thp-prefault-l2-rep1.csv,stat-oxiblas-thp-prefault-l2-rep1.csv
1,scalar,hugetlb,default,l2,2000,256,14,88,6.447425926104188,3247190,912,1,0,3223092.4,3219228,3295210,3403944,3625820,3996215,534.7,511,691,1092,1493,6923,3223627.1,3219739,3295741,3404585,3626822,3997858,2580,0,38912,0,0,0,14128788.4835,25241073.95,1.7864995275056486,,,,,,643877.2275,33539.391,0.052089730103088636,,,,,,,,100.0,latency-scalar-hugetlb-default-l2-rep1.csv,stat-scalar-hugetlb-default-l2-rep1.csv
1,scalar,thp,locked,dtlb,2000,256,14,88,6.406707409769297,3178801,832,0,0,3202706.0,3193570,3279541,3489525,3709898,3747908,545.8,481,751,1183,2074,5921,3203251.8,3194120,3280072,3490396,3711020,3748740,57860,38912,0,0,55736,57852,13987960.242,25242097.9425,1.8045588853411612,,,,,,,,,2028.475,182.8855,,,,,,100.0,latency-scalar-thp-locked-dtlb-rep1.csv,stat-scalar-thp-locked-dtlb-rep1.csv
1,oxiblas,hugetlb,default,dtlb,2000,256,14,88,2.233173307031393,1355522,1002,1,0,1115996.1,1101717,1180614,1315878,1460910,1895224,493.2,451,561,932,1253,1953,1116489.3,1102167,1181485,1316338,1461381,1896496,2612,0,38912,0,0,0,4846882.3755,12379968.3915,2.5542126737133564,,,,,,,,,8.809,0.6465,,,,,,100.0,latency-oxiblas-hugetlb-default-dtlb-rep1.csv,stat-oxiblas-hugetlb-default-dtlb-rep1.csv
1,oxiblas,thp,default,dtlb,2000,256,14,88,2.246207684278488,1183680,822,1,0,1122397.6,1097388,1200842,1507608,1744953,1831154,583.6,551,762,1112,1964,9408,1122981.2,1097899,1201703,1508559,1746035,1832927,56824,38912,0,0,0,0,4862808.109,12380992.3855,2.5460581844851076,,,,,,,,,2138.798,159.0345,,,,,,100.0,latency-oxiblas-thp-default-dtlb-rep1.csv,stat-oxiblas-thp-default-dtlb-rep1.csv
1,oxiblas,base,default,dtlb,2000,256,14,88,2.2052856031805277,1356433,802,1,0,1101971.1,1085526,1162169,1325265,1620760,1877992,596.2,551,782,1072,1563,1713,1102567.3,1086167,1162690,1325997,1621812,1879555,56828,38912,0,0,0,0,4778547.7115,12380992.3775,2.5909529683472745,,,,,,,,,1957.529,529.114,,,,,,100.0,latency-oxiblas-base-default-dtlb-rep1.csv,stat-oxiblas-base-default-dtlb-rep1.csv
1,scalar,thp,prefault,faults,2000,256,14,88,6.398566713556647,3251919,851,0,0,3198605.0,3188329,3271947,3512878,3931894,4005642,575.1,531,811,1192,1713,1894,3199180.0,3189081,3272517,3513940,3932655,4007075,57860,38912,0,0,0,0,,,,,,,,,,,,,,0,0,0,60,0,100.0,latency-scalar-thp-prefault-faults-rep1.csv,stat-scalar-thp-prefault-faults-rep1.csv
1,scalar,hugetlb,default,core,2000,256,14,88,6.469302216544747,3190193,611,1,0,3234061.1,3219468,3306390,3455280,3770241,4033785,499.4,451,641,982,1193,7514,3234560.6,3219959,3306871,3456433,3770932,4034977,2620,0,38912,0,0,0,14181991.559,25241073.955,1.7797975587555488,3277251.8775,0.0003085081762990004,,,,,,,,,,,,,,100.0,latency-scalar-hugetlb-default-core-rep1.csv,stat-scalar-hugetlb-default-core-rep1.csv
1,oxiblas,thp,locked,faults,2000,256,14,88,2.2049868162721395,1159835,641,0,0,1101864.3,1086468,1164304,1301761,1596674,1682716,571.2,541,692,1022,1393,8596,1102435.6,1087078,1164845,1306190,1597966,1683517,57872,38912,0,0,55748,57864,,,,,,,,,,,,,,0,0,0,17,0,100.0,latency-oxiblas-thp-locked-faults-rep1.csv,stat-oxiblas-thp-locked-faults-rep1.csv
1,oxiblas,thp,locked,dtlb,2000,256,14,88,2.2054485827684402,1265754,1243,0,0,1102095.1,1087911,1161548,1303765,1389466,1667878,546.1,531,661,1022,1733,1934,1102641.2,1088411,1162139,1304356,1390227,1669611,57872,38912,0,0,55748,57864,4773750.5765,12380992.402,2.59355661834294,,,,,,,,,2046.7885,807.6555,,,,,,100.0,latency-oxiblas-thp-locked-dtlb-rep1.csv,stat-oxiblas-thp-locked-dtlb-rep1.csv
1,oxiblas,base,prefault,dtlb,2000,256,14,88,2.2296467274427414,1274781,932,0,0,1114173.1,1090615,1184712,1554866,1785929,1934368,563.3,531,732,1142,1954,7143,1114736.5,1091126,1185173,1556439,1786961,1935600,57872,40960,0,0,0,0,4821349.447,12380992.381,2.5679516735099663,,,,,,,,,1720.133,88.0355,,,,,,100.0,latency-oxiblas-base-prefault-dtlb-rep1.csv,stat-oxiblas-base-prefault-dtlb-rep1.csv
1,oxiblas,hugetlb,locked,l2,2000,256,14,88,2.202363070100546,1654323,1423,0,0,1100591.3,1089043,1150998,1257799,1414212,1859017,513.1,471,611,942,1132,1272,1101104.4,1089494,1151559,1258320,1415084,1860209,3412,0,38912,0,1288,3404,4775946.6155,12379968.385,2.5921496577917518,,,,,,646609.3945,34373.224,0.05315917815666688,,,,,,,,100.0,latency-oxiblas-hugetlb-locked-l2-rep1.csv,stat-oxiblas-hugetlb-locked-l2-rep1.csv
1,oxiblas,thp,locked,core,2000,256,14,88,2.1962867323309183,1136702,651,0,0,1097526.1,1082831,1159755,1296732,1555186,1926843,523.5,471,651,1042,1413,1513,1098049.6,1083302,1160346,1297593,1555888,1928116,57872,38912,0,0,55748,57864,4755841.0995,12380992.391,2.6033233936898483,2466209.3075,0.0004188486747084422,,,,,,,,,,,,,,100.0,latency-oxiblas-thp-locked-core-rep1.csv,stat-oxiblas-thp-locked-core-rep1.csv
1,scalar,thp,prefault,dtlb,2000,256,14,88,6.356021162122488,3332510,1533,0,0,3177320.9,3168402,3247811,3417309,3778556,4156996,600.8,551,812,1202,1643,1893,3177921.7,3168873,3248793,3418050,3779438,4157868,57860,38912,0,0,0,0,13926563.579,25242097.927,1.8125144644485596,,,,,,,,,1801.934,79.7245,,,,,,100.0,latency-scalar-thp-prefault-dtlb-rep1.csv,stat-scalar-thp-prefault-dtlb-rep1.csv
1,oxiblas,hugetlb,prefault,l1d,2000,256,14,88,2.2199769467115402,1443097,702,0,0,1109378.6,1088041,1169022,1633112,1735856,1917677,502.6,461,581,1012,1483,1673,1109881.2,1088521,1169533,1634064,1736597,1919350,3412,0,38912,0,0,0,4815105.7155,12379968.3825,2.5710688641058144,,,3060088.218,645176.388,0.2108358785883865,,,,,,,,,,,100.0,latency-oxiblas-hugetlb-prefault-l1d-rep1.csv,stat-oxiblas-hugetlb-prefault-l1d-rep1.csv
1,oxiblas,thp,prefault,l1d,2000,256,14,88,2.217027807608247,1240567,922,0,0,1107903.1,1089333,1178099,1355051,1725896,1822287,539.0,511,652,1042,1353,1643,1108442.0,1089794,1178570,1355602,1727029,1823640,57872,40960,0,0,0,0,4792906.4035,12380992.876,2.5831910397747038,,,3286485.085,644661.973,0.19615545372237708,,,,,,,,,,,100.0,latency-oxiblas-thp-prefault-l1d-rep1.csv,stat-oxiblas-thp-prefault-l1d-rep1.csv
1,oxiblas,base,default,l2,2000,256,14,88,2.1865346748381853,1251778,752,1,0,1092617.5,1079685,1150338,1284529,1497378,1547493,573.1,541,731,1042,1422,1623,1093190.7,1080266,1150879,1285401,1498069,1549116,56876,38912,0,0,0,0,4735265.6825,12380992.386,2.6146352108089976,,,,,,646427.8455,19987.0365,0.030919207207945068,,,,,,,,100.0,latency-oxiblas-base-default-l2-rep1.csv,stat-oxiblas-base-default-l2-rep1.csv
1,oxiblas,hugetlb,default,core,2000,256,14,88,2.2209185287356377,1390428,1243,1,0,1109878.1,1090275,1188188,1355763,1640867,1868124,490.9,451,581,962,1253,1362,1110369.0,1090706,1188729,1356314,1641508,1869296,2576,0,38912,0,0,0,4806230.454,12379968.3865,2.575816641542174,2466209.309,0.00041347321830257516,,,,,,,,,,,,,,100.0,latency-oxiblas-hugetlb-default-core-rep1.csv,stat-oxiblas-hugetlb-default-core-rep1.csv
1,scalar,hugetlb,locked,l2,2000,256,14,88,6.473790155723691,3173642,832,0,0,3236297.1,3226101,3307133,3484084,3603167,3822829,525.7,481,691,1092,1573,1593,3236822.8,3226611,3307603,3484625,3604129,3823440,3400,0,38912,0,1276,3392,14178478.62,25241073.9465,1.7802385307331372,,,,,,644111.398,33467.2595,0.051958806510671314,,,,,,,,100.0,latency-scalar-hugetlb-locked-l2-rep1.csv,stat-scalar-hugetlb-locked-l2-rep1.csv
1,oxiblas,hugetlb,default,l1d,2000,256,14,88,2.2589026987552643,1362896,741,1,0,1128842.5,1112947,1183970,1476028,1639614,1753178,506.4,461,591,982,1452,1654,1129348.9,1113418,1184441,1476549,1640216,1754370,2660,0,38912,0,0,0,4887130.2335,12379968.4135,2.533177513592446,,,3061263.296,646203.9285,0.2110906073791047,,,,,,,,,,,100.0,latency-oxiblas-hugetlb-default-l1d-rep1.csv,stat-oxiblas-hugetlb-default-l1d-rep1.csv
1,oxiblas,thp,default,l1d,2000,256,14,88,2.209231160581112,1289689,902,1,0,1104002.1,1092800,1151930,1264091,1351114,1948113,547.1,521,692,961,1373,1503,1104549.2,1093370,1152501,1265002,1351865,1949616,56896,38912,0,0,0,0,4785077.3005,12380992.38,2.5874174234774205,,,3289577.3745,645327.133,0.19617326468816884,,,,,,,,,,,100.0,latency-oxiblas-thp-default-l1d-rep1.csv,stat-oxiblas-thp-default-l1d-rep1.csv
1,oxiblas,hugetlb,locked,faults,2000,256,14,88,2.236820189282298,1349882,812,0,0,1117815.4,1095845,1197476,1481839,1698085,2047460,523.7,491,631,1042,1412,1673,1118339.0,1096326,1197987,1482540,1698976,2048222,3412,0,38912,0,1288,3404,,,,,,,,,,,,,,0,0,0,12,0,100.0,latency-oxiblas-hugetlb-locked-faults-rep1.csv,stat-oxiblas-hugetlb-locked-faults-rep1.csv
1,oxiblas,thp,prefault,faults,2000,256,14,88,2.1881246250122786,1271124,781,0,0,1093396.9,1083272,1145158,1262928,1375549,1463825,591.1,551,791,1112,1402,1923,1093988.0,1083793,1145709,1264020,1376772,1464467,57872,38912,0,0,0,0,,,,,,,,,,,,,,0,0,0,8,0,100.0,latency-oxiblas-thp-prefault-faults-rep1.csv,stat-oxiblas-thp-prefault-faults-rep1.csv
1,oxiblas,base,locked,core,2000,256,14,88,2.19961903616786,1156108,742,0,0,1099170.4,1083733,1160256,1288958,1489704,1806948,569.3,541,791,1192,1553,1733,1099739.7,1084373,1161198,1289920,1491257,1808381,57872,38912,0,0,55748,57864,4768156.8,12380992.618,2.596599301851818,2466209.5405,0.00041432144480020106,,,,,,,,,,,,,,100.0,latency-oxiblas-base-locked-core-rep1.csv,stat-oxiblas-base-locked-core-rep1.csv
1,scalar,base,prefault,l1d,2000,256,14,88,6.392848739400506,3307813,1332,0,0,3195814.8,3187588,3268731,3491268,3641880,3722501,536.2,471,721,1182,1733,5561,3196351.1,3188049,3269421,3492350,3642461,3724265,57860,38912,0,0,0,0,13984682.286,25242097.942,1.8049818670009934,,,9689829.199,643642.4325,0.06642453848066017,,,,,,,,,,,100.0,latency-scalar-base-prefault-l1d-rep1.csv,stat-scalar-base-prefault-l1d-rep1.csv
1,scalar,hugetlb,locked,l1d,2000,256,14,88,6.464812496677041,3293867,902,0,0,3231827.1,3221100,3307793,3506887,3672016,4020530,502.1,451,642,1052,1543,2445,3232329.2,3221582,3308354,3507498,3672758,4021702,3400,0,38912,0,1276,3392,14140177.28,25241073.943,1.7850606426767515,,,9717909.023,643017.842,0.06616833317518495,,,,,,,,,,,100.0,latency-scalar-hugetlb-locked-l1d-rep1.csv,stat-scalar-hugetlb-locked-l1d-rep1.csv
1,oxiblas,hugetlb,default,faults,2000,256,14,88,2.218684159219265,1358648,721,1,0,1108755.1,1092088,1163312,1439490,1877992,1902679,512.3,461,612,992,1483,1723,1109267.5,1092559,1163762,1440602,1878884,1903871,2624,0,38912,0,0,0,,,,,,,,,,,,,,0,0,0,15,0,100.0,latency-oxiblas-hugetlb-default-faults-rep1.csv,stat-oxiblas-hugetlb-default-faults-rep1.csv
1,scalar,hugetlb,default,dtlb,2000,256,14,88,6.435652039945126,3263881,1112,1,0,3217229.0,3209840,3280974,3405206,3738331,3798694,513.1,471,621,1072,1432,1513,3217742.1,3210301,3281454,3406548,3739664,3799556,2628,0,38912,0,0,0,14104351.8995,25241073.9575,1.7895947390815452,,,,,,,,,25.254,1.5715,,,,,,100.0,latency-scalar-hugetlb-default-dtlb-rep1.csv,stat-scalar-hugetlb-default-dtlb-rep1.csv
1,scalar,hugetlb,prefault,l2,2000,256,14,88,6.476349178701639,3170757,692,0,0,3237589.4,3232342,3300089,3414784,3706771,3978001,503.6,451,611,952,1352,1463,3238093.0,3232903,3300640,3415746,3707483,3979243,3400,0,38912,0,0,0,14183777.1505,25241073.969,1.7795735015556284,,,,,,643918.8915,33390.0665,0.051854460151368305,,,,,,,,100.0,latency-scalar-hugetlb-prefault-l2-rep1.csv,stat-scalar-hugetlb-prefault-l2-rep1.csv
1,oxiblas,base,default,core,2000,256,14,88,2.2294822093099356,1305218,651,1,0,1114096.8,1091337,1183369,1508178,2140555,2421551,578.1,541,821,1213,1934,2224,1114675.0,1091888,1183850,1508980,2141677,2423054,56900,40960,0,0,0,0,4826267.3605,12380992.389,2.5653349605806612,2466209.3115,0.00041443907264235465,,,,,,,,,,,,,,100.0,latency-oxiblas-base-default-core-rep1.csv,stat-oxiblas-base-default-core-rep1.csv
1,oxiblas,base,default,l1d,2000,256,14,88,2.228766653686762,1253461,702,1,0,1113752.4,1097047,1180323,1339792,1640306,1797010,546.0,521,721,1042,1323,1503,1114298.3,1097588,1181205,1340313,1641438,1798202,56820,38912,0,0,0,0,4827001.0345,12380992.395,2.564945046936886,,,3289771.815,645888.969,0.1963324526202739,,,,,,,,,,,100.0,latency-oxiblas-base-default-l1d-rep1.csv,stat-oxiblas-base-default-l1d-rep1.csv
1,oxiblas,thp,default,faults,2000,256,14,88,2.2251677475869656,1210660,922,1,0,1111921.3,1097819,1170936,1302553,1509761,1589030,566.5,531,741,1012,1322,1423,1112487.7,1098440,1171427,1303625,1511184,1589612,56880,38912,0,0,0,0,,,,,,,,,,,,,,0,0,0,14,0,100.0,latency-oxiblas-thp-default-faults-rep1.csv,stat-oxiblas-thp-default-faults-rep1.csv
1,oxiblas,base,locked,l1d,2000,256,14,88,2.236097889021039,1406658,922,0,0,1117422.1,1094713,1203727,1434129,1848757,1914119,551.0,511,761,1012,1273,1553,1117973.1,1095194,1204399,1434891,1849739,1915131,57872,38912,0,0,55748,57864,4835712.4355,12380992.3965,2.560324370326177,,,3282964.991,644113.399,0.19619868038976598,,,,,,,,,,,100.0,latency-oxiblas-base-locked-l1d-rep1.csv,stat-oxiblas-base-locked-l1d-rep1.csv
1,scalar,hugetlb,locked,core,2000,256,14,88,6.473117388784885,3189402,692,0,0,3235988.6,3222723,3304738,3455029,3943035,4098336,488.5,450,651,1042,1332,1744,3236477.1,3223305,3305229,3456161,3943786,4099088,3400,0,38912,0,1276,3392,14187547.766,25241073.9545,1.7791005444217372,3277251.871,0.00030832845315965034,,,,,,,,,,,,,,100.0,latency-scalar-hugetlb-locked-core-rep1.csv,stat-scalar-hugetlb-locked-core-rep1.csv
1,scalar,base,default,dtlb,2000,256,14,88,6.411762835457921,3434271,1673,1,0,3205235.6,3203648,3268890,3460470,3662719,3727431,579.2,531,812,1152,1663,2325,3205814.9,3204299,3269481,3461261,3663300,3728192,56876,38912,0,0,0,0,13985631.886,25242097.9345,1.8048593113456697,,,,,,,,,1898.6,360.4155,,,,,,100.0,latency-scalar-base-default-dtlb-rep1.csv,stat-scalar-base-default-dtlb-rep1.csv
1,scalar,hugetlb,default,faults,2000,256,14,88,6.476387299597263,3246018,931,1,0,3237570.8,3228836,3311570,3595032,3668470,3687616,528.9,501,681,1011,1413,4508,3238099.7,3229367,3312051,3595543,3669031,3688387,2668,0,38912,0,0,0,,,,,,,,,,,,,,0,0,0,63,0,100.0,latency-scalar-hugetlb-default-faults-rep1.csv,stat-scalar-hugetlb-default-faults-rep1.csv
1,oxiblas,base,default,faults,2000,256,14,88,2.201019210740924,1300529,812,1,0,1099888.5,1081268,1160737,1390888,1759410,1808842,531.1,481,661,1042,1453,1814,1100419.6,1081768,1161378,1391680,1760502,1810656,56892,38912,0,0,0,0,,,,,,,,,,,,,,0,0,0,21,0,100.0,latency-oxiblas-base-default-faults-rep1.csv,stat-oxiblas-base-default-faults-rep1.csv
1,scalar,thp,default,l2,2000,256,14,88,6.375320803374052,3267208,1022,1,0,3187014.1,3177539,3261597,3385900,3641850,3903941,580.3,541,791,1153,1854,2846,3187594.4,3178090,3262248,3386912,3642491,3905404,56884,38912,0,0,0,0,13969349.9435,25242097.9425,1.8069629613828422,,,,,,643854.883,22764.4265,0.035356455470106296,,,,,,,,100.0,latency-scalar-thp-default-l2-rep1.csv,stat-scalar-thp-default-l2-rep1.csv
1,oxiblas,base,prefault,l2,2000,256,14,88,2.2149983383715153,1351014,1413,0,0,1106865.5,1089634,1169674,1405736,1621622,1636849,550.0,521,702,1012,1303,1644,1107415.5,1090134,1170145,1406818,1622493,1637741,57872,40960,0,0,0,0,4796434.839,12380992.395,2.581290648281024,,,,,,647127.5315,21735.325,0.03358739033961191,,,,,,,,100.0,latency-oxiblas-base-prefault-l2-rep1.csv,stat-oxiblas-base-prefault-l2-rep1.csv
1,oxiblas,hugetlb,prefault,dtlb,2000,256,14,88,2.215453650802374,1313273,842,0,0,1107154.4,1093280,1161518,1315758,1437466,1931753,490.1,451,561,882,1162,1333,1107644.5,1093751,1162049,1316489,1438458,1933086,3412,0,38912,0,0,0,4798007.4115,12379968.394,2.5802311943760947,,,,,,,,,8.343,0.6615,,,,,,100.0,latency-oxiblas-hugetlb-prefault-dtlb-rep1.csv,stat-oxiblas-hugetlb-prefault-dtlb-rep1.csv
1,scalar,base,prefault,l2,2000,256,14,88,6.363752523437142,3219598,731,0,0,3181264.7,3168111,3264112,3446754,3672106,3975205,534.5,481,702,1172,1513,2174,3181799.2,3168563,3264823,3447565,3673719,3976177,57860,38912,0,0,0,0,13939958.55,25242098.1605,1.8107728276207822,,,,,,644070.716,22660.2385,0.03518284240701296,,,,,,,,100.0,latency-scalar-base-prefault-l2-rep1.csv,stat-scalar-base-prefault-l2-rep1.csv
1,scalar,hugetlb,locked,dtlb,2000,256,14,88,6.458487898111343,3302423,531,0,0,3228613.6,3213387,3301281,3576748,3828279,3936172,499.2,451,641,1042,1613,1723,3229112.9,3213837,3301732,3577279,3828971,3936803,3400,0,38912,0,1276,3392,14150653.301,25241073.9535,1.7837391261445337,,,,,,,,,24.85,1.5185,,,,,,100.0,latency-scalar-hugetlb-locked-dtlb-rep1.csv,stat-scalar-hugetlb-locked-dtlb-rep1.csv
1,scalar,hugetlb,default,l1d,2000,256,14,88,6.477270403876901,3208357,861,1,0,3238035.0,3224357,3316489,3493852,3703816,3909171,513.5,451,671,1122,1383,1733,3238548.5,3224898,3317130,3494964,3704287,3910523,2672,0,38912,0,0,0,14201292.8395,25241073.9505,1.7773785975522978,,,9718117.0745,643295.1295,0.06619544965021917,,,,,,,,,,,100.0,latency-scalar-hugetlb-default-l1d-rep1.csv,stat-scalar-hugetlb-default-l1d-rep1.csv
1,oxiblas,base,locked,dtlb,2000,256,14,88,2.2159291114658117,1248471,661,0,0,1107315.1,1086187,1174783,1409474,1659843,1796369,563.2,531,781,1072,1392,1683,1107878.3,1086798,1175605,1410445,1661235,1797541,57872,38912,0,0,55748,57864,4802257.044,12380992.4045,2.578161121127193,,,,,,,,,1671.967,39.219,,,,,,100.0,latency-oxiblas-base-locked-dtlb-rep1.csv,stat-oxiblas-base-locked-dtlb-rep1.csv
1,oxiblas,thp,locked,l1d,2000,256,14,88,2.217725859954953,1180253,741,0,0,1108226.5,1093821,1163963,1345343,1638603,1658881,562.7,541,732,1042,1623,1914,1108789.1,1094332,1164514,1346175,1639385,1660414,57872,38912,0,0,55748,57864,4801032.61,12380992.426,2.5788186483490683,,,3284186.318,646430.4105,0.19683122329480454,,,,,,,,,,,100.0,latency-oxiblas-thp-locked-l1d-rep1.csv,stat-oxiblas-thp-locked-l1d-rep1.csv
1,scalar,thp,locked,faults,2000,256,14,88,6.356502953916788,3182178,832,0,0,3177607.5,3166539,3254533,3454058,3863776,3977299,578.3,541,801,1192,1513,2475,3178185.7,3167079,3255114,3454780,3865029,3978060,57860,38912,0,0,55736,57852,,,,,,,,,,,,,,0,0,0,63,0,100.0,latency-scalar-thp-locked-faults-rep1.csv,stat-scalar-thp-locked-faults-rep1.csv
1,oxiblas,thp,default,l2,2000,256,14,88,2.2169861774891615,1411838,691,1,0,1107862.7,1097649,1153083,1306280,1508449,1533737,570.6,541,702,1052,1874,11021,1108433.3,1098240,1153894,1306961,1509180,1534428,56852,38912,0,0,0,0,4806548.5125,12380992.4335,2.5758592472960085,,,,,,646491.6825,21963.3025,0.03397306275475555,,,,,,,,100.0,latency-oxiblas-thp-default-l2-rep1.csv,stat-oxiblas-thp-default-l2-rep1.csv
1,oxiblas,base,prefault,l1d,2000,256,14,88,2.2230255007743835,1235167,651,0,0,1110885.3,1089293,1188739,1465128,1734252,1869646,548.3,521,671,1022,1413,9378,1111433.5,1089804,1189210,1466410,1735064,1871059,57872,40960,0,0,0,0,4810494.281,12380992.38,2.5737464087424824,,,3284705.5075,645611.8235,0.19655089992873584,,,,,,,,,,,100.0,latency-oxiblas-base-prefault-l1d-rep1.csv,stat-oxiblas-base-prefault-l1d-rep1.csv
1,scalar,base,default,faults,2000,256,14,88,6.365604342892766,3283849,1072,1,0,3182191.0,3172940,3252239,3412751,3638283,3893562,544.2,521,711,1062,1453,1954,3182735.2,3173411,3252870,3413422,3639285,3895516,56848,38912,0,0,0,0,,,,,,,,,,,,,,0,0,0,62,0,100.0,latency-scalar-base-default-faults-rep1.csv,stat-scalar-base-default-faults-rep1.csv
1,scalar,thp,default,dtlb,2000,256,14,88,6.382464403286576,3245126,1263,1,0,3190586.2,3178311,3271565,3466411,3625690,3735546,580.0,531,811,1313,1863,8586,3191166.2,3178852,3272276,3467052,3626461,3737129,56816,38912,0,0,0,0,13985639.624,25242097.96,1.8048583145731427,,,,,,,,,1916.415,423.2415,,,,,,100.0,latency-scalar-thp-default-dtlb-rep1.csv,stat-scalar-thp-default-dtlb-rep1.csv
1,scalar,base,locked,l1d,2000,256,14,88,6.393893236294389,3226411,841,0,0,3196315.8,3181837,3281303,3457895,3668720,3680141,567.1,521,802,1222,1683,2154,3196882.8,3182369,3281824,3459037,3669472,3681634,57860,38912,0,0,55736,57852,14009288.471,25242097.9535,1.8018115627893976,,,9690682.803,643690.9395,0.06642369300342066,,,,,,,,,,,100.0,latency-scalar-base-locked-l1d-rep1.csv,stat-scalar-base-locked-l1d-rep1.csv
1,scalar,thp,default,core,2000,256,14,88,6.37451091222465,3194121,832,1,0,3186667.0,3180104,3266836,3426416,3630018,3676545,530.9,481,691,1022,1683,1863,3187197.9,3180635,3267477,3427298,3630609,3677527,56884,38912,0,0,0,0,13964084.3395,25242098.356,1.8076443640918185,3277252.2605,0.00030963866048113755,,,,,,,,,,,,,,100.0,latency-scalar-thp-default-core-rep1.csv,stat-scalar-thp-default-core-rep1.csv
1,scalar,thp,locked,l2,2000,256,14,88,6.422253647819161,3200683,852,0,0,3210393.9,3197637,3299268,3621392,3747849,3932866,634.2,561,902,1292,1854,2244,3211028.1,3198208,3299809,3622274,3748881,3933547,57860,38912,0,0,55736,57852,14018575.251,25242097.9535,1.8006179302493228,,,,,,644612.0205,23831.8155,0.03697078978067242,,,,,,,,100.0,latency-scalar-thp-locked-l2-rep1.csv,stat-scalar-thp-locked-l2-rep1.csv
1,oxiblas,hugetlb,locked,l1d,2000,256,14,88,2.2354535702615976,1293997,632,0,0,1117148.4,1104562,1174182,1303605,1451892,1829421,501.7,461,591,962,1192,1342,1117650.1,1105013,1174623,1304286,1452724,1830613,3412,0,38912,0,1288,3404,4846193.7895,12379968.4035,2.5545755991687833,,,3060268.261,644814.309,0.2107051585044034,,,,,,,,,,,100.0,latency-oxiblas-hugetlb-locked-l1d-rep1.csv,stat-oxiblas-hugetlb-locked-l1d-rep1.csv
1,scalar,base,locked,dtlb,2000,256,14,88,6.380795506760478,3147182,941,0,0,3189727.8,3175666,3267077,3478905,3661757,3756225,582.6,531,831,1192,1743,2324,3190310.4,3176227,3268240,3479536,3662348,3757968,57860,38912,0,0,55736,57852,13979270.1315,25242097.948,1.805680676498343,,,,,,,,,2054.2845,194.906,,,,,,100.0,latency-scalar-base-locked-dtlb-rep1.csv,stat-scalar-base-locked-dtlb-rep1.csv
1,scalar,thp,prefault,l2,2000,256,14,88,6.3801518101245165,3240357,932,0,0,3189453.7,3175836,3265504,3462233,3645267,3869096,537.6,481,712,1132,1623,1914,3189991.3,3176307,3266226,3462774,3646479,3871010,57860,40960,0,0,0,0,13987641.9775,25242097.947,1.8045999452662214,,,,,,644774.331,22929.7215,0.03556239818734347,,,,,,,,100.0,latency-scalar-thp-prefault-l2-rep1.csv,stat-scalar-thp-prefault-l2-rep1.csv
1,oxiblas,hugetlb,locked,core,2000,256,14,88,2.2175754122436047,1311229,812,0,0,1108206.0,1091006,1176577,1316078,1635017,1904131,497.3,461,571,932,1183,1282,1108703.3,1091437,1177248,1316700,1635648,1905363,3412,0,38912,0,1288,3404,4803672.5385,12379968.442,2.5771882539407613,2466209.3285,0.0004106778318838072,,,,,,,,,,,,,,100.0,latency-oxiblas-hugetlb-locked-core-rep1.csv,stat-oxiblas-hugetlb-locked-core-rep1.csv
1,oxiblas,base,prefault,core,2000,256,14,88,2.2228851318359375,1247029,631,0,0,1110782.7,1097068,1165005,1360752,1611903,1993549,569.6,541,821,1102,1623,1713,1111352.4,1097529,1165676,1361464,1612885,1995212,57872,38912,0,0,0,0,4810254.9475,12380992.4055,2.5738744704030054,2466209.316,0.00041005298838146147,,,,,,,,,,,,,,100.0,latency-oxiblas-base-prefault-core-rep1.csv,stat-oxiblas-base-prefault-core-rep1.csv
1,scalar,base,locked,faults,2000,256,14,88,6.360267415642738,3153334,732,0,0,3179511.1,3167861,3254954,3437938,3675082,3783917,541.0,471,741,1242,1664,8005,3180052.1,3168322,3255505,3439110,3675773,3785810,57860,38912,0,0,55736,57852,,,,,,,,,,,,,,0,0,0,70,0,100.0,latency-scalar-base-locked-faults-rep1.csv,stat-scalar-base-locked-faults-rep1.csv
1,scalar,thp,default,l1d,2000,256,14,88,6.395589265972376,3220570,801,1,0,3197089.7,3197436,3265575,3406138,3630920,3686724,643.1,581,881,1342,1764,23634,3197732.8,3198048,3266386,3407681,3631491,3688057,56904,38912,0,0,0,0,13952004.558,25242097.948,1.8092094109535195,,,9689581.85,643483.805,0.06640986318723341,,,,,,,,,,,100.0,latency-scalar-thp-default-l1d-rep1.csv,stat-scalar-thp-default-l1d-rep1.csv
1,scalar,thp,locked,l1d,2000,256,14,88,6.391012974083424,3154085,841,0,0,3194846.7,3184161,3267779,3427338,3926093,6404281,577.3,531,801,1243,1813,2033,3195424.0,3184753,3268470,3428560,3926544,6404822,57860,38912,0,0,55736,57852,13988963.491,25242097.946,1.804429467718596,,,9688540.46,643276.2865,0.06639558240540186,,,,,,,,,,,100.0,latency-scalar-thp-locked-l1d-rep1.csv,stat-scalar-thp-locked-l1d-rep1.csv
1,oxiblas,thp,prefault,core,2000,256,14,88,2.2113602329045534,1319766,651,0,0,1105090.8,1093961,1164033,1281914,1395287,1655234,505.5,471,621,962,1373,1703,1105596.3,1094463,1164584,1282375,1395968,1656937,57872,38912,0,0,0,0,4792226.073,12380992.403,2.5835576649348946,2466209.3135,0.000412413696774404,,,,,,,,,,,,,,100.0,latency-oxiblas-thp-prefault-core-rep1.csv,stat-oxiblas-thp-prefault-core-rep1.csv
1,scalar,thp,default,faults,2000,256,14,88,6.377272730693221,3232522,862,1,0,3187993.5,3172340,3267437,3460129,3680032,3953554,589.5,541,832,1242,1774,2003,3188583.0,3172951,3268279,3461091,3680984,3955328,56848,38912,0,0,0,0,,,,,,,,,,,,,,0,0,0,66,0,100.0,latency-scalar-thp-default-faults-rep1.csv,stat-scalar-thp-default-faults-rep1.csv
1,scalar,hugetlb,prefault,faults,2000,256,14,88,6.4405765905976295,3357987,1282,0,0,3219707.7,3208857,3289810,3476510,3682867,3841234,524.3,481,681,1001,1493,1513,3220232.0,3209439,3290251,3478003,3683398,3842376,3400,0,38912,0,0,0,,,,,,,,,,,,,,0,0,0,67,0,100.0,latency-scalar-hugetlb-prefault-faults-rep1.csv,stat-scalar-hugetlb-prefault-faults-rep1.csv
1,oxiblas,hugetlb,prefault,core,2000,256,14,88,2.212241366505623,1302202,731,0,0,1105512.4,1088852,1165476,1332459,1674851,2061666,514.0,461,631,1052,1262,1664,1106026.4,1089303,1165927,1333181,1675602,2063330,3412,0,38912,0,0,0,4791961.3125,12379968.4145,2.5834867201883323,2466209.319,0.00041591968374197845,,,,,,,,,,,,,,100.0,latency-oxiblas-hugetlb-prefault-core-rep1.csv,stat-oxiblas-hugetlb-prefault-core-rep1.csv
1,scalar,base,prefault,faults,2000,256,14,88,6.38007920794189,3212846,641,0,0,3189361.6,3179823,3266706,3464808,3651719,3799225,564.8,521,752,1122,2074,6252,3189926.4,3180485,3267157,3466030,3652370,3799846,57860,38912,0,0,0,0,,,,,,,,,,,,,,0,0,0,71,0,100.0,latency-scalar-base-prefault-faults-rep1.csv,stat-scalar-base-prefault-faults-rep1.csv
1,scalar,base,prefault,core,2000,256,14,88,6.3776743952184916,3402942,1913,0,0,3188001.0,3178882,3265143,3388205,3552863,3635649,571.0,531,822,1242,1483,3556,3188572.0,3179373,3265975,3389217,3553364,3637121,57860,40960,0,0,0,0,13971449.6345,25242097.99,1.8066914064285173,3277251.8885,0.00031369438022371286,,,,,,,,,,,,,,100.0,latency-scalar-base-prefault-core-rep1.csv,stat-scalar-base-prefault-core-rep1.csv
1,oxiblas,hugetlb,default,l2,2000,256,14,88,2.2494356762617826,1479385,852,1,0,1124145.5,1106044,1180625,1456893,1797110,1892158,488.6,451,561,921,1182,1352,1124634.1,1106575,1181176,1457574,1797801,1893340,2616,0,38912,0,0,0,4871273.4005,12379968.408,2.5414234410922796,,,,,,646765.913,34398.706,0.05318571264902144,,,,,,,,100.0,latency-oxiblas-hugetlb-default-l2-rep1.csv,stat-oxiblas-hugetlb-default-l2-rep1.csv
1,oxiblas,thp,prefault,dtlb,2000,256,14,88,2.2106426004320383,1348950,1373,0,0,1104687.5,1090115,1165676,1310448,1574573,1818350,556.0,531,671,982,1513,1854,1105243.4,1090665,1166217,1311259,1575265,1819502,57872,38912,0,0,0,0,4793675.3315,12380992.404,2.5827765853566547,,,,,,,,,1973.571,549.751,,,,,,100.0,latency-oxiblas-thp-prefault-dtlb-rep1.csv,stat-oxiblas-thp-prefault-dtlb-rep1.csv
1,oxiblas,thp,default,core,2000,256,14,88,2.2933134958148003,1271074,751,1,0,1145967.7,1102187,1259512,1745834,2192192,2266751,575.3,531,842,1393,1823,2324,1146543.0,1102678,1260374,1746826,2193274,2267973,56880,38912,0,0,0,0,4957724.3405,12380992.4655,2.4973136090602694,2466209.334,0.00042035036754913197,,,,,,,,,,,,,,100.0,latency-oxiblas-thp-default-core-rep1.csv,stat-oxiblas-thp-default-core-rep1.csv
2,scalar,hugetlb,prefault,faults,2000,256,14,88,6.4677091576159,3224488,631,0,0,3233287.5,3224256,3304186,3428681,3669562,3729113,497.1,451,632,911,1323,5090,3233784.6,3224687,3304637,3429372,3670183,3730386,3400,0,38912,0,0,0,,,,,,,,,,,,,,0,0,0,65,0,100.0,latency-scalar-hugetlb-prefault-faults-rep2.csv,stat-scalar-hugetlb-prefault-faults-rep2.csv
2,oxiblas,hugetlb,locked,dtlb,2000,256,14,88,2.2142476309090853,1342487,651,0,0,1106556.7,1095625,1158793,1265563,1378254,1788204,485.6,451,571,902,1182,1333,1107042.3,1096095,1159234,1266044,1379056,1789366,3412,0,38912,0,1288,3404,4796964.7285,12379968.4035,2.580792043340954,,,,,,,,,9.287,0.506,,,,,,100.0,latency-oxiblas-hugetlb-locked-dtlb-rep2.csv,stat-oxiblas-hugetlb-locked-dtlb-rep2.csv
2,oxiblas,thp,prefault,core,2000,256,14,88,2.200436217710376,1224677,771,0,0,1099581.8,1085065,1153964,1329613,1566869,1835682,543.2,511,661,1022,1623,1763,1100125.0,1085626,1154495,1330274,1567490,1836614,57872,38912,0,0,0,0,4768067.599,12380992.408,2.5966478349838513,2466209.3125,0.0004106575605188013,,,,,,,,,,,,,,100.0,latency-oxiblas-thp-prefault-core-rep2.csv,stat-oxiblas-thp-prefault-core-rep2.csv
2,oxiblas,hugetlb,default,l2,2000,256,14,88,2.232125334441662,1312922,1193,1,0,1115462.9,1096496,1182307,1487390,1657057,1769558,530.2,471,651,982,1674,7735,1115993.0,1097028,1182848,1488011,1658430,1770721,2628,0,38912,0,0,0,4827810.2175,12379968.445,2.5643030457420832,,,,,,645956.692,34202.8565,0.052949148021211305,,,,,,,,100.0,latency-oxiblas-hugetlb-default-l2-rep2.csv,stat-oxiblas-hugetlb-default-l2-rep2.csv
2,scalar,base,default,l2,2000,256,14,88,6.365731900557876,3222062,952,1,0,3182190.2,3170185,3260174,3524720,3745454,3855822,581.1,521,832,1373,1814,2285,3182771.3,3170816,3260966,3526032,3746817,3857515,56856,38912,0,0,0,0,13935099.647,25242098.3745,1.8114042248656768,,,,,,644394.332,22108.8335,0.034309478532160646,,,,,,,,100.0,latency-scalar-base-default-l2-rep2.csv,stat-scalar-base-default-l2-rep2.csv
2,oxiblas,thp,default,l1d,2000,256,14,88,2.2565780133008957,1369088,1192,1,0,1127610.3,1097638,1206783,1601193,1952652,1978170,606.3,541,871,1493,1994,3186,1128216.6,1098220,1207324,1602966,1954396,1979372,56900,38912,0,0,0,0,4882270.491,12380992.4165,2.5359087415011476,,,3288325.477,645291.943,0.19623724826312258,,,,,,,,,,,100.0,latency-oxiblas-thp-default-l1d-rep2.csv,stat-oxiblas-thp-default-l1d-rep2.csv
2,oxiblas,thp,locked,dtlb,2000,256,14,88,2.2314884085208178,1172179,731,0,0,1115070.3,1099331,1179602,1338029,1569353,1968672,575.5,541,742,1052,1703,12714,1115645.7,1099892,1180123,1338560,1570335,1970375,57872,38912,0,0,55748,57864,4829081.488,12380992.411,2.563840026672998,,,,,,,,,2245.252,133.054,,,,,,100.0,latency-oxiblas-thp-locked-dtlb-rep2.csv,stat-oxiblas-thp-locked-dtlb-rep2.csv
2,scalar,thp,prefault,core,2000,256,14,88,6.357658606022596,3402351,1473,0,0,3178108.4,3170236,3247370,3380299,3609559,3716690,632.7,601,862,1293,1833,2574,3178741.1,3170807,3248071,3381762,3610441,3717742,57860,38912,0,0,0,0,13918759.991,25242097.959,1.8135306575673247,3277251.8595,0.00030906748807353905,,,,,,,,,,,,,,100.0,latency-scalar-thp-prefault-core-rep2.csv,stat-scalar-thp-prefault-core-rep2.csv
2,oxiblas,hugetlb,default,dtlb,2000,256,14,88,2.208719791844487,1445270,761,1,0,1103766.1,1090415,1155577,1339091,1638122,1687956,508.6,461,611,962,1262,1433,1104274.7,1091026,1156018,1340053,1638974,1689178,2640,0,38912,0,0,0,4786402.869,12379968.4335,2.586486923965614,,,,,,,,,9.827,0.459,,,,,,100.0,latency-oxiblas-hugetlb-default-dtlb-rep2.csv,stat-oxiblas-hugetlb-default-dtlb-rep2.csv
2,scalar,base,locked,dtlb,2000,256,14,88,6.403966261073947,3140289,752,0,0,3201350.9,3190795,3274190,3533597,3890065,4071105,536.6,481,731,1172,1523,1943,3201887.5,3191255,3274671,3534218,3890536,4072959,57860,38912,0,0,55736,57852,14004802.529,25242097.977,1.8023887109247507,,,,,,,,,1892.646,352.5715,,,,,,100.0,latency-scalar-base-locked-dtlb-rep2.csv,stat-scalar-base-locked-dtlb-rep2.csv
2,oxiblas,thp,default,core,2000,256,14,88,2.2329712752252817,1296903,752,1,0,1115811.1,1102968,1176807,1386490,1800968,3319716,601.0,551,832,1102,1824,3016,1116412.1,1103690,1177428,1387592,1802791,3322732,56880,38912,0,0,0,0,4826259.1265,12380992.415,2.56533934264294,2466209.3195,0.0004121590539630592,,,,,,,,,,,,,,100.0,latency-oxiblas-thp-default-core-rep2.csv,stat-oxiblas-thp-default-core-rep2.csv
2,oxiblas,hugetlb,prefault,faults,2000,256,14,88,2.2056672126054764,1343440,661,0,0,1102267.8,1091157,1156438,1253020,1343499,1893722,497.3,451,571,922,1633,9538,1102765.1,1091618,1157080,1253451,1344200,1895355,3412,0,38912,0,0,0,,,,,,,,,,,,,,0,0,0,12,0,100.0,latency-oxiblas-hugetlb-prefault-faults-rep2.csv,stat-oxiblas-hugetlb-prefault-faults-rep2.csv
2,scalar,hugetlb,locked,faults,2000,256,14,88,6.485223842784762,3207566,551,0,0,3241985.4,3233705,3312883,3463887,3662369,3680713,506.4,451,652,1032,1342,1513,3242491.8,3234185,3313474,3464818,3663010,3681344,3400,0,38912,0,1276,3392,,,,,,,,,,,,,,0,0,0,60,0,100.0,latency-scalar-hugetlb-locked-faults-rep2.csv,stat-scalar-hugetlb-locked-faults-rep2.csv
2,scalar,thp,default,l1d,2000,256,14,88,6.35484061203897,3146471,831,1,0,3176766.7,3169905,3246970,3384297,3728252,3973081,573.3,551,742,1162,1473,1874,3177340.1,3170436,3247541,3385429,3730126,3973932,56880,38912,0,0,0,0,13916908.727,25242097.9845,1.813771900043302,,,9690644.3495,643733.2525,0.06642832295596672,,,,,,,,,,,100.0,latency-scalar-thp-default-l1d-rep2.csv,stat-scalar-thp-default-l1d-rep2.csv
2,scalar,base,default,l1d,2000,256,14,88,6.374163497239351,3241038,1232,1,0,3186431.3,3175616,3266516,3413662,3661937,3965617,581.3,531,791,1223,1663,1683,3187012.7,3176217,3267057,3414534,3663540,3967180,56908,38912,0,0,0,0,13961733.2635,25242097.953,1.807948732195746,,,9691552.328,643867.355,0.06643593649489915,,,,,,,,,,,100.0,latency-scalar-base-default-l1d-rep2.csv,stat-scalar-base-default-l1d-rep2.csv
2,scalar,thp,default,core,2000,256,14,88,6.404190434142947,3281575,932,1,0,3201454.4,3203758,3268369,3389327,3570486,3744973,558.8,531,811,1132,1613,1863,3202013.1,3204279,3268900,3389978,3571207,3746697,56904,38912,0,0,0,0,13980648.6595,25242098.229,1.8055026518277981,3277252.1455,0.00030858794352721554,,,,,,,,,,,,,,100.0,latency-scalar-thp-default-core-rep2.csv,stat-scalar-thp-default-core-rep2.csv
2,scalar,hugetlb,locked,core,2000,256,14,88,6.484403802081943,3246048,712,0,0,3241620.8,3233664,3310659,3456412,3673750,3772966,507.3,451,691,1072,1503,1733,3242128.1,3234516,3311119,3457925,3674692,3773457,3400,0,38912,0,1276,3392,14218148.717,25241073.98,1.7752714845231845,3277251.8785,0.00030938390993129155,,,,,,,,,,,,,,100.0,latency-scalar-hugetlb-locked-core-rep2.csv,stat-scalar-hugetlb-locked-core-rep2.csv
2,scalar,hugetlb,default,faults,2000,256,14,88,6.4367534425109625,3248752,932,1,0,3217784.6,3205131,3289650,3488051,3849740,3990944,515.5,451,701,1122,1603,1773,3218300.1,3205692,3290171,3488813,3850692,3992186,2656,0,38912,0,0,0,,,,,,,,,,,,,,0,0,0,74,0,100.0,latency-scalar-hugetlb-default-faults-rep2.csv,stat-scalar-hugetlb-default-faults-rep2.csv
2,oxiblas,base,default,l1d,2000,256,14,88,2.2294149473309517,1246197,721,1,0,1114045.6,1100333,1178631,1311219,1382844,1400476,593.4,561,781,1162,1834,2574,1114639.0,1100834,1179182,1312501,1384206,1401057,56924,38912,0,0,0,0,4831724.1375,12380992.4605,2.562437777523055,,,3287037.9045,645988.5715,0.19652604876129745,,,,,,,,,,,100.0,latency-oxiblas-base-default-l1d-rep2.csv,stat-oxiblas-base-default-l1d-rep2.csv
2,scalar,hugetlb,prefault,core,2000,256,14,88,6.443463476374745,3181797,711,0,0,3221088.5,3210491,3291643,3424843,3796690,3875017,499.6,451,621,961,1302,1373,3221588.1,3211012,3292114,3425374,3797372,3875528,3400,0,38912,0,0,0,14128879.964,25241073.981,1.7864879626207857,3277251.8735,0.00030790706328053,,,,,,,,,,,,,,100.0,latency-scalar-hugetlb-prefault-core-rep2.csv,stat-scalar-hugetlb-prefault-core-rep2.csv
2,oxiblas,base,default,core,2000,256,14,88,2.252554140985012,1350011,922,1,0,1125627.8,1107467,1204159,1364770,1645977,2014929,555.1,531,691,1062,1433,1513,1126182.9,1107938,1204720,1365281,1646799,2016442,56840,38912,0,0,0,0,4872408.0735,12380992.4225,2.5410417673834846,2466209.321,0.00041082299518241096,,,,,,,,,,,,,,100.0,latency-oxiblas-base-default-core-rep2.csv,stat-oxiblas-base-default-core-rep2.csv
2,oxiblas,thp,default,l2,2000,256,14,88,2.1946493797004223,1249844,902,1,0,1096692.0,1084564,1157331,1259683,1354771,1622503,539.2,521,691,1022,1422,1813,1097231.3,1085146,1157802,1260234,1355582,1623775,56908,38912,0,0,0,0,4765736.224,12380992.414,2.5979181037443837,,,,,,647106.0215,20661.684,0.031929364452684204,,,,,,,,100.0,latency-oxiblas-thp-default-l2-rep2.csv,stat-oxiblas-thp-default-l2-rep2.csv
2,scalar,hugetlb,locked,l1d,2000,256,14,88,6.440329100936651,3190112,761,0,0,3219492.5,3207385,3290781,3524350,3728302,3908049,504.7,461,621,962,1352,5751,3219997.2,3207846,3291263,3525031,3728933,3909211,3400,0,38912,0,1276,3392,14118687.592,25241073.9775,1.7877776396017304,,,9718524.422,643565.6745,0.06622051317205611,,,,,,,,,,,100.0,latency-scalar-hugetlb-locked-l1d-rep2.csv,stat-scalar-hugetlb-locked-l1d-rep2.csv
2,scalar,thp,default,dtlb,2000,256,14,88,6.419022191315889,3239876,752,1,0,3208814.3,3203889,3279600,3464648,3702974,3820535,551.4,521,711,1272,1693,4338,3209365.7,3204349,3280041,3465359,3703876,3821317,56848,38912,0,0,0,0,14001193.4995,25242097.9595,1.8028533039273706,,,,,,,,,2052.716,710.648,,,,,,100.0,latency-scalar-thp-default-dtlb-rep2.csv,stat-scalar-thp-default-dtlb-rep2.csv
2,oxiblas,base,default,faults,2000,256,14,88,2.1913228295743465,1244043,722,1,0,1095039.6,1083633,1147061,1271123,1387422,1709475,560.2,521,722,1082,1512,3316,1095599.9,1084123,1147512,1271795,1390738,1710688,56772,38912,0,0,0,0,,,,,,,,,,,,,,0,0,0,15,0,100.0,latency-oxiblas-base-default-faults-rep2.csv,stat-oxiblas-base-default-faults-rep2.csv
2,oxiblas,base,default,l2,2000,256,14,88,2.224566737189889,1304807,641,1,0,1111623.6,1090485,1178180,1494523,1619638,1740394,556.4,531,751,1022,1482,1683,1112180.1,1091036,1179001,1495936,1620329,1742077,56836,38912,0,0,0,0,4815562.7875,12380992.425,2.5710374822934443,,,,,,647347.6605,21933.668,0.033882362350794344,,,,,,,,100.0,latency-oxiblas-base-default-l2-rep2.csv,stat-oxiblas-base-default-l2-rep2.csv
2,scalar,hugetlb,locked,dtlb,2000,256,14,88,6.48737689293921,3230789,731,0,0,3243110.8,3229997,3319124,3519871,3819402,3922636,511.5,451,661,1022,1543,6202,3243622.2,3230488,3320086,3520572,3820935,3924179,3400,0,38912,0,1276,3392,14218321.7925,25241074.0105,1.7752498768043339,,,,,,,,,25.5935,1.822,,,,,,100.0,latency-scalar-hugetlb-locked-dtlb-rep2.csv,stat-scalar-hugetlb-locked-dtlb-rep2.csv
2,oxiblas,base,locked,l1d,2000,256,14,88,2.2127958051860332,1303344,901,0,0,1105738.3,1085857,1174172,1450390,1627572,2001363,539.5,511,661,1032,1683,11231,1106277.8,1086488,1175074,1450951,1628183,2002696,57872,38912,0,0,55748,57864,4796880.0095,12380992.4185,2.5810510986266104,,,3290533.9145,646121.7705,0.1963577301704179,,,,,,,,,,,100.0,latency-oxiblas-base-locked-l1d-rep2.csv,stat-oxiblas-base-locked-l1d-rep2.csv
2,oxiblas,thp,prefault,faults,2000,256,14,88,2.1905736085027456,1249333,742,0,0,1094651.7,1081498,1140849,1311590,1507437,1550457,560.7,531,691,1041,1493,12022,1095212.4,1082009,1141691,1312131,1508008,1552401,57872,38912,0,0,0,0,,,,,,,,,,,,,,0,0,0,8,0,100.0,latency-oxiblas-thp-prefault-faults-rep2.csv,stat-oxiblas-thp-prefault-faults-rep2.csv
2,oxiblas,thp,locked,l1d,2000,256,14,88,2.2141621317714453,1175805,642,0,0,1106425.6,1090586,1168611,1324734,1624387,1978711,553.1,531,661,1022,1493,1754,1106978.7,1091136,1169172,1326147,1624988,1980424,57872,40960,0,0,55748,57864,4789234.506,12380992.3705,2.585171462159343,,,3284699.2645,645589.959,0.196544617030038,,,,,,,,,,,100.0,latency-oxiblas-thp-locked-l1d-rep2.csv,stat-oxiblas-thp-locked-l1d-rep2.csv
2,oxiblas,hugetlb,default,l1d,2000,256,14,88,2.247771507129073,1290660,731,1,0,1123300.8,1099683,1197316,1503720,1649734,1848857,481.7,451,571,962,1483,1874,1123782.5,1100093,1198046,1504321,1650385,1850000,2636,0,38912,0,0,0,4861862.518,12379968.3835,2.5463427519116038,,,3058838.2805,644345.207,0.21065030181807284,,,,,,,,,,,100.0,latency-oxiblas-hugetlb-default-l1d-rep2.csv,stat-oxiblas-hugetlb-default-l1d-rep2.csv
2,scalar,base,prefault,faults,2000,256,14,88,6.387355405837297,3303706,962,0,0,3192980.0,3182288,3264752,3503230,3807170,3824693,630.8,571,902,1252,1803,2545,3193610.9,3182940,3265273,3504272,3808683,3825855,57860,38912,0,0,0,0,,,,,,,,,,,,,,0,0,0,56,0,100.0,latency-scalar-base-prefault-faults-rep2.csv,stat-scalar-base-prefault-faults-rep2.csv
2,scalar,thp,locked,l1d,2000,256,14,88,6.402573559433222,3138937,622,0,0,3200673.1,3188350,3277036,3500695,3805918,3996806,523.5,471,681,1102,1803,2104,3201196.6,3188911,3277557,3501326,3806379,3997577,57860,38912,0,0,55736,57852,14007736.1405,25242098.232,1.802011258551519,,,9690382.576,643894.9225,0.06644680098541447,,,,,,,,,,,100.0,latency-scalar-thp-locked-l1d-rep2.csv,stat-scalar-thp-locked-l1d-rep2.csv
2,oxiblas,hugetlb,locked,l2,2000,256,14,88,2.2019225526601076,1370931,721,0,0,1100366.9,1090054,1152472,1286744,1530570,1605651,497.8,461,571,932,1253,1773,1100864.7,1090585,1152973,1287375,1531843,1606814,3412,0,38912,0,1288,3404,4774505.843,12379968.3635,2.5929318699338326,,,,,,647354.6935,34916.7025,0.053937513469190596,,,,,,,,100.0,latency-oxiblas-hugetlb-locked-l2-rep2.csv,stat-oxiblas-hugetlb-locked-l2-rep2.csv
2,scalar,thp,locked,core,2000,256,14,88,6.392751486971974,3149115,851,0,0,3195730.7,3187758,3267938,3447936,3633805,3827438,584.8,541,851,1212,1983,5961,3196315.5,3188269,3268499,3448647,3635207,3829392,57860,38912,0,0,55736,57852,13994303.3425,25242097.937,1.8037409450987825,3277251.8595,0.0003092713173880495,,,,,,,,,,,,,,100.0,latency-scalar-thp-locked-core-rep2.csv,stat-scalar-thp-locked-core-rep2.csv
2,oxiblas,hugetlb,locked,core,2000,256,14,88,2.2144420072436333,1271775,631,0,0,1106667.4,1097348,1158223,1267157,1360181,1377803,479.2,451,551,892,1132,1182,1107146.6,1097789,1158673,1267608,1360772,1378695,3412,0,38912,0,1288,3404,4802670.5965,12379968.3675,2.577725896196595,2466209.308,0.00041479224682254746,,,,,,,,,,,,,,100.0,latency-oxiblas-hugetlb-locked-core-rep2.csv,stat-oxiblas-hugetlb-locked-core-rep2.csv
2,scalar,base,locked,l2,2000,256,14,88,6.382004184648395,3205611,821,0,0,3190411.8,3182538,3262078,3410857,3604349,3639245,528.5,491,662,1022,1623,1954,3190940.3,3183079,3262539,3411789,3605021,3639907,57860,38912,0,0,55736,57852,13978243.2825,25242097.9135,1.8058133202690594,,,,,,644319.6165,23546.676,0.036545024234878314,,,,,,,,100.0,latency-scalar-base-locked-l2-rep2.csv,stat-scalar-base-locked-l2-rep2.csv
2,oxiblas,thp,default,dtlb,2000,256,14,88,2.259149679914117,1341155,741,1,0,1128880.8,1102978,1221561,1547813,1779176,1940940,610.7,551,841,1252,1703,1884,1129491.5,1103559,1222102,1548474,1780369,1942523,56904,38912,0,0,0,0,4885837.298,12380992.3785,2.5340574446816135,,,,,,,,,2036.1255,136.152,,,,,,100.0,latency-oxiblas-thp-default-dtlb-rep2.csv,stat-oxiblas-thp-default-dtlb-rep2.csv
2,oxiblas,hugetlb,default,core,2000,256,14,88,2.2300838828086853,1384025,711,1,0,1114478.7,1105233,1168882,1284669,1357536,1515873,478.5,451,561,921,1493,1783,1114957.2,1105724,1169423,1285250,1358077,1517386,2632,0,38912,0,0,0,4829447.53,12379968.3605,2.5634336605992694,2466209.307,0.0004095862817210591,,,,,,,,,,,,,,100.0,latency-oxiblas-hugetlb-default-core-rep2.csv,stat-oxiblas-hugetlb-default-core-rep2.csv
2,scalar,base,default,dtlb,2000,256,14,88,6.36502786539495,3202937,732,1,0,3181863.6,3168562,3259634,3551501,4004079,4108245,558.3,471,731,1292,1984,32531,3182421.9,3169164,3260365,3552312,4005301,4108836,56908,38912,0,0,0,0,13921942.1115,25242098.3095,1.81311616636081,,,,,,,,,1614.6195,86.682,,,,,,100.0,latency-scalar-base-default-dtlb-rep2.csv,stat-scalar-base-default-dtlb-rep2.csv
2,scalar,hugetlb,default,l2,2000,256,14,88,6.466620137915015,3241469,1082,1,0,3232704.7,3225950,3297244,3405527,3642842,4075283,488.7,451,561,882,1242,1763,3233193.4,3226411,3297744,3406178,3643714,4076445,2620,0,38912,0,0,0,14171970.2875,25241073.9335,1.7810560861648999,,,,,,643802.104,33281.669,0.051695495856906984,,,,,,,,100.0,latency-scalar-hugetlb-default-l2-rep2.csv,stat-scalar-hugetlb-default-l2-rep2.csv
2,scalar,base,locked,faults,2000,256,14,88,6.399803446605802,3140640,741,0,0,3199272.9,3193960,3270734,3440983,3594190,3725347,556.8,521,732,1173,1513,5219,3199829.7,3194511,3271605,3441474,3595212,3726740,57860,38912,0,0,55736,57852,,,,,,,,,,,,,,0,0,0,72,0,100.0,latency-scalar-base-locked-faults-rep2.csv,stat-scalar-base-locked-faults-rep2.csv
2,oxiblas,thp,prefault,dtlb,2000,256,14,88,2.2074511405080557,1327260,952,0,0,1103055.2,1092278,1164043,1295870,1370070,1802941,589.5,541,841,1122,1513,1833,1103644.7,1092870,1164494,1296562,1371082,1804614,57872,38912,0,0,0,0,4783802.093,12380992.3695,2.588107143398919,,,,,,,,,1898.211,368.695,,,,,,100.0,latency-oxiblas-thp-prefault-dtlb-rep2.csv,stat-oxiblas-thp-prefault-dtlb-rep2.csv
2,scalar,thp,locked,faults,2000,256,14,88,6.382538193836808,3146331,762,0,0,3190645.3,3178882,3272327,3436013,3590604,3683007,559.5,521,782,1172,1443,1814,3191204.7,3179403,3272888,3436735,3591105,3684160,57860,38912,0,0,55736,57852,,,,,,,,,,,,,,0,0,0,53,0,100.0,latency-scalar-thp-locked-faults-rep2.csv,stat-scalar-thp-locked-faults-rep2.csv
2,scalar,hugetlb,locked,l2,2000,256,14,88,6.48039436340332,3285101,1172,0,0,3239583.0,3227112,3314476,3492300,3710730,4096092,531.8,501,681,1072,1513,1644,3240114.8,3227613,3314977,3492841,3711812,4097344,3400,0,38912,0,1276,3392,14204877.656,25241073.932,1.7769300477810466,,,,,,643997.2445,33141.984,0.051462928270339825,,,,,,,,100.0,latency-scalar-hugetlb-locked-l2-rep2.csv,stat-scalar-hugetlb-locked-l2-rep2.csv
2,oxiblas,hugetlb,prefault,l2,2000,256,14,88,2.200644386932254,1308824,711,0,0,1099714.0,1088191,1153723,1266135,1413451,1958063,507.2,461,591,962,1372,1583,1100221.2,1088672,1154265,1266896,1413922,1959465,3412,0,38912,0,0,0,4772001.908,12379968.3725,2.5942924188160235,,,,,,645946.4935,34555.784,0.05349635666069298,,,,,,,,100.0,latency-oxiblas-hugetlb-prefault-l2-rep2.csv,stat-oxiblas-hugetlb-prefault-l2-rep2.csv
2,scalar,base,prefault,l1d,2000,256,14,88,6.3905478194355965,3217815,1022,0,0,3194614.7,3193169,3259974,3413001,3585454,3609409,586.5,551,811,1203,1583,2054,3195201.2,3193650,3260485,3413752,3586025,3610612,57860,40960,0,0,0,0,13961379.978,25242097.932,1.8079944798992562,,,9689252.296,643796.8865,0.06644443418670992,,,,,,,,,,,100.0,latency-scalar-base-prefault-l1d-rep2.csv,stat-scalar-base-prefault-l1d-rep2.csv
2,oxiblas,thp,locked,faults,2000,256,14,88,2.219434628263116,1212464,821,0,0,1109119.2,1092709,1178290,1379337,1628524,1631851,528.7,481,682,1042,1593,1804,1109647.9,1093210,1178810,1379908,1630117,1633544,57872,38912,0,0,55748,57864,,,,,,,,,,,,,,0,0,0,22,0,100.0,latency-oxiblas-thp-locked-faults-rep2.csv,stat-oxiblas-thp-locked-faults-rep2.csv
2,oxiblas,base,locked,dtlb,2000,256,14,88,2.2027681209146976,1217584,812,0,0,1100736.1,1087279,1162711,1281123,1348759,1867011,562.8,541,682,1022,1493,2515,1101298.9,1087900,1163252,1281774,1349300,1868253,57872,38912,0,0,55748,57864,4770490.0465,12380992.3725,2.595329253769988,,,,,,,,,1842.6695,227.9645,,,,,,100.0,latency-oxiblas-base-locked-dtlb-rep2.csv,stat-oxiblas-base-locked-dtlb-rep2.csv
2,scalar,base,prefault,dtlb,2000,256,14,88,6.3739853128790855,3330155,2124,0,0,3186307.7,3177429,3257199,3432818,3612024,4085682,596.5,531,862,1222,1844,3076,3186904.2,3177970,3257670,3433499,3612765,4087135,57860,38912,0,0,0,0,13951925.839,25242098.2535,1.8092196406993817,,,,,,,,,1897.95,124.518,,,,,,100.0,latency-scalar-base-prefault-dtlb-rep2.csv,stat-scalar-base-prefault-dtlb-rep2.csv
2,oxiblas,hugetlb,locked,l1d,2000,256,14,88,2.19866044819355,1312081,931,0,0,1098680.0,1084995,1157851,1268699,1365320,1941962,522.2,511,611,1002,1363,1723,1099202.2,1085515,1158383,1269211,1365781,1943405,3412,0,38912,0,1288,3404,4768631.7475,12379968.3705,2.596125896488089,,,3057977.9845,644266.162,0.21068371494680393,,,,,,,,,,,100.0,latency-oxiblas-hugetlb-locked-l1d-rep2.csv,stat-oxiblas-hugetlb-locked-l1d-rep2.csv
2,oxiblas,hugetlb,prefault,l1d,2000,256,14,88,2.201313588768244,1342177,991,0,0,1100086.9,1088301,1162219,1274340,1464898,2075653,486.4,451,551,952,1573,1733,1100573.3,1088812,1162730,1274871,1465429,2077006,3412,0,38912,0,0,0,4767032.854,12379968.3885,2.59699665759845,,,3059232.151,644745.305,0.21075396477813757,,,,,,,,,,,100.0,latency-oxiblas-hugetlb-prefault-l1d-rep2.csv,stat-oxiblas-hugetlb-prefault-l1d-rep2.csv
2,scalar,hugetlb,prefault,l1d,2000,256,14,88,6.4513690154999495,3189892,631,0,0,3225101.5,3215460,3297435,3419904,3654403,4120016,497.3,451,591,952,1603,1723,3225598.9,3215961,3298025,3420435,3654904,4121239,3400,0,38912,0,0,0,14126041.6675,25241073.929,1.7868469117624455,,,9718916.5455,643514.213,0.06621254642812592,,,,,,,,,,,100.0,latency-scalar-hugetlb-prefault-l1d-rep2.csv,stat-scalar-hugetlb-prefault-l1d-rep2.csv
2,scalar,hugetlb,prefault,l2,2000,256,14,88,6.483014767989516,3212846,621,0,0,3240939.8,3232573,3309727,3441003,3811519,4028756,496.3,451,601,1022,1403,1422,3241436.1,3233014,3310188,3441895,3812390,4029617,3400,0,38912,0,0,0,14201922.846,25241073.9495,1.777299751815593,,,,,,644323.555,33429.0785,0.05188244049218409,,,,,,,,100.0,latency-scalar-hugetlb-prefault-l2-rep2.csv,stat-scalar-hugetlb-prefault-l2-rep2.csv
2,oxiblas,base,prefault,core,2000,256,14,88,2.233535857871175,1300880,752,0,0,1116066.9,1097569,1190212,1343630,1618966,1840993,596.3,561,751,1102,1654,3106,1116663.2,1098049,1190823,1344932,1619728,1842305,57872,38912,0,0,0,0,4836295.193,12380992.3735,2.5600158549916703,2466209.308,0.0004160407215525763,,,,,,,,,,,,,,100.0,latency-oxiblas-base-prefault-core-rep2.csv,stat-oxiblas-base-prefault-core-rep2.csv
2,scalar,thp,locked,l2,2000,256,14,88,6.391607975587249,3143065,912,0,0,3195156.3,3185765,3273018,3446234,3646178,3799546,560.7,521,772,1152,1543,1854,3195716.9,3186265,3273459,3446955,3647120,3800257,57860,38912,0,0,55736,57852,13991261.3575,25242098.1545,1.8041331306393618,,,,,,644433.0335,23393.855,0.03630145225943015,,,,,,,,100.0,latency-scalar-thp-locked-l2-rep2.csv,stat-scalar-thp-locked-l2-rep2.csv
2,scalar,base,locked,l1d,2000,256,14,88,6.4047347959131,3194712,942,0,0,3201736.3,3202005,3263941,3427438,3705369,4051337,547.0,491,721,1082,1773,1804,3202283.3,3202486,3265043,3428229,3706010,4053111,57860,38912,0,0,55736,57852,13974586.1465,25242097.927,1.8062859008759984,,,9689088.77,643229.761,0.06638702320404068,,,,,,,,,,,100.0,latency-scalar-base-locked-l1d-rep2.csv,stat-scalar-base-locked-l1d-rep2.csv
2,scalar,thp,prefault,l1d,2000,256,14,88,6.380118573084474,3177850,761,0,0,3189443.0,3183230,3258701,3497910,3622734,3631290,548.2,511,771,1132,1483,2003,3189991.2,3183831,3259232,3499122,3623275,3631791,57860,38912,0,0,0,0,13931246.7685,25242097.9175,1.8119051608916306,,,9690871.5275,643333.4985,0.0663855151391078,,,,,,,,,,,100.0,latency-scalar-thp-prefault-l1d-rep2.csv,stat-scalar-thp-prefault-l1d-rep2.csv
2,oxiblas,hugetlb,locked,faults,2000,256,14,88,2.2355769611895084,1335635,711,0,0,1117218.0,1104682,1175544,1307722,1562310,1643322,498.0,461,572,952,1212,1283,1117716.1,1105193,1176075,1308794,1562991,1644534,3412,0,38912,0,1288,3404,,,,,,,,,,,,,,0,0,0,15,0,100.0,latency-oxiblas-hugetlb-locked-faults-rep2.csv,stat-oxiblas-hugetlb-locked-faults-rep2.csv
2,oxiblas,hugetlb,prefault,dtlb,2000,256,14,88,2.2204317525029182,1455139,811,0,0,1109660.8,1092759,1183339,1336657,1580664,1820274,470.8,451,541,872,1643,1784,1110131.6,1093221,1183820,1337158,1581295,1820905,3412,0,38912,0,0,0,4802138.9415,12379968.403,2.578011289097142,,,,,,,,,8.9515,0.3995,,,,,,100.0,latency-oxiblas-hugetlb-prefault-dtlb-rep2.csv,stat-oxiblas-hugetlb-prefault-dtlb-rep2.csv
2,scalar,base,locked,core,2000,256,14,88,6.400603609159589,3233244,852,0,0,3199577.5,3188760,3285662,3476309,3690862,3890166,614.4,561,831,1393,1934,2144,3200191.9,3189281,3286364,3477251,3691904,3890767,57860,38912,0,0,55736,57852,14009470.4365,25242098.517,1.8017881997334269,3277252.4455,0.00032081248469084406,,,,,,,,,,,,,,100.0,latency-scalar-base-locked-core-rep2.csv,stat-scalar-base-locked-core-rep2.csv
2,scalar,thp,default,l2,2000,256,14,88,6.362512651830912,3315137,922,1,0,3180595.1,3169795,3254053,3447015,3595944,3633334,593.4,541,871,1243,1813,1853,3181188.4,3170296,3254914,3447656,3596575,3634065,56836,38912,0,0,0,0,13933028.8175,25242097.934,1.8116734175052962,,,,,,644293.1675,21890.5805,0.0339761177119731,,,,,,,,100.0,latency-scalar-thp-default-l2-rep2.csv,stat-scalar-thp-default-l2-rep2.csv
2,oxiblas,base,locked,l2,2000,256,14,88,2.2126544658094645,1377463,1112,0,0,1105686.0,1091857,1167219,1290591,1348208,1555668,579.3,551,731,1072,1543,2034,1106265.2,1092469,1167750,1291342,1349851,1556780,57872,38912,0,0,55748,57864,4791637.728,12380992.3825,2.5838748848126607,,,,,,646344.1965,22089.096,0.034175437978114495,,,,,,,,100.0,latency-oxiblas-base-locked-l2-rep2.csv,stat-oxiblas-base-locked-l2-rep2.csv
2,oxiblas,base,locked,core,2000,256,14,88,2.197808986529708,1140890,781,0,0,1098246.9,1085926,1144546,1328051,1557231,1926513,572.9,551,721,1012,1282,1623,1098819.8,1086418,1145197,1328802,1558133,1927835,57872,38912,0,0,55748,57864,4758135.841,12380992.3775,2.6020678667505073,2466209.306,0.0004118085182507214,,,,,,,,,,,,,,100.0,latency-oxiblas-base-locked-core-rep2.csv,stat-oxiblas-base-locked-core-rep2.csv
2,scalar,hugetlb,prefault,dtlb,2000,256,14,88,6.463759254664183,3227142,732,0,0,3231298.2,3229236,3297334,3433760,3720277,3862414,497.5,451,621,1022,1383,1633,3231795.7,3229757,3297895,3434211,3721409,3863275,3400,0,38912,0,0,0,14117454.309,25241073.959,1.787933816290703,,,,,,,,,24.467,1.4795,,,,,,100.0,latency-scalar-hugetlb-prefault-dtlb-rep2.csv,stat-scalar-hugetlb-prefault-dtlb-rep2.csv
2,oxiblas,thp,locked,core,2000,256,14,88,2.2026393432170153,1228805,802,0,0,1100692.9,1088451,1157291,1324644,1559544,1949707,545.4,531,631,1012,1312,8135,1101238.3,1089002,1157732,1325185,1560286,1950899,57872,38912,0,0,55748,57864,4767786.375,12380992.382,2.59680099069036,2466209.3105,0.0004128143120964833,,,,,,,,,,,,,,100.0,latency-oxiblas-thp-locked-core-rep2.csv,stat-oxiblas-thp-locked-core-rep2.csv
2,oxiblas,base,prefault,dtlb,2000,256,14,88,2.237010160461068,1329964,972,0,0,1117856.0,1099722,1182878,1390167,1683247,1739753,555.7,531,722,1072,1503,1824,1118411.7,1100223,1183429,1390648,1684068,1741256,57872,38912,0,0,0,0,4840430.636,12380992.389,2.5578286974960798,,,,,,,,,2044.7175,802.5715,,,,,,100.0,latency-oxiblas-base-prefault-dtlb-rep2.csv,stat-oxiblas-base-prefault-dtlb-rep2.csv
2,oxiblas,base,prefault,faults,2000,256,14,88,2.2184372525662184,1252529,761,0,0,1108540.7,1087560,1178480,1359790,1777514,4520948,562.3,541,731,1062,1573,1764,1109103.0,1088140,1179091,1360722,1778235,4521690,57872,38912,0,0,0,0,,,,,,,,,,,,,,17,17,0,32,0,100.0,latency-oxiblas-base-prefault-faults-rep2.csv,stat-oxiblas-base-prefault-faults-rep2.csv
2,scalar,thp,prefault,faults,2000,256,14,88,6.378211120143533,3214328,781,0,0,3188471.0,3183671,3262419,3420715,3693176,3863957,571.1,531,801,1112,1512,1813,3189042.2,3184362,3263169,3421807,3694158,3865359,57860,38912,0,0,0,0,,,,,,,,,,,,,,0,0,0,68,0,100.0,latency-scalar-thp-prefault-faults-rep2.csv,stat-scalar-thp-prefault-faults-rep2.csv
2,oxiblas,base,locked,faults,2000,256,14,88,2.2256566639989614,1311199,982,0,0,1112210.6,1092188,1175805,1464226,1679610,1821947,553.3,531,721,1052,1363,1724,1112763.8,1092629,1176446,1464817,1680843,1822689,57872,38912,0,0,55748,57864,,,,,,,,,,,,,,0,0,0,15,0,100.0,latency-oxiblas-base-locked-faults-rep2.csv,stat-oxiblas-base-locked-faults-rep2.csv
2,oxiblas,hugetlb,prefault,core,2000,256,14,88,2.201828060671687,1325827,802,0,0,1100328.8,1088462,1156068,1262427,1364880,1434601,508.4,471,591,922,1212,2014,1100837.3,1088952,1156529,1263048,1365712,1435623,3412,0,38912,0,0,0,4769359.9615,12379968.3815,2.5957295069853368,2466209.304,0.00041029262940449926,,,,,,,,,,,,,,100.0,latency-oxiblas-hugetlb-prefault-core-rep2.csv,stat-oxiblas-hugetlb-prefault-core-rep2.csv
2,scalar,base,prefault,l2,2000,256,14,88,6.364584527909756,3300489,1302,0,0,3181614.0,3172510,3255205,3413502,3642391,4110679,588.4,541,842,1212,1964,6151,3182202.3,3173061,3255806,3414213,3643413,4111731,57860,38912,0,0,0,0,13940422.2495,25242097.9275,1.8107125792696384,,,,,,644044.5895,23240.567,0.0360853384670814,,,,,,,,100.0,latency-scalar-base-prefault-l2-rep2.csv,stat-scalar-base-prefault-l2-rep2.csv
2,scalar,thp,locked,dtlb,2000,256,14,88,6.380738511681557,3179122,922,0,0,3189647.0,3186005,3259253,3426446,3617735,3691322,578.1,531,831,1293,1533,7835,3190225.1,3186556,3259734,3427609,3618346,3692384,57860,38912,0,0,55736,57852,13963442.22,25242097.934,1.8077274597695867,,,,,,,,,2082.352,204.8255,,,,,,100.0,latency-scalar-thp-locked-dtlb-rep2.csv,stat-scalar-thp-locked-dtlb-rep2.csv
2,scalar,base,default,faults,2000,256,14,88,6.379962684586644,3209489,812,1,0,3189334.6,3185565,3262258,3427828,3647391,4009530,572.9,531,751,1273,1763,2555,3189907.5,3186135,3262799,3429050,3647942,4011163,56908,38912,0,0,0,0,,,,,,,,,,,,,,0,0,0,64,0,100.0,latency-scalar-base-default-faults-rep2.csv,stat-scalar-base-default-faults-rep2.csv
2,scalar,thp,prefault,l2,2000,256,14,88,6.366550352424383,3261246,982,0,0,3182673.0,3174694,3257419,3428791,3796931,3994832,510.0,461,701,1112,1513,1733,3183183.0,3175214,3258070,3429452,3798053,3996274,57860,38912,0,0,0,0,13948441.286,25242097.9295,1.8096715906769743,,,,,,643833.2685,28230.551,0.04384761145656765,,,,,,,,100.0,latency-scalar-thp-prefault-l2-rep2.csv,stat-scalar-thp-prefault-l2-rep2.csv
2,scalar,hugetlb,default,l1d,2000,256,14,88,6.47648585960269,3239285,721,1,0,3237649.4,3228134,3310368,3462704,3709938,3975886,503.6,451,631,1031,1733,1984,3238152.9,3228736,3311080,3463325,3710619,3977108,2640,0,38912,0,0,0,14196492.3575,25241073.9465,1.7779796100946832,,,9719197.701,643051.4645,0.06616301924117018,,,,,,,,,,,100.0,latency-scalar-hugetlb-default-l1d-rep2.csv,stat-scalar-hugetlb-default-l1d-rep2.csv
2,scalar,thp,prefault,dtlb,2000,256,14,88,6.410928767174482,3222113,931,0,0,3204830.1,3199721,3269161,3520923,3701091,6495070,554.1,511,762,1152,1443,4689,3205384.2,3200362,3269772,3521805,3702194,6495531,57860,38912,0,0,0,0,13987482.302,25242097.9335,1.804620544891825,,,,,,,,,1883.1045,278.3275,,,,,,100.0,latency-scalar-thp-prefault-dtlb-rep2.csv,stat-scalar-thp-prefault-dtlb-rep2.csv
2,scalar,hugetlb,default,dtlb,2000,256,14,88,6.469711009413004,3188950,732,1,0,3234262.8,3226651,3306250,3422148,3677457,3728432,524.6,500,651,1032,1623,2024,3234787.4,3227102,3306781,3423120,3678018,3729164,2656,0,38912,0,0,0,14176541.72,25241073.957,1.7804817603287806,,,,,,,,,28.148,1.7785,,,,,,100.0,latency-scalar-hugetlb-default-dtlb-rep2.csv,stat-scalar-hugetlb-default-dtlb-rep2.csv
2,oxiblas,thp,prefault,l1d,2000,256,14,88,2.223731853067875,1311770,651,0,0,1111235.0,1098760,1174553,1276374,1351244,1600101,549.0,531,651,952,1734,7945,1111783.9,1099322,1175214,1277105,1352416,1601835,57872,38912,0,0,0,0,4821745.883,12380992.3995,2.567740544592279,,,3282463.1245,644299.609,0.1962854065872081,,,,,,,,,,,100.0,latency-oxiblas-thp-prefault-l1d-rep2.csv,stat-oxiblas-thp-prefault-l1d-rep2.csv
2,oxiblas,base,prefault,l1d,2000,256,14,88,2.23255243524909,1422057,901,0,0,1115686.9,1098821,1174583,1364118,1593138,2147127,510.8,471,651,992,1292,1593,1116197.7,1099251,1175064,1365180,1593829,2148379,57872,38912,0,0,0,0,4836524.1375,12380992.4105,2.559894680252694,,,3282363.0035,650798.908,0.1982714609280113,,,,,,,,,,,100.0,latency-oxiblas-base-prefault-l1d-rep2.csv,stat-oxiblas-base-prefault-l1d-rep2.csv
2,scalar,base,prefault,core,2000,256,14,88,6.382564231753349,3199491,992,0,0,3190635.7,3180635,3263640,3438007,3716240,3768989,541.2,510,721,1183,1704,2255,3191176.9,3181146,3264282,3438889,3717773,3770251,57860,38912,0,0,0,0,13982342.0,25242097.9485,1.8052839752095893,3277251.859,0.0003089974599355319,,,,,,,,,,,,,,100.0,latency-scalar-base-prefault-core-rep2.csv,stat-scalar-base-prefault-core-rep2.csv
2,oxiblas,base,default,dtlb,2000,256,14,88,2.205120401456952,1253982,1022,1,0,1101914.6,1087640,1165877,1316559,1531703,1573792,557.9,531,722,1032,1373,1473,1102472.5,1088261,1166438,1317521,1532334,1574453,56856,40960,0,0,0,0,4781529.55,12380992.3845,2.589337209993819,,,,,,,,,1742.476,97.637,,,,,,100.0,latency-oxiblas-base-default-dtlb-rep2.csv,stat-oxiblas-base-default-dtlb-rep2.csv
2,oxiblas,thp,default,faults,2000,256,14,88,2.2261676527559757,1330946,972,1,0,1112422.3,1092418,1183690,1371582,1662238,1684720,542.2,521,651,1002,1272,1383,1112964.5,1092990,1184161,1372193,1662989,1685892,56924,38912,0,0,0,0,,,,,,,,,,,,,,0,0,0,8,0,100.0,latency-oxiblas-thp-default-faults-rep2.csv,stat-oxiblas-thp-default-faults-rep2.csv
2,scalar,base,default,core,2000,256,14,88,6.365523423999548,3165747,1273,1,0,3181932.0,3175175,3257840,3393484,3690391,4099278,571.6,531,781,1203,1453,1833,3182503.5,3175666,3258401,3394136,3691583,4100510,56892,38912,0,0,0,0,13943244.702,25242098.1045,1.8103460596140373,3277252.027,0.00030976409248857563,,,,,,,,,,,,,,100.0,latency-scalar-base-default-core-rep2.csv,stat-scalar-base-default-core-rep2.csv
2,oxiblas,base,prefault,l2,2000,256,14,88,2.2234147880226374,1438247,902,0,0,1111060.1,1085516,1184682,1568281,1821937,1947854,565.5,531,721,1102,1713,1984,1111625.6,1086057,1185313,1569103,1822919,1949106,57872,38912,0,0,0,0,4808526.0275,12380992.399,2.5747999133607684,,,,,,646554.867,21684.59,0.033538669503202424,,,,,,,,100.0,latency-oxiblas-base-prefault-l2-rep2.csv,stat-oxiblas-base-prefault-l2-rep2.csv
2,scalar,hugetlb,default,core,2000,256,14,88,6.451322551816702,3174994,731,1,0,3225076.1,3213918,3302113,3576067,3769420,3944368,519.7,471,671,1012,1393,1814,3225595.7,3214449,3302654,3576698,3770261,3945640,2672,0,38912,0,0,0,14120565.9085,25241073.9565,1.7875398280819548,3277251.867,0.0003094161026226673,,,,,,,,,,,,,,100.0,latency-scalar-hugetlb-default-core-rep2.csv,stat-scalar-hugetlb-default-core-rep2.csv
2,oxiblas,hugetlb,default,faults,2000,256,14,88,2.2057903427630663,1358137,711,1,0,1102340.0,1091066,1154235,1266025,1418320,1641559,493.3,461,562,872,1112,1342,1102833.3,1091597,1154725,1266586,1418771,1642250,2668,0,38912,0,0,0,,,,,,,,,,,,,,0,0,0,13,0,100.0,latency-oxiblas-hugetlb-default-faults-rep2.csv,stat-oxiblas-hugetlb-default-faults-rep2.csv
2,oxiblas,thp,locked,l2,2000,256,14,88,2.2004419397562742,1131021,1062,0,0,1099587.0,1082781,1156859,1322320,1603878,1945578,539.4,521,681,952,1553,7313,1100126.4,1083302,1157360,1322891,1604388,1946901,57872,38912,0,0,55748,57864,4770979.0295,12380992.3945,2.5950632601706345,,,,,,646727.721,21581.9525,0.033371002663422245,,,,,,,,100.0,latency-oxiblas-thp-locked-l2-rep2.csv,stat-oxiblas-thp-locked-l2-rep2.csv
2,scalar,thp,default,faults,2000,256,14,88,6.370614470914006,3218486,2575,1,0,3184684.6,3177529,3258521,3415686,3690622,6598935,536.1,471,711,1282,2254,2986,3185220.7,3178020,3258992,3416768,3691974,6599627,56876,40960,0,0,0,0,,,,,,,,,,,,,,0,0,0,65,0,100.0,latency-scalar-thp-default-faults-rep2.csv,stat-scalar-thp-default-faults-rep2.csv
2,oxiblas,thp,prefault,l2,2000,256,14,88,2.2158530205488205,1355833,862,0,0,1107268.6,1091137,1169774,1335014,1625378,1715437,571.7,551,731,982,1513,1833,1107840.3,1091688,1170335,1335645,1625869,1716559,57872,38912,0,0,0,0,4803171.495,12380992.42,2.577670281581316,,,,,,647949.659,21241.1025,0.032782025895008615,,,,,,,,100.0,latency-oxiblas-thp-prefault-l2-rep2.csv,stat-oxiblas-thp-prefault-l2-rep2.csv
3,oxiblas,base,prefault,l2,2000,256,14,88,2.213838193565607,1255625,821,0,0,1106284.4,1088912,1172840,1347547,1610981,1863965,540.4,521,651,1032,1643,1683,1106824.8,1089433,1173371,1348479,1611723,1865629,57872,38912,0,0,0,0,4788886.963,12380992.6755,2.5853591390146162,,,,,,647238.8905,20416.2875,0.031543666179002575,,,,,,,,100.0,latency-oxiblas-base-prefault-l2-rep3.csv,stat-oxiblas-base-prefault-l2-rep3.csv
3,oxiblas,base,prefault,l1d,2000,256,14,88,2.2183300126343966,1439469,822,0,0,1108536.4,1090766,1175484,1331357,1675422,1855440,542.4,491,711,1072,1373,1723,1109078.8,1091357,1176135,1331938,1676093,1857103,57872,38912,0,0,0,0,4803030.6795,12380992.426,2.5777458551001535,,,3283544.583,645252.8265,0.1965110599809389,,,,,,,,,,,100.0,latency-oxiblas-base-prefault-l1d-rep3.csv,stat-oxiblas-base-prefault-l1d-rep3.csv
3,scalar,base,default,core,2000,256,14,88,6.38421437330544,3170827,1022,1,0,3191495.7,3185665,3256777,3422168,3662088,4209114,557.2,521,741,1142,1984,2024,3192052.9,3186185,3257258,3422850,3662679,4209856,56864,38912,0,0,0,0,13982019.0885,25242097.9515,1.8053256680404082,3277251.862,0.0003097389345536971,,,,,,,,,,,,,,100.0,latency-scalar-base-default-core-rep3.csv,stat-scalar-base-default-core-rep3.csv
3,oxiblas,hugetlb,default,dtlb,2000,256,14,88,2.2201328966766596,1361263,701,1,0,1109499.8,1096727,1161959,1323492,1631680,1697022,483.1,451,541,902,1533,1683,1109982.9,1097248,1162570,1323943,1632492,1698555,2588,0,38912,0,0,0,4811808.3595,12379968.389,2.572830724764445,,,,,,,,,8.0635,0.522,,,,,,100.0,latency-oxiblas-hugetlb-default-dtlb-rep3.csv,stat-oxiblas-hugetlb-default-dtlb-rep3.csv
3,scalar,thp,default,l1d,2000,256,14,88,6.373763274401426,3374017,1322,1,0,3186253.7,3177028,3253792,3398524,3758379,3904773,531.8,471,711,1103,1673,1753,3186785.6,3177479,3254504,3399496,3759230,3906526,56864,38912,0,0,0,0,13964674.2545,25242097.9415,1.8075679734073242,,,9688881.6125,643855.677,0.06645304409224455,,,,,,,,,,,100.0,latency-scalar-thp-default-l1d-rep3.csv,stat-scalar-thp-default-l1d-rep3.csv
3,scalar,base,locked,core,2000,256,14,88,6.3985168263316154,3142864,821,0,0,3198629.0,3188730,3279370,3433529,3683809,3791701,556.5,521,772,1142,1413,1633,3199185.5,3189191,3280282,3434351,3684841,3792552,57860,38912,0,0,55736,57852,14001849.8135,25242097.953,1.8027687976386249,3277251.8635,0.0003093656033251043,,,,,,,,,,,,,,100.0,latency-scalar-base-locked-core-rep3.csv,stat-scalar-base-locked-core-rep3.csv
3,oxiblas,thp,locked,core,2000,256,14,88,2.2020753156393766,1139557,732,0,0,1100399.3,1086758,1161287,1279670,1519059,1926994,552.8,511,731,1022,1513,9578,1100952.1,1087279,1161959,1280501,1519830,1928296,57872,38912,0,0,55748,57864,4766653.075,12380992.403,2.5974183999115565,2466209.3135,0.0004142878280473252,,,,,,,,,,,,,,100.0,latency-oxiblas-thp-locked-core-rep3.csv,stat-oxiblas-thp-locked-core-rep3.csv
3,scalar,base,locked,faults,2000,256,14,88,6.388824000954628,3152562,911,0,0,3193408.3,3187147,3265404,3463516,3605321,4052971,627.9,571,882,1393,1773,1913,3194036.2,3187848,3266065,3464367,3606814,4054444,57860,38912,0,0,55736,57852,,,,,,,,,,,,,,0,0,0,52,0,100.0,latency-scalar-base-locked-faults-rep3.csv,stat-scalar-base-locked-faults-rep3.csv
3,scalar,thp,prefault,l2,2000,256,14,88,6.376312216743827,3205853,751,0,0,3187464.6,3176678,3265203,3420044,3640347,3849449,579.9,531,831,1142,1573,1844,3188044.5,3177178,3265765,3420916,3641339,3850862,57860,38912,0,0,0,0,13979595.2185,25242097.948,1.805638686490413,,,,,,644382.5575,23484.854,0.036445514743778586,,,,,,,,100.0,latency-scalar-thp-prefault-l2-rep3.csv,stat-scalar-thp-prefault-l2-rep3.csv
3,scalar,thp,default,dtlb,2000,256,14,88,6.376630647107959,3208197,702,1,0,3187662.0,3174854,3261146,3466441,3778977,3947984,575.0,521,792,1232,1833,5731,3188237.0,3175545,3261717,3467333,3779548,3948565,56880,38912,0,0,0,0,13971206.038,25242097.9515,1.8067229044396402,,,,,,,,,2048.2635,192.1075,,,,,,100.0,latency-scalar-thp-default-dtlb-rep3.csv,stat-scalar-thp-default-dtlb-rep3.csv
3,oxiblas,thp,locked,l1d,2000,256,14,88,2.2157326079905033,1267177,751,0,0,1107240.2,1091107,1167480,1315056,1603107,1722661,533.6,471,712,1052,1433,9849,1107773.7,1091548,1168291,1316048,1603838,1724134,57872,38912,0,0,55748,57864,4797877.589,12380992.408,2.580514441715991,,,3288045.7495,645739.729,0.19639012902974207,,,,,,,,,,,100.0,latency-oxiblas-thp-locked-l1d-rep3.csv,stat-oxiblas-thp-locked-l1d-rep3.csv
3,oxiblas,hugetlb,locked,core,2000,256,14,88,2.2491479329764843,1278167,631,0,0,1123972.1,1105995,1187087,1394064,1763999,1894984,499.4,460,611,1022,1393,5000,1124471.5,1106505,1187728,1394645,1765201,1896186,3412,0,38912,0,1288,3404,4864483.509,12379968.417,2.544970785509965,2466209.3335,0.00041347524159793714,,,,,,,,,,,,,,100.0,latency-oxiblas-hugetlb-locked-core-rep3.csv,stat-oxiblas-hugetlb-locked-core-rep3.csv
3,oxiblas,base,default,dtlb,2000,256,14,88,2.2291289288550615,1278318,902,1,0,1113908.7,1096507,1184542,1308795,1766733,1803312,563.8,531,671,1172,1823,7574,1114472.5,1097048,1185093,1309446,1768086,1805135,56876,38912,0,0,0,0,4822578.275,12380992.3955,2.5672973437636943,,,,,,,,,1997.8135,102.7365,,,,,,100.0,latency-oxiblas-base-default-dtlb-rep3.csv,stat-oxiblas-base-default-dtlb-rep3.csv
3,oxiblas,thp,prefault,l2,2000,256,14,88,2.2037833370268345,1236358,811,0,0,1101255.9,1085395,1159224,1315036,1598578,1887449,553.8,541,691,1042,1423,1723,1101809.7,1085986,1159765,1315557,1599249,1888872,57872,38912,0,0,0,0,4771305.5025,12380992.418,2.5948856998389194,,,,,,646718.462,21464.6285,0.03319006609710796,,,,,,,,100.0,latency-oxiblas-thp-prefault-l2-rep3.csv,stat-oxiblas-thp-prefault-l2-rep3.csv
3,oxiblas,thp,prefault,l1d,2000,256,14,88,2.2112350203096867,1244203,601,0,0,1104942.3,1087800,1162250,1453325,1664872,1936722,572.9,541,781,1052,1443,1703,1105515.2,1088351,1162711,1454046,1665513,1938045,57872,38912,0,0,0,0,4778031.6145,12380992.392,2.5912328320363396,,,3286575.849,646191.5165,0.19661542778530897,,,,,,,,,,,100.0,latency-oxiblas-thp-prefault-l1d-rep3.csv,stat-oxiblas-thp-prefault-l1d-rep3.csv
3,scalar,thp,default,l2,2000,256,14,88,6.366502437740564,3249314,1302,1,0,3182608.9,3168743,3259803,3504933,3632632,3728212,557.2,491,781,1383,2344,2806,3183166.1,3169213,3260284,3505895,3634015,3729014,56892,38912,0,0,0,0,13941335.946,25242097.9575,1.8105939097423713,,,,,,644274.0455,22876.2555,0.03550702633418437,,,,,,,,100.0,latency-scalar-thp-default-l2-rep3.csv,stat-scalar-thp-default-l2-rep3.csv
3,oxiblas,hugetlb,locked,dtlb,2000,256,14,88,2.240109646692872,1400296,801,0,0,1119475.7,1108118,1173541,1265613,1396690,2011051,493.7,460,581,871,1333,1423,1119969.4,1108589,1174062,1266064,1397241,2012274,3412,0,38912,0,1288,3404,4850365.715,12379968.403,2.5523783422586726,,,,,,,,,8.653,0.6845,,,,,,100.0,latency-oxiblas-hugetlb-locked-dtlb-rep3.csv,stat-oxiblas-hugetlb-locked-dtlb-rep3.csv
3,scalar,hugetlb,prefault,dtlb,2000,256,14,88,6.463072685524821,3212706,741,0,0,3230924.2,3220379,3300259,3469086,3957633,4006864,524.1,461,682,1102,1392,1773,3231448.3,3220851,3300740,3469587,3958464,4008107,3400,0,38912,0,0,0,14149381.4135,25241073.987,1.783899468772349,,,,,,,,,25.608,1.566,,,,,,100.0,latency-scalar-hugetlb-prefault-dtlb-rep3.csv,stat-scalar-hugetlb-prefault-dtlb-rep3.csv
3,oxiblas,base,default,core,2000,256,14,88,2.218059966340661,1232111,631,1,0,1108369.6,1095163,1167339,1349170,1544346,1901897,569.9,551,691,1122,1643,7835,1108939.5,1095724,1168031,1349892,1544978,1903530,56892,38912,0,0,0,0,4800985.4925,12380992.6815,2.578844010431052,2466209.568,0.0004162517303152398,,,,,,,,,,,,,,100.0,latency-oxiblas-base-default-core-rep3.csv,stat-oxiblas-base-default-core-rep3.csv
3,scalar,thp,prefault,faults,2000,256,14,88,6.38882546313107,3227693,1152,0,0,3193752.0,3187117,3258892,3411017,3659563,4041189,592.8,541,781,1162,1493,2204,3194344.8,3187708,3259623,3411718,3660245,4042631,57860,38912,0,0,0,0,,,,,,,,,,,,,,0,0,0,73,0,100.0,latency-scalar-thp-prefault-faults-rep3.csv,stat-scalar-thp-prefault-faults-rep3.csv
3,oxiblas,thp,default,faults,2000,256,14,88,2.218221878632903,1307442,951,1,0,1108505.7,1089613,1181576,1335384,1693506,1871340,539.7,501,661,1002,1383,1864,1109045.4,1090114,1182307,1336296,1694879,1872762,56892,38912,0,0,0,0,,,,,,,,,,,,,,0,0,0,18,0,100.0,latency-oxiblas-thp-default-faults-rep3.csv,stat-oxiblas-thp-default-faults-rep3.csv
3,scalar,base,default,faults,2000,256,14,88,6.3750712014734745,3193670,742,1,0,3186925.3,3179202,3254984,3396590,3640347,6576113,546.1,521,702,1032,1422,1533,3187471.4,3179703,3255566,3397171,3640988,6576885,56872,38912,0,0,0,0,,,,,,,,,,,,,,0,0,0,65,0,100.0,latency-scalar-base-default-faults-rep3.csv,stat-scalar-base-default-faults-rep3.csv
3,oxiblas,hugetlb,locked,l2,2000,256,14,88,2.220798831433058,1402110,802,0,0,1109777.7,1092960,1170445,1343440,1632251,2222658,518.9,511,612,982,1593,2124,1110296.6,1093411,1170946,1344141,1632882,2223990,3412,0,38912,0,1288,3404,4807959.193,12379968.4045,2.5748904904443104,,,,,,645755.908,34489.7795,0.05340993256541758,,,,,,,,100.0,latency-oxiblas-hugetlb-locked-l2-rep3.csv,stat-oxiblas-hugetlb-locked-l2-rep3.csv
3,oxiblas,base,prefault,faults,2000,256,14,88,2.201448567211628,1546120,1122,0,0,1100125.8,1086287,1162090,1276113,1365481,1665052,526.3,491,651,1012,1382,1934,1100652.0,1086818,1162650,1276734,1366263,1666585,57872,38912,0,0,0,0,,,,,,,,,,,,,,0,0,0,19,0,100.0,latency-oxiblas-base-prefault-faults-rep3.csv,stat-oxiblas-base-prefault-faults-rep3.csv
3,scalar,base,prefault,faults,2000,256,14,88,6.393819352611899,3234416,1422,0,0,3196208.4,3184071,3271265,3493492,3877151,4007645,608.0,551,852,1273,1733,2104,3196816.4,3184672,3272437,3494624,3878454,4009749,57860,38912,0,0,0,0,,,,,,,,,,,,,,2,2,0,77,0,100.0,latency-scalar-base-prefault-faults-rep3.csv,stat-scalar-base-prefault-faults-rep3.csv
3,oxiblas,hugetlb,prefault,dtlb,2000,256,14,88,2.2108932211995125,1333090,752,0,0,1104846.6,1093942,1157641,1287435,1618916,1675682,495.7,461,601,932,1252,1783,1105342.4,1094392,1158162,1288126,1620219,1676484,3412,0,38912,0,0,0,4787614.379,12379968.402,2.585832404611048,,,,,,,,,9.467,0.458,,,,,,100.0,latency-oxiblas-hugetlb-prefault-dtlb-rep3.csv,stat-oxiblas-hugetlb-prefault-dtlb-rep3.csv
3,oxiblas,thp,prefault,core,2000,256,14,88,2.210434725508094,1545749,1132,0,0,1104546.4,1089153,1164725,1306730,1664682,1744000,595.1,551,841,1072,1423,1713,1105141.4,1089723,1165276,1307311,1665374,1745643,57872,38912,0,0,0,0,4786139.82,12380992.4015,2.586843023215314,2466209.312,0.00041297670682057663,,,,,,,,,,,,,,100.0,latency-oxiblas-thp-prefault-core-rep3.csv,stat-oxiblas-thp-prefault-core-rep3.csv
3,scalar,hugetlb,locked,faults,2000,256,14,88,6.4445908814668655,3291222,702,0,0,3221743.1,3211923,3292615,3437066,3625560,3691483,480.7,450,581,902,1563,5280,3222223.8,3212294,3293106,3437737,3626381,3692134,3400,0,38912,0,1276,3392,,,,,,,,,,,,,,0,0,0,60,0,100.0,latency-scalar-hugetlb-locked-faults-rep3.csv,stat-scalar-hugetlb-locked-faults-rep3.csv
3,scalar,thp,locked,core,2000,256,14,88,6.3858563508838415,3194671,872,0,0,3192294.9,3187929,3261256,3381391,3626330,3835613,549.2,500,761,1143,1734,4900,3192844.1,3188480,3261717,3382192,3627022,3837347,57860,38912,0,0,55736,57852,13979863.0915,25242097.9735,1.8056040898460326,3277251.866,0.0003090789299744349,,,,,,,,,,,,,,100.0,latency-scalar-thp-locked-core-rep3.csv,stat-scalar-thp-locked-core-rep3.csv
3,scalar,hugetlb,default,dtlb,2000,256,14,88,6.465559579432011,3200692,601,1,0,3232170.1,3224708,3295580,3409033,3817359,4012746,524.9,470,691,1042,1413,4870,3232694.9,3225239,3296111,3409795,3818281,4014088,2640,0,38912,0,0,0,14181463.616,25241073.9665,1.7798638173017756,,,,,,,,,25.501,1.3665,,,,,,100.0,latency-scalar-hugetlb-default-dtlb-rep3.csv,stat-scalar-hugetlb-default-dtlb-rep3.csv
3,scalar,hugetlb,locked,l1d,2000,256,14,88,6.472569137811661,3272316,912,0,0,3235693.5,3224518,3303826,3463145,3591486,4006915,503.5,451,661,1082,1372,1713,3236197.0,3225108,3304447,3464507,3592117,4008107,3400,0,38912,0,1276,3392,14186498.6625,25241073.976,1.7792321119178762,,,9719122.9245,643717.5085,0.06623205751182698,,,,,,,,,,,100.0,latency-scalar-hugetlb-locked-l1d-rep3.csv,stat-scalar-hugetlb-locked-l1d-rep3.csv
3,scalar,base,prefault,l1d,2000,256,14,88,6.4120743200182915,3195713,871,0,0,3205376.0,3197667,3268520,3585875,3939889,6477017,587.0,541,821,1293,1753,7023,3205963.0,3198278,3269312,3587087,3941622,6477679,57860,38912,0,0,0,0,13979432.121,25242097.964,1.8056597539524617,,,9689724.0565,643497.7645,0.06641032920522982,,,,,,,,,,,100.0,latency-scalar-base-prefault-l1d-rep3.csv,stat-scalar-base-prefault-l1d-rep3.csv
3,oxiblas,hugetlb,locked,faults,2000,256,14,88,2.216415051370859,1289939,721,0,0,1107436.4,1087960,1184180,1318774,1620158,1875146,502.5,461,601,912,1432,1904,1107938.9,1088471,1184711,1319435,1620739,1876579,3412,0,38912,0,1288,3404,,,,,,,,,,,,,,0,0,0,18,0,100.0,latency-oxiblas-hugetlb-locked-faults-rep3.csv,stat-oxiblas-hugetlb-locked-faults-rep3.csv
3,oxiblas,hugetlb,default,faults,2000,256,14,88,2.2363436594605446,1345453,752,1,0,1117580.2,1098090,1177558,1470458,1720947,1803652,502.2,461,611,992,1422,1593,1118082.4,1098581,1177939,1471199,1722220,1804604,2640,0,38912,0,0,0,,,,,,,,,,,,,,0,0,0,10,0,100.0,latency-oxiblas-hugetlb-default-faults-rep3.csv,stat-oxiblas-hugetlb-default-faults-rep3.csv
3,scalar,thp,locked,faults,2000,256,14,88,6.367547610774636,3260445,1363,0,0,3183138.0,3173221,3258311,3388575,3694970,3955117,546.2,491,761,1092,1523,1804,3183684.2,3173622,3259092,3389427,3695962,3956921,57860,38912,0,0,55736,57852,,,,,,,,,,,,,,0,0,0,65,0,100.0,latency-scalar-thp-locked-faults-rep3.csv,stat-scalar-thp-locked-faults-rep3.csv
3,oxiblas,base,locked,faults,2000,256,14,88,2.2425228860229254,1262057,731,0,0,1120658.9,1099872,1186375,1369709,1681674,1916544,528.5,511,641,922,1262,1503,1121187.4,1100413,1186826,1370340,1682455,1917867,57872,38912,0,0,55748,57864,,,,,,,,,,,,,,27,27,0,45,0,100.0,latency-oxiblas-base-locked-faults-rep3.csv,stat-oxiblas-base-locked-faults-rep3.csv
3,scalar,base,prefault,dtlb,2000,256,14,88,6.346912499517202,3167210,731,0,0,3172890.5,3169203,3244154,3390489,3563182,3611964,507.8,461,641,1042,1413,1694,3173398.2,3169624,3244685,3391170,3563944,3612816,57860,38912,0,0,0,0,13902793.9765,25242097.954,1.815613321801856,,,,,,,,,1617.9145,66.3325,,,,,,100.0,latency-scalar-base-prefault-dtlb-rep3.csv,stat-scalar-base-prefault-dtlb-rep3.csv
3,oxiblas,base,locked,l2,2000,256,14,88,2.2155400700867176,1191174,661,0,0,1107111.4,1092038,1166988,1322580,1570244,1833668,570.6,541,692,1052,1503,7404,1107682.0,1092579,1167830,1323201,1571527,1835031,57872,38912,0,0,55748,57864,4796253.9235,12380992.4425,2.58138802489947,,,,,,646801.722,21165.549,0.03272339618168178,,,,,,,,100.0,latency-oxiblas-base-locked-l2-rep3.csv,stat-oxiblas-base-locked-l2-rep3.csv
3,scalar,thp,prefault,dtlb,2000,256,14,88,6.378361232578754,3321960,1052,0,0,3188511.0,3175155,3269833,3425144,3784387,3863335,553.0,481,791,1242,1643,2786,3189064.0,3175686,3270484,3425885,3785048,3865138,57860,38912,0,0,0,0,13979216.0465,25242097.989,1.8056876655339986,,,,,,,,,1833.9695,237.3615,,,,,,100.0,latency-scalar-thp-prefault-dtlb-rep3.csv,stat-scalar-thp-prefault-dtlb-rep3.csv
3,oxiblas,hugetlb,prefault,l2,2000,256,14,88,2.243341589346528,1307903,612,0,0,1121062.0,1097438,1206142,1504051,1741346,1887891,501.3,461,592,981,1283,7384,1121563.3,1097889,1206673,1504602,1741907,1889033,3412,0,38912,0,0,0,4855989.1895,12379968.426,2.549422567243135,,,,,,646656.624,34720.9405,0.05369300987783587,,,,,,,,100.0,latency-oxiblas-hugetlb-prefault-l2-rep3.csv,stat-oxiblas-hugetlb-prefault-l2-rep3.csv
3,oxiblas,thp,default,l1d,2000,256,14,88,2.205171411857009,1291783,731,1,0,1101936.7,1089743,1150918,1297163,1511295,1720717,557.3,521,721,1052,1453,6292,1102494.0,1090325,1151890,1297964,1511976,1722170,56768,38912,0,0,0,0,4775712.8545,12380992.4005,2.5924909595085457,,,3283162.954,644998.8575,0.19645654709711372,,,,,,,,,,,100.0,latency-oxiblas-thp-default-l1d-rep3.csv,stat-oxiblas-thp-default-l1d-rep3.csv
3,oxiblas,hugetlb,default,core,2000,256,14,88,2.2419499289244413,1363137,822,1,0,1120437.6,1111063,1166879,1293005,1486247,1842155,462.7,441,531,852,1152,7214,1120900.3,1111564,1167330,1293436,1486949,1843447,2656,0,38912,0,0,0,4858610.879,12379968.412,2.5480469048280825,2466209.3165,0.00041350261438767864,,,,,,,,,,,,,,100.0,latency-oxiblas-hugetlb-default-core-rep3.csv,stat-oxiblas-hugetlb-default-core-rep3.csv
3,oxiblas,hugetlb,locked,l1d,2000,256,14,88,2.251265525817871,1315377,621,0,0,1125023.0,1106816,1184241,1541481,1650856,1941061,503.2,461,591,931,1252,1623,1125526.2,1107277,1184772,1542252,1651488,1942353,3412,0,38912,0,1288,3404,4873456.933,12379968.433,2.5402847718157933,,,3059425.733,645825.4325,0.21109367863841524,,,,,,,,,,,100.0,latency-oxiblas-hugetlb-locked-l1d-rep3.csv,stat-oxiblas-hugetlb-locked-l1d-rep3.csv
3,oxiblas,thp,default,core,2000,256,14,88,2.1967957820743322,1310798,642,1,0,1097769.1,1083582,1162079,1280332,1418560,1907597,532.7,471,731,1042,1412,2595,1098301.8,1083973,1162640,1281614,1419602,1908930,56836,38912,0,0,0,0,4762020.2925,12380992.453,2.599945336751208,2466209.3215,0.00041208951370837643,,,,,,,,,,,,,,100.0,latency-oxiblas-thp-default-core-rep3.csv,stat-oxiblas-thp-default-core-rep3.csv
3,scalar,base,prefault,l2,2000,256,14,88,6.35218215547502,3307273,1153,0,0,3175462.8,3167320,3238353,3348439,3849028,6477808,539.1,471,751,1132,1713,2194,3176001.9,3167831,3238964,3349441,3849790,6480002,57860,38912,0,0,0,0,13909526.4455,25242097.9875,1.8147345336595773,,,,,,644134.42,23479.136,0.03645067748436732,,,,,,,,100.0,latency-scalar-base-prefault-l2-rep3.csv,stat-scalar-base-prefault-l2-rep3.csv
3,scalar,hugetlb,locked,dtlb,2000,256,14,88,6.457449635490775,3188970,691,0,0,3228140.0,3214589,3305900,3530792,3750543,4090772,534.9,471,711,1163,1713,1973,3228674.9,3215040,3306461,3531383,3751465,4092064,3400,0,38912,0,1276,3392,14145842.3665,25241073.9875,1.7843457698408673,,,,,,,,,26.5555,1.5025,,,,,,100.0,latency-scalar-hugetlb-locked-dtlb-rep3.csv,stat-scalar-hugetlb-locked-dtlb-rep3.csv
3,oxiblas,hugetlb,prefault,l1d,2000,256,14,88,2.220722496509552,1389857,872,0,0,1109774.7,1094582,1164614,1316449,1647760,2009459,515.1,471,612,972,1252,1523,1110289.8,1095103,1165225,1317160,1648752,2010711,3412,0,38912,0,0,0,4814601.6725,12379968.41,2.5713380362724076,,,3058467.771,644514.695,0.2107312364417261,,,,,,,,,,,100.0,latency-oxiblas-hugetlb-prefault-l1d-rep3.csv,stat-oxiblas-hugetlb-prefault-l1d-rep3.csv
3,oxiblas,base,prefault,dtlb,2000,256,14,88,2.2404999807476997,1284539,661,0,0,1119580.5,1097218,1191915,1483031,1645606,1690290,582.5,541,832,1032,1503,2755,1120163.0,1097849,1192556,1483742,1647039,1691793,57872,38912,0,0,0,0,4843477.2085,12380992.4105,2.556219814304511,,,,,,,,,2119.0145,113.814,,,,,,100.0,latency-oxiblas-base-prefault-dtlb-rep3.csv,stat-oxiblas-base-prefault-dtlb-rep3.csv
3,scalar,base,default,l2,2000,256,14,88,6.369150465354323,3210371,882,1,0,3183933.2,3174323,3255325,3406870,3914992,4169710,560.7,531,721,1172,1773,1813,3184493.9,3174844,3255996,3408683,3915773,4170261,56880,40960,0,0,0,0,13949268.676,25242098.0995,1.8095642636039797,,,,,,644350.9885,22791.7355,0.03537161563615728,,,,,,,,100.0,latency-scalar-base-default-l2-rep3.csv,stat-scalar-base-default-l2-rep3.csv
3,oxiblas,hugetlb,default,l1d,2000,256,14,88,2.1993150152266026,1320356,841,1,0,1099092.8,1087670,1150518,1256527,1374688,1660524,469.6,450,531,852,1183,1312,1099562.3,1088120,1151059,1256998,1375630,1661707,2532,0,38912,0,0,0,4769698.2685,12379968.4455,2.5955454094988943,,,3060417.35,644867.8415,0.21071238584502208,,,,,,,,,,,100.0,latency-oxiblas-hugetlb-default-l1d-rep3.csv,stat-oxiblas-hugetlb-default-l1d-rep3.csv
3,scalar,hugetlb,prefault,l1d,2000,256,14,88,6.500651180744171,3218586,641,0,0,3249728.4,3239676,3325066,3514021,3813532,3946672,524.6,491,671,1082,1543,1733,3250252.9,3240126,3325617,3514802,3814244,3947864,3400,0,38912,0,0,0,14191819.7375,25241073.99,1.7785650083550464,,,9718782.9335,643512.077,0.0662132369251562,,,,,,,,,,,100.0,latency-scalar-hugetlb-prefault-l1d-rep3.csv,stat-scalar-hugetlb-prefault-l1d-rep3.csv
3,oxiblas,thp,prefault,faults,2000,256,14,88,2.232728458940983,1566778,992,0,0,1115791.2,1096156,1181326,1420464,1646348,1693016,504.8,471,591,962,1403,1533,1116296.1,1096647,1181766,1421166,1647099,1694078,57872,38912,0,0,0,0,,,,,,,,,,,,,,0,0,0,21,0,100.0,latency-oxiblas-thp-prefault-faults-rep3.csv,stat-oxiblas-thp-prefault-faults-rep3.csv
3,scalar,base,prefault,core,2000,256,14,88,6.373680911958218,3302904,1673,0,0,3186239.8,3175065,3259292,3417779,3627884,3658181,524.9,471,721,1112,1573,1873,3186764.8,3175515,3259903,3418741,3628605,3659453,57860,40960,0,0,0,0,13952502.9095,25242097.9575,1.8091447908111973,3277251.862,0.000308576680274688,,,,,,,,,,,,,,100.0,latency-scalar-base-prefault-core-rep3.csv,stat-scalar-base-prefault-core-rep3.csv
3,oxiblas,thp,default,l2,2000,256,14,88,2.1903855726122856,1240697,741,1,0,1094569.4,1075547,1150999,1360532,1731367,1798553,548.2,531,642,1022,1523,1703,1095117.5,1076018,1151489,1361323,1732489,1799325,56852,38912,0,0,0,0,4741445.3245,12380992.4155,2.61122749882297,,,,,,646856.186,21171.301,0.032729533176328006,,,,,,,,100.0,latency-oxiblas-thp-default-l2-rep3.csv,stat-oxiblas-thp-default-l2-rep3.csv
3,oxiblas,hugetlb,prefault,faults,2000,256,14,88,2.2331280894577503,1372914,711,0,0,1115987.3,1105834,1166828,1267447,1414463,1709296,510.7,461,571,872,1303,17372,1116497.9,1106415,1167319,1267988,1415224,1710478,3412,0,38912,0,0,0,,,,,,,,,,,,,,0,0,0,10,0,100.0,latency-oxiblas-hugetlb-prefault-faults-rep3.csv,stat-oxiblas-hugetlb-prefault-faults-rep3.csv
3,scalar,hugetlb,prefault,faults,2000,256,14,88,6.451963854953647,3188610,712,0,0,3225423.6,3214188,3289990,3429713,3721309,6563118,484.4,451,621,942,1573,1673,3225908.0,3214719,3290511,3430344,3722091,6563499,3400,0,38912,0,0,0,,,,,,,,,,,,,,0,0,0,60,0,100.0,latency-scalar-hugetlb-prefault-faults-rep3.csv,stat-scalar-hugetlb-prefault-faults-rep3.csv
3,scalar,thp,default,faults,2000,256,14,88,6.379888355731964,3198138,851,1,0,3189314.3,3188901,3257810,3398183,3598459,3639967,557.0,521,782,1152,1633,5781,3189871.3,3189492,3258641,3398974,3599451,3640748,56872,38912,0,0,0,0,,,,,,,,,,,,,,0,0,0,71,0,100.0,latency-scalar-thp-default-faults-rep3.csv,stat-scalar-thp-default-faults-rep3.csv
3,scalar,thp,prefault,core,2000,256,14,88,6.4017333798110485,3222964,761,0,0,3200220.7,3191976,3276014,3465199,3992918,4269627,536.5,481,731,1142,1693,1803,3200757.1,3192437,3276675,3465760,3993650,4270519,57860,38912,0,0,0,0,13991383.0435,25242097.984,1.8041174275281358,3277251.8705,0.000310256593078051,,,,,,,,,,,,,,100.0,latency-scalar-thp-prefault-core-rep3.csv,stat-scalar-thp-prefault-core-rep3.csv
3,scalar,hugetlb,default,core,2000,256,14,88,6.452175015583634,3212895,541,1,0,3225513.4,3216192,3291583,3458496,3721209,3760262,501.1,461,621,962,1443,1684,3226014.5,3216703,3292053,3459828,3721840,3760843,2632,0,38912,0,0,0,14120662.548,25241073.9905,1.787527596860181,3277251.877,0.0003091820641285424,,,,,,,,,,,,,,100.0,latency-scalar-hugetlb-default-core-rep3.csv,stat-scalar-hugetlb-default-core-rep3.csv
3,oxiblas,base,locked,l1d,2000,256,14,88,2.2264281511306763,1239725,622,0,0,1112601.7,1096166,1191866,1341446,1624727,1686122,524.2,481,632,952,1633,2093,1113125.9,1096647,1192417,1342107,1625358,1687775,57872,38912,0,0,55748,57864,4816080.1555,12380992.7285,2.570761351295371,,,3283318.4625,645760.61,0.19667924917289378,,,,,,,,,,,100.0,latency-oxiblas-base-locked-l1d-rep3.csv,stat-oxiblas-base-locked-l1d-rep3.csv
3,scalar,hugetlb,locked,core,2000,256,14,88,6.442733120173216,3347237,1032,0,0,3220803.0,3212825,3287265,3433650,3928437,4066256,468.5,441,571,932,1403,2996,3221271.5,3213266,3287776,3434561,3929098,4067227,3400,0,38912,0,1276,3392,14119009.9225,25241073.9835,1.7877368258857813,3277251.876,0.0003082687990503419,,,,,,,,,,,,,,100.0,latency-scalar-hugetlb-locked-core-rep3.csv,stat-scalar-hugetlb-locked-core-rep3.csv
3,oxiblas,base,prefault,core,2000,256,14,88,2.2355381175875664,1287264,761,0,0,1117083.9,1093531,1198107,1481960,1662949,1950628,534.1,481,672,1042,1403,1583,1117618.0,1094002,1198678,1482461,1664031,1952011,57872,40960,0,0,0,0,4838993.4225,12380992.42,2.558588396180032,2466209.3185,0.00041738732080782217,,,,,,,,,,,,,,100.0,latency-oxiblas-base-prefault-core-rep3.csv,stat-oxiblas-base-prefault-core-rep3.csv
3,scalar,base,default,l1d,2000,256,14,88,6.372428180649877,3196925,921,1,0,3185449.4,3180415,3253241,3477572,3877753,4138091,546.5,491,732,1162,1543,2234,3185995.9,3180926,3253952,3478193,3879396,4139513,56848,38912,0,0,0,0,13944785.6575,25242097.939,1.8101459971472496,,,9691605.196,643577.6185,0.06640567846961232,,,,,,,,,,,100.0,latency-scalar-base-default-l1d-rep3.csv,stat-scalar-base-default-l1d-rep3.csv
3,scalar,base,locked,l2,2000,256,14,88,6.399989260360599,3285352,952,0,0,3199320.4,3185033,3277146,3457664,3838629,4122351,569.5,531,792,1173,1934,5680,3199889.8,3185494,3277828,3458396,3839931,4124285,57860,38912,0,0,55736,57852,14017701.6965,25242097.982,1.800730143109163,,,,,,644469.2055,23146.3915,0.0359154344419642,,,,,,,,100.0,latency-scalar-base-locked-l2-rep3.csv,stat-scalar-base-locked-l2-rep3.csv
3,scalar,thp,prefault,l1d,2000,256,14,88,6.387274978682399,3192998,691,0,0,3192982.3,3174994,3273109,3522897,3804315,6474052,529.8,471,691,1192,1473,7644,3193512.1,3175726,3273560,3524169,3805677,6474603,57860,38912,0,0,0,0,13982538.513,25242098.065,1.8052586117700757,,,9689232.1275,643511.1395,0.06641508130180773,,,,,,,,,,,100.0,latency-scalar-thp-prefault-l1d-rep3.csv,stat-scalar-thp-prefault-l1d-rep3.csv
3,scalar,hugetlb,prefault,l2,2000,256,14,88,6.464348670095205,3272517,721,0,0,3231569.6,3231220,3287455,3404305,3617915,3648513,490.7,451,601,932,1343,1483,3232060.3,3231711,3288077,3404816,3618536,3649084,3400,0,38912,0,0,0,14118363.5445,25241073.9755,1.7878186728895362,,,,,,643956.6855,33231.2305,0.05160476045713792,,,,,,,,100.0,latency-scalar-hugetlb-prefault-l2-rep3.csv,stat-scalar-hugetlb-prefault-l2-rep3.csv
3,scalar,hugetlb,default,l2,2000,256,14,88,6.515172071754932,3237141,702,1,0,3256917.1,3254333,3328593,3512167,3660615,3777114,530.1,501,701,1012,1433,5681,3257447.3,3254794,3329114,3512858,3661827,3778386,2672,0,38912,0,0,0,14211803.385,25241073.986,1.7760641139069628,,,,,,644511.897,33344.183,0.051735558575732546,,,,,,,,100.0,latency-scalar-hugetlb-default-l2-rep3.csv,stat-scalar-hugetlb-default-l2-rep3.csv
3,scalar,hugetlb,default,l1d,2000,256,14,88,6.516371764242649,3185114,722,1,0,3257525.6,3247300,3327110,3582208,4128783,4172074,531.2,511,682,1152,1583,1764,3258056.8,3247811,3328001,3582829,4129895,4173376,2632,0,38912,0,0,0,14216848.127,25241073.9805,1.775433890481202,,,9718777.2395,643569.5075,0.0662191849489401,,,,,,,,,,,100.0,latency-scalar-hugetlb-default-l1d-rep3.csv,stat-scalar-hugetlb-default-l1d-rep3.csv
3,oxiblas,hugetlb,default,l2,2000,256,14,88,2.2172982040792704,1304336,711,1,0,1108073.7,1089944,1172299,1413391,1606643,1746085,472.1,450,551,871,1302,1362,1108545.8,1090375,1172760,1413862,1608005,1747387,2660,0,38912,0,0,0,4799894.681,12379968.4195,2.579216679171132,,,,,,646532.165,34406.6915,0.053217292754491184,,,,,,,,100.0,latency-oxiblas-hugetlb-default-l2-rep3.csv,stat-oxiblas-hugetlb-default-l2-rep3.csv
3,oxiblas,base,locked,core,2000,256,14,88,2.2561943233013153,1118448,832,0,0,1127476.7,1108408,1206884,1344421,1714576,1980504,529.7,491,641,1012,1673,2324,1128006.4,1108990,1207615,1345072,1715437,1982197,57872,38912,0,0,55748,57864,4876045.5525,12380992.6975,2.539146233191389,2466209.602,0.0004126299723976178,,,,,,,,,,,,,,100.0,latency-oxiblas-base-locked-core-rep3.csv,stat-oxiblas-base-locked-core-rep3.csv
3,scalar,base,locked,dtlb,2000,256,14,88,6.382584221661091,3164184,741,0,0,3190606.5,3184893,3261135,3404014,3590704,3757076,547.3,521,692,1092,1562,2425,3191153.8,3185384,3261666,3405076,3591396,3758438,57860,38912,0,0,55736,57852,13971090.9525,25242097.9645,1.8067377880739626,,,,,,,,,2120.059,977.721,,,,,,100.0,latency-scalar-base-locked-dtlb-rep3.csv,stat-scalar-base-locked-dtlb-rep3.csv
3,scalar,thp,locked,l2,2000,256,14,88,6.3968283999711275,3176787,982,0,0,3197672.4,3187338,3266776,3471641,3750183,4049605,600.4,561,831,1293,1744,2505,3198272.8,3187769,3267538,3472923,3751866,4050647,57860,38912,0,0,55736,57852,13989657.1385,25242097.9545,1.8043399995152782,,,,,,644497.4855,28064.7275,0.043545131100437784,,,,,,,,100.0,latency-scalar-thp-locked-l2-rep3.csv,stat-scalar-thp-locked-l2-rep3.csv
3,scalar,base,locked,l1d,2000,256,14,88,6.384215917438269,3132705,751,0,0,3191430.6,3181276,3270804,3452755,3608748,3651959,567.5,480,832,1393,1854,7023,3191998.1,3181777,3271285,3453927,3609379,3653111,57860,38912,0,0,55736,57852,13961602.9535,25242097.983,1.8079656087535507,,,9691502.613,643924.9485,0.06644221997487275,,,,,,,,,,,100.0,latency-scalar-base-locked-l1d-rep3.csv,stat-scalar-base-locked-l1d-rep3.csv
3,oxiblas,thp,prefault,dtlb,2000,256,14,88,2.2110130321234465,1261576,831,0,0,1104799.5,1089413,1169434,1302122,1527585,4454484,592.9,551,811,1072,1363,1503,1105392.5,1090004,1170084,1302663,1528166,4455085,57872,40960,0,0,0,0,4779596.157,12380992.4095,2.590384627238288,,,,,,,,,1725.979,83.017,,,,,,100.0,latency-oxiblas-thp-prefault-dtlb-rep3.csv,stat-oxiblas-thp-prefault-dtlb-rep3.csv
3,oxiblas,thp,locked,faults,2000,256,14,88,2.2386948131024837,1165065,682,0,0,1118766.5,1101195,1176006,1497549,1819773,2288031,500.6,461,641,992,1763,8276,1119267.1,1101666,1176517,1498180,1820505,2289794,57872,36864,0,0,55748,57864,,,,,,,,,,,,,,0,0,0,11,0,100.0,latency-oxiblas-thp-locked-faults-rep3.csv,stat-oxiblas-thp-locked-faults-rep3.csv
3,scalar,thp,default,core,2000,256,14,88,6.390141125768423,3235678,1293,1,0,3194336.2,3185344,3272377,3487981,3711931,3902368,565.4,521,791,1323,1803,6883,3194901.6,3185875,3273008,3490055,3713614,3904051,56808,38912,0,0,0,0,13987947.969,25242097.9635,1.8045604701591238,3277251.862,0.00031003537194725377,,,,,,,,,,,,,,100.0,latency-scalar-thp-default-core-rep3.csv,stat-scalar-thp-default-core-rep3.csv
3,oxiblas,thp,locked,l2,2000,256,14,88,2.217441899701953,1217924,731,0,0,1108038.6,1090826,1176015,1403963,1615389,1863504,579.0,541,751,1082,1363,1704,1108617.5,1091446,1176536,1405136,1616311,1864867,57872,38912,0,0,55748,57864,4803816.0795,12380992.4335,2.5773244080544946,,,,,,646189.154,20979.751,0.03246688817064237,,,,,,,,100.0,latency-oxiblas-thp-locked-l2-rep3.csv,stat-oxiblas-thp-locked-l2-rep3.csv
3,oxiblas,base,default,l2,2000,256,14,88,2.2139830086380243,1420865,1332,1,0,1106339.0,1093440,1157591,1301140,1724214,1740845,563.5,531,702,1032,1683,11101,1106902.6,1094002,1158193,1302102,1725897,1741726,56840,38912,0,0,0,0,4795065.0255,12380992.4085,2.582028052311759,,,,,,646848.7135,21643.642,0.03346012993191182,,,,,,,,100.0,latency-oxiblas-base-default-l2-rep3.csv,stat-oxiblas-base-default-l2-rep3.csv
3,oxiblas,base,default,faults,2000,256,14,88,2.231996575370431,1330746,642,1,0,1115352.2,1102077,1172328,1291332,1352576,1654002,542.9,521,692,1041,1202,1523,1115895.1,1102617,1172830,1292153,1353127,1655154,56824,38912,0,0,0,0,,,,,,,,,,,,,,0,0,0,14,0,100.0,latency-oxiblas-base-default-faults-rep3.csv,stat-oxiblas-base-default-faults-rep3.csv
3,scalar,hugetlb,default,faults,2000,256,14,88,6.451453233137727,3207275,641,1,0,3225102.4,3216001,3297233,3424091,3635048,3907628,503.1,461,632,1032,1573,2004,3225605.5,3216442,3297704,3424883,3635679,3909201,2636,0,38912,0,0,0,,,,,,,,,,,,,,0,0,0,74,0,100.0,latency-scalar-hugetlb-default-faults-rep3.csv,stat-scalar-hugetlb-default-faults-rep3.csv
3,oxiblas,thp,default,dtlb,2000,256,14,88,2.211075833067298,1339723,622,1,0,1104882.7,1090946,1165376,1331828,1597436,1686583,571.5,541,721,1032,1833,26460,1105454.3,1091607,1166547,1332419,1598318,1687365,56888,40960,0,0,0,0,4782928.291,12380992.411,2.5885799781479517,,,,,,,,,1912.446,76.014,,,,,,100.0,latency-oxiblas-thp-default-dtlb-rep3.csv,stat-oxiblas-thp-default-dtlb-rep3.csv
3,scalar,base,default,dtlb,2000,256,14,88,6.363850750029087,3224307,952,1,0,3181243.5,3166960,3262469,3500134,3746636,3858907,564.1,511,821,1383,2214,2355,3181807.6,3167610,3263360,3500745,3748600,3859929,56908,38912,0,0,0,0,13926795.1235,25242098.217,1.8124843507180355,,,,,,,,,1652.1895,93.5945,,,,,,100.0,latency-scalar-base-default-dtlb-rep3.csv,stat-scalar-base-default-dtlb-rep3.csv
3,scalar,thp,locked,dtlb,2000,256,14,88,6.415683563798666,3202787,852,0,0,3207076.4,3200893,3276325,3550228,3880257,4077287,605.4,561,842,1212,1763,2144,3207681.8,3201464,3276876,3550959,3881630,4078038,57860,38912,0,0,55736,57852,13993885.963,25242097.9555,1.8037947445220295,,,,,,,,,1882.6935,293.3175,,,,,,100.0,latency-scalar-thp-locked-dtlb-rep3.csv,stat-scalar-thp-locked-dtlb-rep3.csv
3,oxiblas,hugetlb,prefault,core,2000,256,14,88,2.2140651531517506,1317491,691,0,0,1106432.0,1091467,1172710,1312762,1596344,1625569,500.5,461,591,942,1353,1613,1106932.6,1091978,1173160,1313283,1597647,1625950,3412,0,38912,0,0,0,4787292.058,12379968.4085,2.586006506081439,2466209.313,0.00041108858629956846,,,,,,,,,,,,,,100.0,latency-oxiblas-hugetlb-prefault-core-rep3.csv,stat-oxiblas-hugetlb-prefault-core-rep3.csv
3,oxiblas,thp,locked,dtlb,2000,256,14,88,2.2354671973735094,1262167,652,0,0,1117042.0,1104462,1170796,1338420,1568421,1643803,603.0,561,802,1082,1402,1603,1117645.0,1104962,1171417,1339141,1569062,1645075,57872,38912,0,0,55748,57864,4837752.651,12380992.427,2.5592446162870184,,,,,,,,,2090.6115,100.9495,,,,,,100.0,latency-oxiblas-thp-locked-dtlb-rep3.csv,stat-oxiblas-thp-locked-dtlb-rep3.csv
3,oxiblas,base,locked,dtlb,2000,256,14,88,2.227472212165594,1331838,781,0,0,1113041.5,1095956,1178460,1331297,1556188,1927885,596.4,541,731,1092,7634,25037,1113637.9,1096497,1179021,1332208,1557050,1929268,57872,38912,0,0,55748,57864,4819226.229,12380992.4085,2.569083047813068,,,,,,,,,2073.9685,88.973,,,,,,100.0,latency-oxiblas-base-locked-dtlb-rep3.csv,stat-oxiblas-base-locked-dtlb-rep3.csv
3,scalar,hugetlb,prefault,core,2000,256,14,88,6.4871988501399755,3261296,952,0,0,3242953.2,3228444,3314215,3486208,3636831,6560503,489.7,451,621,932,1243,1443,3243442.9,3228955,3314717,3486919,3637652,6561365,3400,0,38912,0,0,0,14190738.039,25241073.9675,1.7787005790770485,3277251.872,0.000308370408949758,,,,,,,,,,,,,,100.0,latency-scalar-hugetlb-prefault-core-rep3.csv,stat-scalar-hugetlb-prefault-core-rep3.csv
3,scalar,thp,locked,l1d,2000,256,14,88,6.42916407994926,3172480,782,0,0,3213861.4,3208247,3282967,3541341,3804264,4344618,602.2,551,852,1312,2043,6803,3214463.7,3208738,3283538,3542103,3805246,4345299,57860,38912,0,0,55736,57852,13999997.4815,25242098.238,1.803007341348142,,,9689950.836,643957.166,0.06645618506211376,,,,,,,,,,,100.0,latency-scalar-thp-locked-l1d-rep3.csv,stat-scalar-thp-locked-l1d-rep3.csv
3,scalar,hugetlb,locked,l2,2000,256,14,88,6.475562633946538,3236600,1252,0,0,3237202.4,3224057,3314175,3477261,3855220,4171573,485.6,441,632,1162,1663,1743,3237688.0,3224547,3314777,3478434,3855942,4172735,3400,0,38912,0,1276,3392,14185534.4375,25241073.957,1.779353049277739,,,,,,644348.3855,33803.051,0.05246082982542059,,,,,,,,100.0,latency-scalar-hugetlb-locked-l2-rep3.csv,stat-scalar-hugetlb-locked-l2-rep3.csv
3,oxiblas,base,default,l1d,2000,256,14,88,2.2405876703560352,1243893,641,1,0,1119643.9,1102217,1182488,1434300,1697994,1722481,546.2,521,661,1032,1623,7915,1120190.1,1102658,1182979,1435232,1698786,1723352,56880,38912,0,0,0,0,4849551.6115,12380992.3955,2.553017966885906,,,3283974.844,645480.0315,0.19655449939859526,,,,,,,,,,,100.0,latency-oxiblas-base-default-l1d-rep3.csv,stat-oxiblas-base-default-l1d-rep3.csv
